contact_id,customer_id,contact_name,email,phone,role,active_flag
1,2,James Webster,shannonrussell@example.net,563-411-3030,Technical,False
2,2,Jessica Welch,carolyn78@example.com,931-935-8419x008,Technical,True
3,3,Margaret Gaines,jeffreylove@example.com,370-567-5654,Decision Maker,True
4,4,Cameron Craig,dianejimenez@example.org,876-480-9228,Decision Maker,False
5,4,Travis Hogan,eric12@example.net,+1-293-330-1775,Decision Maker,False
6,4,Sarah Hernandez,anthony50@example.org,(781)257-6128x201,Finance,True
7,4,Chelsea Byrd,rmontgomery@example.com,+1-716-648-2126,Decision Maker,True
8,6,Dennis Becker,timothy73@example.com,665-766-6678,Decision Maker,False
9,6,Paul Perez,lewismartha@example.org,440.657.1701x50668,Finance,True
10,6,Amanda Ferguson,alexis64@example.net,301-299-3719x220,Decision Maker,True
11,6,Laura Brown,xtanner@example.org,001-601-425-2683x15405,Decision Maker,True
12,6,Matthew Ball,lisa46@example.com,(531)910-3822,Decision Maker,True
13,7,John French,nicholas20@example.net,+1-596-782-8700x460,Decision Maker,True
14,8,David Gonzalez,sharoncook@example.com,001-855-995-5821,Procurement,False
15,8,David Garcia,lewisnicole@example.org,996.654.8806x908,Finance,True
16,8,Kristin Thomas,thomasarthur@example.org,680.427.1848x74887,Procurement,False
17,8,Andrea Wood,lisacraig@,642-519-6479x3224,Finance,True
18,10,Gary Walker,richardhughes@example.com,504-418-0843x41115,Technical,True
19,12,Regina Perez,megan77@example.net,478.972.1455,Technical,True
20,12,Angela Miller,mcgeepaul@example.org,001-435-582-6424x0002,Finance,True
21,12,Nicole Aguilar,adam87@example.net,+1-582-867-7541x0477,Finance,False
22,12,Richard Frost,amber73@example.org,001-544-991-8005,Technical,True
23,12,Cindy Thomas,brian37@example.net,+1-505-277-1538,Technical,True
24,13,Robert Brooks,robertsandrew@example.com,785.541.8803x12171,Finance,True
25,13,David Barker,meganlee@example.com,(906)277-4442x5496,Decision Maker,False
26,13,Wayne Tanner,wschmitt@,546-639-1029,Technical,False
27,13,Elizabeth Johnson,antonio81@example.net,+1-426-513-2859x1719,Procurement,True
28,14,Christina Knox,hallen@example.net,(214)436-4329x04561,Decision Maker,False
29,14,Sarah Bullock,charles94@example.net,560.725.5330x257,Decision Maker,True
30,15,Christine Medina,jenniferroberts@example.net,001-580-958-2226x3015,Decision Maker,False
31,15,Garrett Dean,mark32example.com,239-533-1405,Finance,True
32,15,Rebecca Bell,isingh@example.org,(518)673-6370,Finance,False
33,16,Charles Parsons,fgriffin@example.org,+1-436-267-7739x545,Decision Maker,False
34,16,Lisa Daniel,jeffrey69@example.com,713.596.1699,Finance,True
35,17,Robert Turner,lisawalker@example.org,719.993.8474x8079,Procurement,True
36,17,Joseph Taylor,jordannicole@example.net,485.418.6056x828,Procurement,True
37,17,Darryl Poole,julieprice@example.org,340-950-3542,Finance,False
38,17,Shelby Jones,daniel35@example.org,(546)632-0149x93054,Finance,False
39,17,Hector Rich,timothy77@example.org,+1-450-227-8572x6863,Procurement,False
40,18,Julie Smith,mcneilkimberly@example.com,208-299-4761x3898,Decision Maker,False
41,18,Michael Hernandez,wjones@example.org,(844)743-3686x151,Technical,False
42,19,Paul Gray,derekstevens@example.com,(509)680-4450,Procurement,False
43,20,Mary Smith,qmartin@example.com,334.327.2210x6973,Technical,False
44,21,Austin Sutton,jenniferdavidson@example.com,(772)254-4990x521,Procurement,False
45,21,Richard Rodriguez,invalid_email,+1-664-720-8005x1330,Decision Maker,True
46,21,Jeffery Reese,davissteven@example.com,561-733-0339x9866,Finance,True
47,21,Stephanie Wiggins,ashley04@example.com,972-345-1204,Decision Maker,False
48,21,Edward Thomas,wfox@example.org,+1-333-660-7345x44732,Decision Maker,False
49,22,Andrea Harper,castanedaadam@example.net,950-628-0432x882,Technical,True
50,22,Jeremy Moss,elizabeth28@example.com,204.351.5397x1382,Decision Maker,False
51,22,Michael Trujillo,cervantesmaria@example.org,+1-715-851-0001x8656,Technical,False
52,23,Christian Herring,weberronald@example.org,2814761214,Finance,False
53,24,Troy Shea,rlee@example.com,8938694789,Finance,True
54,25,Antonio Garcia,cameron43@example.net,463-428-1596x1429,Finance,True
55,25,Joel Hodge,lphillips@example.org,(881)730-6294,Finance,True
56,25,Amanda Savage,rfisher@example.net,001-486-391-2614x771,Decision Maker,True
57,25,Perry Turner,diana22@example.net,(550)516-3977,Procurement,False
58,25,Joseph Clayton,garyhuang@example.net,4619460172,Technical,True
59,26,Jamie Reyes,lauren91@example.com,001-339-570-0337,Finance,False
60,26,Christina Foster,invalid_email,(385)514-5948,Finance,True
61,26,Terri Graves,johnsonkim@example.com,(348)249-4541x38664,Procurement,True
62,26,Edward Rojas,brianrandall@example.org,(409)715-2907x662,Procurement,False
63,26,Edwin Zamora,njohnson@example.org,001-241-342-0510x169,Technical,True
64,28,Jesus Thomas,zbeltran@example.net,663.614.4084x9963,Finance,False
65,28,Lindsey Jones,youngjames@example.com,364-602-0614,Procurement,False
66,29,John Lee,garzamichaelexample.org,821-555-2697x3317,Technical,True
67,29,Adam Smith,olucas@example.org,588.916.3650,Technical,False
68,29,Nicole Strong,zjarvis@example.net,+1-212-592-3846x89858,Technical,False
69,30,Isaac Boyd,meyerscole@example.net,(961)458-8773,Finance,True
70,31,Timothy Ruiz,peter77@,001-408-646-1672x12498,Finance,True
71,31,Jay Cortez,kinggerald@example.com,8114670492,Technical,False
72,31,Jessica Garrison,jesus30@example.net,(591)979-1958x842,Procurement,True
73,32,Renee Hernandez,wmills@example.org,372.439.6524x884,Procurement,True
74,32,Sheryl Hardin,danaerickson@example.org,9148027453,Procurement,False
75,32,Deborah Mccarthy,rlong@example.com,781.954.4941,Technical,True
76,33,Sarah Francis,barbaratrujillo@example.net,+1-484-306-4814x139,Technical,True
77,33,Toni Robinson,dennislisa@example.com,001-891-434-4359,Technical,False
78,33,Robert Carlson,robertbrown@example.org,+1-359-338-4716x15980,Procurement,True
79,33,Martin Ryan,johnsonshannon@example.com,001-630-640-9517x168,Technical,False
80,34,Evan Lewis,invalid_email,516-442-2500,Procurement,False
81,34,Brian Campbell Jr.,alyssanewman@example.net,(565)478-4308,Technical,True
82,36,Victoria Atkins,evelyn83@example.org,001-672-258-7407,Procurement,False
83,36,Travis Gonzales,rodriguezjeremy@example.org,001-839-228-6306,Decision Maker,False
84,36,Kelly Salinas,lauren33@example.com,(444)744-6560,Decision Maker,True
85,36,Tom Harper,kgarcia@example.net,(737)501-0774x58835,Finance,False
86,36,Erica Browning,garyallen@example.net,001-913-233-4948x2205,Finance,False
87,37,Diana Morse,jessesmith@example.net,001-994-928-0993x557,Finance,True
88,38,Dr. Daniel Lopez,matthewsgina@example.org,(364)821-1255,Finance,False
89,38,Joshua Cooper,beardamanda@example.com,7339247652,Technical,True
90,39,Christina White,yvelazquez@example.org,262.915.1344x7991,Procurement,True
91,40,Robert Campbell,devin57@example.net,001-314-887-7345x53421,Procurement,False
92,40,Mr. Sean Arnold Jr.,olambert@example.net,(467)262-1262,Technical,False
93,40,Mrs. Samantha Kirk DDS,qgreen@example.org,(524)617-7694x692,Procurement,True
94,41,Raven Estrada,xjohnson@example.org,414.850.8375x36493,Technical,False
95,41,Kathy Hicks,thompsonalison@example.com,972.351.0258x5992,Finance,True
96,43,Brooke Tucker,anthonysmith@example.com,+1-354-767-5693x38483,Decision Maker,True
97,43,Randy Jones,fbryant@example.com,951.778.2362x49064,Procurement,True
98,43,Michael Smith,bwatson@example.net,001-551-808-1298x6139,Finance,True
99,43,Danielle Williams,fernandezshane@example.org,645.726.0100x649,Procurement,False
100,44,Peter Jones,brownsandra@,239.453.5987,Technical,False
101,44,Lauren Davis,krista43@example.com,001-527-513-1196x328,Procurement,True
102,44,Kathleen Williams,kelseybaileyexample.org,(388)311-8011x5921,Procurement,False
103,44,Julie Hines,stephanie05@example.com,445.905.0059x29281,Finance,False
104,45,Melissa Joyce,richard71@example.net,(347)711-3588x455,Procurement,False
105,45,David Wolfe,johnny95@example.com,001-304-367-7847x515,Technical,False
106,45,Larry Carter,christina46@example.net,281-640-3117,Technical,True
107,45,Karen Brown MD,gbrady@example.net,773.605.1138x441,Finance,True
108,45,Jonathan Cruz,davidrodgers@example.com,(243)904-9025x83153,Finance,True
109,46,Charles Smith,diana62@example.net,001-830-983-1769x30222,Procurement,False
110,46,Joel Taylor,lopezalexander@example.com,001-949-242-3301x5730,Finance,False
111,47,Valerie Lowe,scott56@example.com,376-743-6775x140,Finance,False
112,48,Christopher Dalton,zsandoval@example.org,937-536-4820x817,Finance,True
113,48,Veronica Evans,kbaxter@example.net,381-476-8723x239,Decision Maker,False
114,48,Michael Rogers,pmorrow@example.net,(677)939-3226,Finance,True
115,48,Marvin Silva MD,gmooney@example.com,383.849.3970,Finance,False
116,49,Miguel Hoffman,enash@example.net,+1-242-996-7419x241,Technical,True
117,49,Michael Hopkins,kburton@example.com,5238719441,Procurement,True
118,49,Larry Carney,williamsonrachel@,001-706-664-2957x9268,Decision Maker,False
119,49,Antonio Morrow,moorebrittany@example.com,672-709-9329x357,Technical,True
120,50,Lisa Chan,hernandezlori@example.com,(290)982-2647x710,Technical,False
121,50,Bobby Rivera,mhall@example.org,+1-229-748-0822x766,Finance,True
122,50,Daniel Kelly,invalid_email,873.791.4855x29801,Procurement,False
123,52,Janet Williams,laurajones@,409-636-2222,Procurement,False
124,52,Richard Howell,rebecca67@example.org,326-506-6499x9842,Technical,False
125,52,Aaron Perez,alyssaboyd@example.com,2638524918,Decision Maker,True
126,52,Stanley Robinson,brian71@example.org,+1-441-286-6966x407,Decision Maker,True
127,52,Wendy Davidson,staceywalter@example.com,001-719-505-7764x861,Technical,False
128,53,Amber Ryan,smarshall@example.com,433-362-2177,Technical,True
129,55,Brandon White,tammy16@example.net,9068338240,Procurement,False
130,55,Derrick Young,donna59@example.org,(658)274-4647x8828,Procurement,True
131,55,David Baker,cartertheresa@example.org,(515)692-8308x86746,Technical,True
132,55,Elizabeth Edwards,dennis76@example.com,+1-274-907-8726x32629,Technical,False
133,55,Amanda Johnson,adamguerra@example.com,+1-465-391-4790x7966,Technical,True
134,57,Randy Manning,catherine34@example.com,279-384-1718x17791,Procurement,True
135,57,Dillon Campbell,kwest@example.org,+1-289-662-2749x70164,Finance,False
136,57,Valerie Gonzales,peter55@example.com,735.559.2885,Technical,True
137,57,Renee Larsen,ruth67@example.net,+1-414-719-5579x95520,Decision Maker,False
138,57,Maria Roberts,danielhodges@example.org,001-413-370-5742,Procurement,True
139,58,Deanna Jones,xphillips@example.com,9749821929,Technical,False
140,58,Jeremy Silva,christinerobinson@example.net,001-995-885-9023x8054,Procurement,False
141,58,Dawn French,jbennett@example.com,4686303126,Decision Maker,False
142,59,Travis Moore,ajohnson@example.org,(635)413-5427,Procurement,True
143,59,Michael Koch,jason53@example.net,630.791.5416,Procurement,False
144,59,Jennifer Klein,scott03@,755.581.8279x4820,Finance,True
145,59,Christine Miller,johnsoncolin@example.net,742.324.1941x470,Decision Maker,False
146,60,Jonathan Thompson,rhondasilva@example.net,(366)527-3931,Finance,False
147,61,Paula Adams,lori15@example.com,528.472.3282x81440,Technical,True
148,61,Lauren Adams,anthony63@example.net,(978)899-8529x591,Finance,True
149,61,Jonathan White DVM,michael92@example.org,001-722-347-8864x315,Decision Maker,False
150,61,Stephanie Jackson,william56@example.net,(672)493-4444x447,Procurement,True
151,61,Marie Mendoza,awilson@,300.327.5349,Technical,False
152,63,Julie Hunter,christina98@example.org,349.210.8888,Procurement,False
153,64,Sandra Morris,johnny41@example.net,(675)215-0519,Technical,False
154,64,Thomas Alexander,jenningsallisonexample.com,2098197736,Technical,True
155,64,Thomas Hernandez,scott74@example.org,(788)851-0770x348,Technical,True
156,65,Tina Miller,nlamb@example.org,590.296.0796x8348,Decision Maker,True
157,65,Patrick Soto,llang@example.com,361-757-6071x920,Finance,False
158,65,Jeffrey Parsons,foxamy@example.net,(265)405-3624x28055,Decision Maker,False
159,65,Michael Kim,xphillips@example.org,401.635.8654x77764,Procurement,False
160,66,Eric Shelton,sbanks@,665-407-1435,Technical,False
161,66,Heather Smith,fergusonkylie@example.org,+1-451-877-4561x130,Technical,True
162,66,Brenda Butler,trogers@example.net,(928)291-1260x1402,Decision Maker,True
163,66,Jason Thomas,ymitchell@example.org,924.329.0642x34294,Finance,False
164,66,Nicolas Castro,michelle16@example.org,+1-830-473-5418x33660,Decision Maker,True
165,67,Victoria Holt,nicholas88@example.com,001-800-592-6156x62591,Technical,True
166,67,Rebecca Bradley,bwilliams@example.org,(636)311-4985,Procurement,True
167,68,John Thomas,umoore@example.net,+1-504-547-2367x6926,Decision Maker,True
168,68,Jacob Riley,johnsonjodi@example.com,+1-847-294-7544x990,Procurement,True
169,68,Benjamin Dominguez,james49@example.com,001-945-537-6945x3307,Procurement,False
170,68,Alexis Dodson,smayer@example.com,001-801-338-7902x19858,Procurement,False
171,68,Brian Lopez,whitejennifer@example.net,001-744-931-9292x30765,Decision Maker,True
172,70,Patricia Jensen,fieldsstuart@example.org,489.441.5016x365,Procurement,True
173,70,Christine Brown,hensondavid@example.org,5572223290,Finance,False
174,70,Jack Lee,james48@example.org,001-213-671-3388x03116,Decision Maker,False
175,71,Jason Campbell,fthomas@example.net,837-227-3785,Decision Maker,True
176,72,Craig Hill,frank29@example.com,320.881.4602x2862,Procurement,False
177,72,Lindsay Chambers,john64@,(768)766-4258,Procurement,True
178,72,Nicholas Goodman,gbrown@example.com,656-586-7572,Decision Maker,False
179,73,Teresa Contreras,johnny64@example.com,(886)872-8167,Decision Maker,True
180,74,Sharon Green,gthompson@example.org,(887)663-3477x1929,Technical,False
181,74,John Holder,kenneth03@example.net,(415)495-8409,Technical,True
182,75,Jessica Coleman,chill@example.net,395-805-8418,Finance,True
183,75,Alexander Foley,leslie09@example.net,001-353-811-8283x446,Decision Maker,False
184,75,Angela Lopez,wadestacey@example.net,+1-587-921-4640x423,Technical,False
185,77,Dennis Sanders,pauljones@example.com,+1-202-999-1803x033,Technical,True
186,77,Reginald Franklin,alyssa60@example.com,(870)312-8853x961,Procurement,False
187,79,Mrs. Kristina Johnson,jacobsherman@example.net,845.561.3094x890,Technical,False
188,79,Scott Mills,gmendoza@example.com,450.685.2129,Technical,True
189,79,Ricardo Price,martintaylor@,001-364-736-7001x920,Procurement,False
190,79,Travis Price,fochoa@example.org,(318)562-1717x6269,Finance,True
191,79,Stephanie White,qscott@example.org,5722835232,Finance,False
192,80,Melissa Wells,jasmine42@example.net,+1-780-303-2962x3754,Technical,True
193,80,Carol Parker,kdickson@,001-536-645-0898x484,Technical,False
194,80,Shawn Frank,wongmichael@example.net,455-942-1437,Technical,False
195,80,William Park,lbyrd@,975-492-5123x2976,Finance,False
196,82,Tina Thomas,michael62@example.org,560.859.2331,Finance,False
197,82,Cindy Gonzalez,alan27@example.org,+1-534-319-9088x173,Decision Maker,False
198,84,Jermaine Bowers,jonathan20@example.org,457.782.5745x77271,Decision Maker,False
199,84,Michael Robinson,michael97@example.com,(928)643-5526x666,Finance,True
200,86,William Lopez,patricia85@example.org,275-912-3739,Procurement,True
201,86,Steven Garrison,ccarter@example.org,227.761.0778,Procurement,False
202,86,Cassandra Phillips,elewis@example.com,473-322-1462,Decision Maker,False
203,86,Austin Williams,randolphcathy@example.net,001-681-727-8718,Finance,True
204,86,Katherine Price,langjoshua@example.com,(679)356-2971x034,Technical,True
205,87,Debra Clark,adam86@example.net,+1-208-453-4375x4601,Finance,True
206,87,Nathan Castro,smithmichael@example.com,859-624-7860,Decision Maker,True
207,87,Leslie White,rebekahwells@example.com,228.869.9866x6603,Technical,False
208,87,Robert Lawson,perrymorgan@example.org,+1-792-398-2155x37881,Finance,False
209,88,Kimberly Beck,bradshawpaul@example.com,937-697-4097x1367,Technical,False
210,88,Alison Anderson,heatherbentley@example.net,952.592.2042x65291,Technical,True
211,90,Michael Harper,marywright@example.net,712.402.0886x8789,Procurement,False
212,90,Stacey Nunez,kwilliamsexample.org,001-491-279-2250x1666,Decision Maker,False
213,91,David Hamilton,richardolson@example.org,952.956.9001x9640,Finance,False
214,91,Sara Reeves,lisa88@example.com,(315)548-8947x645,Procurement,False
215,91,Timothy Rodriguez,tharrington@example.com,956.931.1033,Decision Maker,False
216,91,Vincent Hunter,bhill@example.org,7895436137,Procurement,False
217,91,Faith Moore DDS,olsenkristen@example.org,+1-254-435-8510x6994,Finance,False
218,92,Jordan Harris,robertrosario@example.net,518-662-8689x57299,Procurement,False
219,92,Matthew Stephens,perezmary@example.com,786.316.1564,Procurement,True
220,92,Matthew Diaz,morrisrobert@example.com,354-250-7847,Technical,False
221,92,Crystal Pitts,ellisjames@example.net,297-698-2562x992,Finance,False
222,92,Tara Coleman,carterkayla@example.org,+1-744-597-6660x85090,Procurement,True
223,93,Elizabeth Taylor PhD,charlescourtney@,(592)230-9946x98458,Decision Maker,True
224,94,Emily Lewis,stephanienorris@example.org,(750)554-0844x914,Finance,True
225,94,Bobby Pham,hannah44@example.org,+1-502-461-8503x74354,Technical,True
226,95,Michael Lopez,williamsmatthew@example.com,2996369516,Finance,True
227,95,Michael James,jchapmanexample.org,(366)849-5672,Procurement,True
228,95,Lisa Nunez,mcculloughdanielle@example.net,(848)847-9100x31115,Procurement,False
229,95,Kevin Nolan,paul56@example.net,342.353.2486x12205,Technical,False
230,95,Vanessa Sanchez,davidwoods@example.org,+1-701-962-7684x5740,Finance,True
231,96,Christopher Jackson,phillip77@example.org,(279)418-5041x77150,Procurement,True
232,98,Sarah Hicks,jamesjeffrey@example.com,(848)356-8864,Technical,True
233,99,Jason Roberts,markjohnson@example.org,(789)385-4463,Finance,True
234,99,Emma Fuentes,jrivera@example.com,(346)370-4548,Finance,False
235,99,David Anderson,cannonandrew@example.com,698-774-5170x44844,Finance,True
236,100,Michael Obrien,howelljulie@example.org,(521)392-6523x3235,Finance,False
237,100,Jonathan Navarro,mark15@example.com,+1-500-840-8801x578,Decision Maker,False
238,100,Rodney Cervantes,nicoleramirez@example.net,001-519-468-2887x26567,Technical,False
239,100,Diana Aguilar,nwright@example.org,(658)449-1789x890,Finance,True
240,101,Anthony Walton,elliscarlos@example.com,(254)877-7334,Procurement,False
241,102,Jose Stokes,ksavage@example.org,(986)708-0130,Finance,False
242,102,Stacy Murphy,hpeck@example.com,+1-575-763-0794x435,Finance,False
243,102,Amy Scott,vlynch@example.net,+1-797-410-1729,Finance,False
244,103,Summer Guerrero,adam60@example.com,326.699.7814x9310,Procurement,False
245,103,Cassandra Hall PhD,corey05@example.com,(505)807-9809x884,Decision Maker,False
246,103,Tina Hancock,wheelerantonio@example.com,928.615.9602,Procurement,False
247,104,Andrew Cruz,rasmussenmary@example.org,+1-581-569-3959x8820,Technical,False
248,104,Charles Scott,spitts@example.org,001-640-795-0185x3901,Decision Maker,False
249,104,Melissa Davidson,lewiseric@example.com,2055899127,Procurement,True
250,104,Theresa Allison,aortega@example.org,001-669-415-3619x719,Technical,True
251,104,Jared Rivera,gsalinas@example.net,826-260-6658x15937,Decision Maker,False
252,105,Ashley Cross,gary58@example.com,001-737-312-5514x4950,Procurement,True
253,105,Mark Phillips,ramirezcourtneyexample.com,237-667-4238,Procurement,True
254,107,Kristen Gordon,gutierrezrebecca@example.net,001-365-327-6245x0119,Procurement,True
255,107,Manuel Chavez,tammymcgee@example.org,+1-436-450-1961x8301,Technical,False
256,107,Alison Mueller,christian88@example.com,420.656.4052x0519,Finance,True
257,108,John Obrien,hintonbrent@example.net,3829073114,Finance,True
258,108,Heather Gates,davidbarajas@example.com,761-539-5982x9755,Finance,False
259,109,Mrs. Jennifer Francis,hernandezstephanie@example.net,+1-725-780-1344x3360,Technical,True
260,109,David Miller,marcus65@example.net,(228)562-7908,Decision Maker,False
261,109,Alex Martinez,mckinneyrobert@example.org,219.333.6105x16354,Technical,False
262,109,Cynthia Green,angelabooth@example.com,(208)485-8166,Decision Maker,True
263,109,Larry Roberts,tjonesexample.com,(279)668-8578x893,Technical,True
264,111,Lynn Nelson,kristinagarcia@example.org,(411)541-5009x19739,Decision Maker,True
265,111,Earl Walker,elizabethmurray@example.net,640.250.3874x8208,Decision Maker,True
266,112,Patricia Keith,xbeard@example.net,(402)799-8697x207,Procurement,False
267,112,Kevin Ortiz,jessica71@example.net,001-210-673-3194x59186,Decision Maker,True
268,112,Christopher Brown,derek30@example.net,001-256-211-0912x83313,Procurement,False
269,113,Annette Dyer,ryan14@example.org,(803)462-6027x9852,Technical,True
270,113,Michelle Wright,stephanie47@example.net,001-477-621-2838x494,Procurement,True
271,113,William Benson,charles15@example.net,451.963.7715x77284,Decision Maker,True
272,113,Marvin Reed,jennifer11@example.net,+1-213-506-1308,Procurement,True
273,113,Elizabeth Morris,ngreen@example.net,354.899.1663,Technical,False
274,114,Robin Oliver,zwood@example.net,001-640-431-9816x7668,Technical,True
275,114,Pamela Rogers,jennifer45@example.com,5593302832,Finance,False
276,115,Daniel Blankenship,gpeters@example.net,+1-459-714-8634x00945,Decision Maker,False
277,115,Charles Lawrence,danielmcintosh@example.net,508.903.5631,Decision Maker,False
278,115,Jill Barrera,efoley@example.net,+1-634-348-6356,Decision Maker,True
279,115,Denise Rush,katie10@example.org,001-750-938-7179x894,Finance,False
280,116,Michael Randall,brianjones@example.org,+1-875-280-7910x966,Technical,True
281,116,Daniel Parrish,tphillips@example.com,001-544-575-1622x58498,Finance,True
282,116,Kimberly Shelton,qvillegas@example.org,742-750-1096x46918,Finance,True
283,116,Rachel Beck,laurenbrady@example.com,+1-255-502-6310x3779,Decision Maker,True
284,116,Gregory Byrd,careymatthew@example.net,+1-902-814-0626x7266,Decision Maker,False
285,117,Jason Richard,gainesmatthew@example.net,(260)998-9506x8646,Decision Maker,True
286,117,Anthony Gonzalez,laura76@example.org,860.812.8773,Procurement,False
287,117,Tiffany Kennedy,johnsonkevin@,254-938-4041x200,Technical,True
288,117,Mark Salinas,evansjoanne@example.com,970.954.9158x159,Finance,True
289,118,Benjamin Johnson,invalid_email,326-427-2251x467,Procurement,False
290,118,Kevin Williams,jeremiah77@example.org,613.876.5481x1499,Finance,False
291,118,Richard Richard,sharpsharon@example.net,(536)819-3287x04180,Decision Maker,True
292,118,James Lewis,chase77example.org,659.374.1518x159,Procurement,True
293,118,Melissa Salinas,marcojones@example.org,238.808.6057x227,Decision Maker,False
294,119,Jamie Haas,adkinsjennifer@example.com,(200)844-0701x7767,Procurement,True
295,119,Ashley Ramirez,redwards@example.org,995.609.1169,Procurement,True
296,119,Shirley Olson,megan41@example.net,466-750-3935,Finance,True
297,119,Priscilla Brown,michellewatson@example.org,364-730-2418,Finance,False
298,120,Lisa Trevino,patricia14@example.org,(493)698-9227x9986,Procurement,True
299,120,Michael Rodriguez,dsilva@example.com,351.690.2261x4879,Decision Maker,False
300,121,Jesus Watson,invalid_email,+1-378-532-7186x6454,Finance,False
301,121,Daniel Montgomery,rebecca54@example.net,886.609.8370x05616,Decision Maker,False
302,121,Cindy Byrd,pwashington@example.org,408.973.8890x268,Decision Maker,True
303,121,Ariel Harrington,blanchardscott@example.net,254.888.6869,Procurement,True
304,121,Ashley Daugherty,nancy39@example.org,5359928273,Decision Maker,True
305,122,Dennis Parrish,wandaallen@example.org,951-918-6689,Decision Maker,False
306,122,Katie Thomas,michaelkennedy@example.org,+1-999-350-8939x55101,Procurement,False
307,122,Nancy Young,qbanks@example.net,+1-945-987-8675,Decision Maker,True
308,122,Andrew Fry,jburch@example.net,001-987-566-1145x1877,Procurement,False
309,126,Erin Lee,reynoldswilliam@example.net,+1-833-874-0933x8191,Procurement,True
310,126,Tammy Lewis,allendiaz@example.com,986-202-9523x82324,Technical,False
311,126,Matthew Mccarthy,walter92@example.org,392.207.5542x4014,Finance,True
312,126,Jordan Zavala,brandongarcia@example.com,(910)765-5443x16364,Technical,False
313,126,Amber Terrell,thompsonshawn@example.net,+1-333-886-6497x97679,Decision Maker,True
314,127,Anna Stephens,karen04@example.com,3102501443,Finance,False
315,127,Alan Hill,alexanderhenry@example.com,713-808-3886x76219,Decision Maker,False
316,127,Frank Manning,lisaleblanc@example.net,(423)907-1715,Procurement,False
317,127,Kelli Ray,johnjackson@example.org,+1-389-356-5916,Finance,False
318,127,Kayla Heath,juliewilliams@example.com,896-529-5199x154,Procurement,False
319,128,Melissa Ruiz DVM,nicholas29@example.net,(494)897-3915,Technical,False
320,128,Danny Harris,angelamccannexample.org,480-812-7190x8822,Finance,False
321,130,Justin Garcia,brandon56@example.org,628-548-3717x556,Decision Maker,False
322,130,Thomas Willis,vstewart@example.com,(963)946-1447x6289,Procurement,False
323,131,Edward Munoz,jennifer50@example.org,519-512-3909,Finance,False
324,132,Sarah Reid,cory32@example.net,699.313.7461,Procurement,False
325,132,Kathryn Franco,ronaldtaylor@example.com,661.563.7802x741,Finance,False
326,133,Tammy Lowe,lbrown@example.com,+1-953-629-2812x0128,Procurement,True
327,133,Michael Cabrera,kellerscott@example.org,(452)310-8824,Finance,False
328,133,Sergio Todd,martinhiggins@example.net,(260)544-2995x32550,Technical,True
329,133,Samantha Barker,lori49@example.net,+1-807-700-0412x1459,Finance,True
330,134,Margaret Andrews,raybrewer@example.com,313.258.0430,Decision Maker,False
331,135,Troy Vasquez,moranjim@example.net,+1-764-915-6500x6476,Decision Maker,True
332,136,Christopher Guerrero,gwebb@,(812)683-2712,Procurement,True
333,136,Margaret Smith,phelpsdavid@example.net,(960)984-2737x18252,Procurement,True
334,136,Christina Wilson,jamesroberts@example.org,921-359-6252x71952,Procurement,True
335,136,Shelby Fox,wilsonandrew@,+1-689-933-0537x0092,Finance,False
336,137,Jeremiah Good,simpsonjordan@example.com,938-640-0346x2073,Technical,True
337,137,Victoria Elliott,smithamber@example.net,+1-954-204-7090x5703,Decision Maker,True
338,137,Michael Marshall,kennethnavarro@example.org,880-905-7347x6449,Technical,True
339,137,Rachel Diaz,brandonbrock@example.net,+1-987-374-8819x2476,Technical,True
340,138,Matthew Smith,vmoore@example.net,001-417-576-0840,Technical,True
341,138,Derek Austin,sandra27@example.net,761.439.5940x8072,Procurement,False
342,139,Scott Tucker,velasquezhannah@example.com,235-910-7311x25132,Technical,False
343,139,Allison Ortega,browngary@example.com,+1-694-467-3692x62877,Decision Maker,True
344,139,Holly Brennan,tsmith@example.org,3376398689,Decision Maker,True
345,139,Shawna Carroll,wisejesse@example.org,+1-877-982-6895x135,Technical,True
346,139,Tammy Hatfield,david74@example.net,(806)288-3125,Decision Maker,True
347,141,Melissa Chandler,brittanyflores@example.net,955.857.7660,Finance,True
348,141,Veronica Rose,littleashley@example.net,001-695-571-7000x30824,Decision Maker,True
349,141,Leah Hunter,gcollier@example.net,640-805-0380,Technical,False
350,142,David Pineda,vanessa24@example.net,+1-642-519-6176x5892,Finance,True
351,143,Jeremy Garner,timothy41@example.net,381-565-9760x1502,Technical,False
352,144,Brad Baldwin,heather22@example.net,525-257-1339x2123,Procurement,True
353,145,Kim Bradley,invalid_email,(354)293-7247x02308,Procurement,True
354,145,John Smith,ddavis@example.net,(270)471-2519x75252,Finance,True
355,146,Patrick Allen,williamsbrittany@example.net,(404)322-7520,Decision Maker,False
356,146,Jamie Price,pearsonpatricia@example.org,(695)600-7682,Decision Maker,False
357,146,Aaron Peterson,edward84@example.com,(503)739-6715,Finance,True
358,146,Jenna Garcia,deannamooreexample.com,419-528-2291x9009,Procurement,False
359,147,Marcus Collins,tamismith@example.com,(390)899-4550x93794,Technical,True
360,147,Kelsey Turner,audrey34@example.org,735-320-9626,Procurement,False
361,148,Angela Santiago,invalid_email,001-589-731-6308x13464,Decision Maker,True
362,148,Robert Flynn,kimberlywilson@example.net,464-231-8592,Technical,False
363,148,Yvette Kidd,millschristine@example.com,876.503.1682x109,Finance,False
364,148,Cheryl Gutierrez MD,samantha12@example.net,+1-707-691-6180x38442,Technical,True
365,149,Jason Reynolds,leesandra@example.org,573.804.2964,Procurement,True
366,149,Ashley Garcia,michaelprice@example.com,+1-712-838-4726x608,Decision Maker,False
367,149,Jessica Foley,aprilwilliams@example.com,(816)887-5238,Finance,False
368,149,Robin Allen,kramerdavid@example.com,+1-662-555-0161x6800,Technical,False
369,149,Kenneth Harris,lopezjessica@,268-201-2973x456,Technical,False
370,151,Peter Dixon,dwalker@example.org,(243)802-9914x8897,Technical,False
371,151,Alicia Ho,becky37@example.com,001-663-436-5183x17791,Technical,False
372,151,Robert Brewer,hubbardjulie@example.net,240-720-2139x764,Technical,False
373,152,Brandon Mann,lori71@example.com,4085364513,Finance,False
374,152,Emily Day DDS,vicki98@,+1-646-894-0410x839,Procurement,False
375,152,Melissa Hayes,heather68@example.org,713-626-1803x5041,Technical,True
376,152,Aaron Guerra,andersondiana@example.com,+1-763-977-3344x40644,Procurement,True
377,154,Kelsey Castro,invalid_email,+1-536-446-7022x928,Finance,False
378,154,Mary Zuniga,umay@example.com,267-243-4100,Technical,True
379,155,Anna Mitchell,jose06@example.net,651-348-8631,Decision Maker,True
380,155,David Roberts,lucaswhite@example.org,275.425.6367x744,Decision Maker,False
381,155,Aaron Sanchez IV,invalid_email,(930)274-5255x045,Technical,False
382,155,Andrew Arnold,jacob21@example.org,+1-957-342-6634,Decision Maker,False
383,155,Amy Jones,brookemerritt@example.net,001-287-835-9806x809,Decision Maker,False
384,156,Lisa Kelly,aanderson@example.com,721-549-5902x05969,Procurement,True
385,156,Kyle Guzman,invalid_email,+1-447-792-0129x360,Finance,False
386,156,Kristin Brown,robert52@example.org,001-430-216-1726x80357,Finance,False
387,156,Elizabeth Wilson,donald36@example.org,001-699-439-9535,Finance,False
388,156,William Patel,janiceflores@example.net,763-325-2993x6945,Decision Maker,False
389,157,Julie Patrick,kmartin@example.net,+1-220-393-2826x797,Technical,False
390,158,Amber Howard,shawnaschmidt@example.org,+1-717-218-4658x153,Finance,True
391,158,Terri Abbott,hawkinslaura@example.org,462.864.4107x501,Decision Maker,False
392,158,Brian Gilbert,invalid_email,691-752-8325x38559,Procurement,True
393,159,Jordan Johnson,taylorkelly@example.org,(991)936-2787x500,Technical,False
394,159,Neil Peterson,thomaswilson@example.com,(737)795-5023x60783,Technical,False
395,159,Michael Nguyen,rdavis@example.net,(271)607-5986,Finance,True
396,160,Valerie Esparza DDS,jessica98@example.org,001-834-388-4898x378,Technical,True
397,160,David Gordon,lisanovak@,(648)836-8209,Technical,False
398,160,Miss Shirley Johnson,riverajacob@example.org,(249)525-1517,Procurement,False
399,161,Robert Smith,ljackson@example.org,853-812-0967x262,Procurement,True
400,161,Keith Woods,wmann@example.org,001-765-512-4949x110,Procurement,False
401,162,Dr. Mark Olsen,brandon40@example.net,761-856-8471x5508,Finance,True
402,162,Kenneth Wilson,smithkayla@example.com,902-988-7968,Finance,False
403,162,Leslie Lucas,dennis15@example.org,(891)296-8392x60177,Decision Maker,True
404,162,Sarah Bailey,smithrichard@example.org,+1-723-672-6891x025,Technical,True
405,163,Jay Humphrey,kristinzhang@example.net,(789)773-8719x79311,Finance,False
406,163,Brittany Davidson,amiller@example.com,870.583.6636,Finance,False
407,163,Michael Byrd,austin27@example.net,+1-653-736-3743x40656,Procurement,True
408,164,Kenneth Garcia Jr.,millerrichard@example.net,995-552-5633x413,Procurement,False
409,164,Christopher Garrison,hendersonkelsey@example.org,001-563-243-1362x32945,Technical,False
410,164,Scott Martin,imelton@example.org,001-994-939-5913,Procurement,False
411,165,Michael Wilson,invalid_email,(865)500-7760x560,Procurement,True
412,165,Cassandra Peterson,fbuck@example.com,(538)898-2165x06117,Decision Maker,False
413,165,Denise Larson,micheal50@example.org,(499)338-5127,Decision Maker,True
414,165,Nathan Diaz,pmedina@example.com,894-473-7972,Procurement,True
415,166,Sydney Adkins,zharrisonexample.com,(623)908-4322,Technical,False
416,166,Frank Schultz,invalid_email,+1-258-411-6431x6078,Procurement,True
417,166,Sharon Santos,hchase@example.com,3253227266,Technical,False
418,167,Rhonda Carlson,jessica94@example.com,311-445-7144x2291,Finance,True
419,168,Gloria Park,jason72@example.org,564-344-2740x307,Technical,False
420,168,John Phillips,melissagill@example.org,5292836293,Technical,True
421,168,Alison Preston,carpenterthomas@example.org,937-757-3800,Procurement,True
422,168,Taylor Jones,ilewis@example.com,001-724-796-2509x444,Finance,True
423,168,Matthew Ortega,xhenderson@example.com,646-661-8660,Finance,False
424,169,Johnathan Douglas,victoriamahoney@example.com,287.875.0512x7624,Technical,False
425,169,Susan Browning,frederickmooney@example.net,483.965.1585x804,Finance,False
426,169,Mary King,jacqueline81@example.org,3113436696,Procurement,True
427,170,Susan Tate,chad51@example.com,+1-801-309-8676,Decision Maker,False
428,172,Janet Moreno,ucombs@example.com,001-642-662-1779x73811,Technical,True
429,172,Rick Thomas,vguerrero@example.com,608-532-2584,Decision Maker,False
430,173,Ronnie Andersen,james21example.com,(972)281-2142x100,Technical,True
431,173,David Rodriguez,simpsonrachel@example.org,(497)223-3307,Finance,True
432,173,Joseph Kennedy,alexandria95@example.net,3105296633,Procurement,False
433,174,Christopher Nelson,jessica86@example.net,619-560-5132x7260,Finance,True
434,174,Hannah Melton,petersmark@example.com,689-585-1492,Finance,True
435,174,Charles White,pamela51@example.net,5226628675,Decision Maker,True
436,174,Kathryn Owens DDS,michaellarson@example.org,720.203.1322x86778,Finance,False
437,174,Diane Church,ryan28@example.org,8976917467,Procurement,False
438,175,Sharon Cummings,angel75@example.org,490.215.7353x487,Finance,False
439,175,William Armstrong,roberto99@example.org,(782)414-5250x570,Decision Maker,True
440,176,Victoria Wiley,kcampbell@example.org,(489)344-5721,Decision Maker,False
441,176,Danny Bishop,jonathan29@example.org,909-376-2271,Procurement,True
442,176,Christopher Duncan,sanchezdanielle@example.org,(746)543-4544x34524,Procurement,True
443,176,David Perez,nbradshaw@example.com,+1-923-706-2324x981,Technical,False
444,176,Jennifer Santos,danieljohnston@example.com,(328)702-0616x05864,Finance,True
445,179,Katherine Cobb,dudleywalter@example.net,939-951-8096x1101,Finance,False
446,180,Michele Marquez,aspencer@example.net,439.623.7810,Decision Maker,True
447,180,Andrew Carter,frankreynolds@example.net,4868690620,Procurement,True
448,180,Victoria Page,wmartinez@example.org,001-232-446-4633,Technical,True
449,181,William Leon,bfrancis@example.com,247-993-4612x0365,Technical,True
450,181,Gregory Glover,alexandra29@example.com,3374818373,Technical,False
451,181,Mary Bates,michelle36@example.com,432-612-8275x959,Finance,True
452,181,Gregory Spencer,robertdiaz@example.com,(622)335-1053,Finance,False
453,183,Krista Holloway,vsanchez@example.com,(301)206-7559x40642,Finance,False
454,184,Robert Johnson,patricia75@example.net,(423)229-6815,Technical,False
455,185,Jonathan Herrera,murphybrianna@example.org,(278)948-1771x55529,Technical,False
456,185,Connor Brennan,kellysmith@example.com,(552)205-3432x9000,Finance,False
457,185,Justin Hardin,wlee@,001-945-280-1721x3739,Technical,True
458,185,William Horton,alexislowe@example.com,300.315.1087x4594,Finance,False
459,185,John Knox,marcusburke@example.org,438.803.7418x24170,Procurement,False
460,186,Melissa Woodard DVM,matthew92@,502-476-0846,Decision Maker,True
461,187,Stephanie Chang,invalid_email,5114886933,Decision Maker,False
462,187,Robert Palmer,brandonstone@example.net,(577)890-3741x6830,Procurement,False
463,187,Scott Arias,penningtonanthony@example.com,8283558328,Finance,False
464,187,Benjamin Taylor,robert16@example.com,+1-799-573-8266x7647,Finance,True
465,187,Angela Jones,sheila11@example.net,218-676-8590,Decision Maker,True
466,190,Lisa Dean,nkoch@,001-657-209-0479x461,Decision Maker,False
467,190,Jennifer Moss,hannah86@example.org,001-201-793-9786x7706,Finance,False
468,191,Cassandra Hartman,potteralyssa@example.net,956-822-3731,Technical,False
469,191,Duane Peterson,cbriggs@example.com,(512)393-1831,Decision Maker,True
470,191,Steve Payne,thomasvictor@example.com,889-676-2573,Decision Maker,True
471,192,Debra Neal,gmorris@example.org,7425959617,Decision Maker,False
472,192,Melissa Nelson,anthonycox@example.net,001-643-919-6144,Technical,True
473,192,Nathan Baird,stevenanderson@example.org,001-309-949-2799x0989,Procurement,False
474,192,Justin Wilson,qbarnes@example.com,671-532-2315,Procurement,True
475,192,Amber Cameron,palmerjohn@example.org,820-835-7717x500,Procurement,False
476,193,Matthew Scott,dreyes@example.org,(953)568-1963x398,Finance,False
477,193,Crystal King,harringtondave@example.com,001-812-971-3277x754,Procurement,True
478,193,Michael Brown,anthony99@example.net,539-827-1163,Decision Maker,True
479,193,Christopher Holder,rporter@example.org,(457)422-3401x408,Finance,True
480,193,Anna Cox,trichardson@example.com,+1-928-912-5889x5774,Technical,False
481,194,Paul Woodard,jeremyrodriguez@example.org,831-967-5842x5267,Procurement,False
482,194,Amanda Rasmussen,leconnie@example.com,383.894.2658,Decision Maker,False
483,194,Stephanie Duarte,sarah28@example.org,512-301-3515x7011,Technical,False
484,195,Deborah Bentley,mossnatalie@example.org,5338256192,Procurement,False
485,195,Molly Campbell,leemichael@example.com,604-363-2884x6218,Procurement,False
486,195,Brooke Hernandez,carlahutchinson@example.com,(454)777-2763x8365,Finance,True
487,195,Karen Simmons,jaimejohnson@example.com,+1-411-507-0793x4107,Technical,False
488,195,Tony Frederick,ymontgomery@example.org,(312)450-3391x902,Technical,True
489,196,Maria Beltran,duncanamy@example.com,244-628-7849,Finance,False
490,196,Mark Vaughan,desiree93@example.com,769.324.2806,Finance,True
491,196,Cody Brown,spencerobrien@example.net,774-260-9807x975,Procurement,False
492,196,Brandon Gill,cynthia03@example.com,(607)579-1570x8148,Procurement,False
493,197,Carol Martin,uturner@example.com,990.630.4645,Technical,False
494,197,Isaac Lynch,burketerry@example.net,+1-689-690-8166x86664,Technical,False
495,197,George Wilson,vasquezalyssa@example.org,+1-748-543-1817x792,Procurement,True
496,197,Karen Bird,ofry@example.org,2152975646,Procurement,False
497,197,Jessica Sullivan,xhicks@example.com,491-858-3549x7064,Finance,False
498,198,Mrs. Nancy Velasquez,cynthiaturner@example.com,582-469-1763x83727,Decision Maker,True
499,199,Jason Rios,timothypitts@example.org,(328)651-3869,Decision Maker,True
500,199,Mr. Marcus Johnson,jgarcia@example.org,253-695-6674x42813,Technical,True
501,199,Brent Mckinney,tcarrillo@example.org,811.269.8173x74824,Finance,False
502,199,Dennis Ellis,kennedyjudy@example.org,(415)374-8890x79475,Decision Maker,True
503,199,Karen Alvarez,zmeyer@example.org,(837)797-6485x940,Decision Maker,False
504,200,Tamara Combs,kimberly71@example.net,(940)604-7897x18501,Decision Maker,False
505,200,Jessica Shannon,rmitchell@example.org,001-451-203-3323x06124,Procurement,True
506,201,David Sanders,joselittle@example.com,(753)333-5038x3633,Finance,False
507,201,Michael Woodard,aliciariley@example.org,636-672-0384x916,Finance,False
508,201,Michael Burns,yesparza@,693-609-1924x903,Procurement,True
509,202,Cynthia Small,dzuniga@example.org,+1-205-943-3306x660,Procurement,False
510,202,Elizabeth Jones,mcclurejulie@example.com,(967)234-7764x3292,Procurement,True
511,202,Terri Rose,thomaslee@example.net,672.689.7468x4005,Technical,True
512,202,Robin Kennedy,candicehenry@example.net,4568527800,Finance,True
513,202,Colin Calderon,oburgess@example.com,2523869517,Technical,True
514,203,Brittany Malone,lguerrero@example.com,+1-212-515-6489x200,Finance,False
515,203,William Turner,brian32@example.org,390-987-2718,Procurement,False
516,203,Julie Wilson,ceverett@example.com,(434)613-5579x6552,Decision Maker,True
517,205,Anthony King,brandon69@example.com,554.952.8107x2064,Procurement,False
518,205,Sandra Stewart,jesuscantrell@example.com,(686)272-4275,Procurement,False
519,205,Monica Phelps,nathan14example.com,860.388.2913x8567,Decision Maker,True
520,206,Michael Schmidt,walshdawn@example.net,(630)726-1145,Decision Maker,True
521,206,John Clark,nking@example.net,533-773-9722x6456,Technical,True
522,207,Sharon Peterson,toddtodd@example.com,(569)968-4516x535,Decision Maker,True
523,208,Rebecca Day,invalid_email,+1-402-648-1298,Decision Maker,False
524,208,Cynthia Pacheco,dale79@example.net,574-452-6529x06490,Technical,True
525,208,Steven Duran,johnny00@example.net,8058938535,Decision Maker,False
526,209,Donald Owens,harnold@example.net,+1-671-652-1035x337,Decision Maker,True
527,211,Amanda Garcia,garzalauren@example.com,668.676.2402,Decision Maker,True
528,211,Mrs. Lauren Kelly,johnny67@example.org,545-893-4218x7238,Finance,True
529,212,Michelle Williams,mannchristine@example.net,001-880-934-6841,Technical,False
530,213,Tonya Moreno,johntownsend@example.com,327-877-1440,Procurement,True
531,213,Melissa Richardson,belinda33@example.org,345.442.6381x8225,Technical,False
532,213,Melissa Parker,kingterri@example.com,(576)827-4337x792,Procurement,True
533,213,Kelli Green,normangabriel@example.org,(940)489-5225,Decision Maker,False
534,214,Melissa Warren,invalid_email,001-604-672-7467,Technical,True
535,214,Derrick Thomas,maloneronald@example.org,510.451.8043,Decision Maker,False
536,215,Daniel Charles,bjones@example.org,+1-357-852-5330x4002,Technical,True
537,215,Mark Walker,duanemaynard@example.org,7652619812,Technical,False
538,215,Matthew Owens,gabriel48@example.org,870-228-4129x9875,Technical,False
539,216,Megan James,xritter@example.net,001-230-799-2405,Decision Maker,True
540,216,Jordan Turner,petersonkenneth@example.com,507.644.0487,Decision Maker,False
541,216,Eric Espinoza,williamsbrianaexample.net,+1-645-563-8897x22599,Finance,True
542,216,Charles Moreno,brandon05@example.com,668.978.6858x3576,Procurement,True
543,217,Carl Burns,melanie15@example.org,(673)620-8713,Procurement,True
544,218,Christina Bates,brookemorrison@example.net,2803043541,Procurement,True
545,218,Darlene Flores,danielmiller@example.net,927-692-5156x266,Procurement,True
546,220,Autumn Hudson,rkline@example.org,837.539.1818,Technical,True
547,220,Jason Graves,christopher35@example.org,692.546.4894x54448,Finance,False
548,221,Sandra Barry,ywalters@example.org,(413)900-0137,Procurement,True
549,221,Stephen Scott,stevensonanna@example.net,738.872.6208x8167,Decision Maker,True
550,221,Mark Pena,robert00@example.net,(833)981-1346,Procurement,True
551,221,Charles Pratt,aaguirre@example.org,933.623.7695,Procurement,True
552,221,Jeffrey Roberts,bakerjose@example.org,7738455577,Procurement,False
553,222,Elizabeth Garner,vmckenzie@example.com,001-776-949-1889x33043,Procurement,True
554,222,Deborah Price,chad80@example.net,3142225371,Finance,False
555,223,Dean Weber,cesparza@example.com,001-899-663-8960x7591,Finance,True
556,223,William Bennett,matthew06@example.com,+1-732-724-4031,Procurement,True
557,223,Robert Hayes,kelly30@example.com,821-712-7296x130,Finance,False
558,224,Lisa Rodriguez,brownjulia@example.com,364-669-3243x48302,Finance,False
559,224,Anthony Spears,matthew64@example.net,(812)867-0840x4231,Decision Maker,False
560,224,Betty Rodriguez,smithjeffrey@example.net,(467)381-2717x78953,Procurement,False
561,226,Luis Stevenson,vincentsmith@example.net,(331)575-3564x0396,Procurement,False
562,226,Sarah Bruce,owensjay@example.org,393.730.4847x019,Finance,True
563,226,Devin Little,josephmegan@example.com,001-341-628-0669x19101,Finance,True
564,227,Stephen Roberts,shannonmacdonald@example.org,001-631-890-5608,Procurement,True
565,227,Krista Powers,mary66@example.org,+1-942-655-5409x30120,Procurement,True
566,227,Alyssa Mcdonald,emilyglenn@example.org,364.532.9667,Technical,True
567,228,Mr. Eric Larsen,smithsabrina@example.com,+1-650-781-4977x952,Procurement,True
568,228,Jasmine Anderson,jenniferellis@example.com,317.522.1192,Technical,False
569,228,Cheryl Martin,mmolina@example.org,858-628-1709x71863,Technical,True
570,229,Kathleen Mahoney,amandaroberts@example.net,573.754.7599x285,Technical,False
571,229,Daniel Brown,lisamoore@example.com,623-268-3647,Technical,False
572,229,Bob Anderson,vtaylor@example.org,+1-523-265-4034x135,Decision Maker,False
573,229,April Perry,garciavictoria@example.org,(729)429-2984x0451,Procurement,False
574,230,Wyatt Gutierrez,invalid_email,440.684.6219x10981,Decision Maker,False
575,231,Steve Young MD,invalid_email,991.822.9022,Finance,True
576,231,Natalie Lowe,fernandezconnie@example.com,001-942-255-6775x270,Technical,False
577,232,Cory Wright,misty68@example.org,977-515-6655,Procurement,False
578,233,Jonathan Graves,lisagreen@example.net,(953)596-2373x14239,Finance,True
579,234,Lindsay Sullivan,mreid@example.org,(648)570-7032,Finance,False
580,234,Mark Flynn,janderson@example.net,(823)327-5677x016,Technical,False
581,234,Renee Ali,erin12@example.org,+1-922-315-3334x743,Procurement,False
582,234,Craig Clark,nicholasguzman@example.org,532.723.1584x06718,Procurement,True
583,234,Ryan Lane,michael15@example.com,(821)302-5138x44719,Procurement,False
584,235,Amy Bennett,mitchellraven@example.com,001-487-579-6479x8094,Finance,True
585,235,Adam Wiley,barry76@example.com,772.923.1719,Technical,False
586,235,Tonya Cooper,tbuchanan@example.org,497.734.7624x22255,Decision Maker,True
587,235,Linda Gomez,katie84@example.org,205.297.8858x472,Finance,True
588,236,Marcus Carter,jacob30@example.net,001-536-300-8084x2003,Finance,False
589,236,Melissa Gonzalez,blakemichael@example.com,(246)969-6859x282,Finance,False
590,236,Danielle Carroll,lauramiller@example.com,+1-807-231-4577x04497,Decision Maker,True
591,236,Cindy Clark,frazierjoan@example.org,450-540-4380x060,Decision Maker,False
592,237,Tiffany Hanna,laurendelacruz@example.net,+1-390-453-2272x34036,Technical,False
593,237,Brittany Hernandez,lisamartin@,640-825-5426,Finance,True
594,237,Christopher Johnson,emorgan@example.net,+1-705-996-1832,Technical,False
595,237,Holly Garcia,nmorris@example.org,723.726.9329x457,Procurement,True
596,238,Melissa Duffy,thomaspaul@example.com,(956)607-0146x452,Technical,False
597,238,Tasha Contreras,kevinsoto@example.org,001-300-806-0638,Procurement,True
598,238,Veronica Morgan,esmith@example.org,(506)945-1183,Finance,False
599,239,Katrina Tran,edward74@example.org,5684038416,Procurement,False
600,239,Karen Coleman,brookephillips@example.org,707.405.3267x6994,Finance,True
601,240,Kevin Cunningham,jacqueline66@example.net,696.657.7588,Procurement,True
602,240,James Bernard,meganhoffman@example.net,4353577190,Technical,False
603,240,Wendy Murray,larsenelizabethexample.org,+1-718-483-4991x266,Technical,True
604,240,Kristin Price,zcoleman@example.org,399.324.3208,Procurement,True
605,244,Elizabeth Jackson,bradleyanthony@example.net,(346)636-5650x292,Finance,False
606,244,Francisco Lee,james08@example.net,(883)580-1042x839,Decision Maker,True
607,247,Hannah Ross,steven16@example.com,+1-853-266-2351x454,Technical,False
608,248,Stephen Sullivan,randerson@example.org,+1-507-346-3170x9634,Procurement,False
609,249,Danielle Jones,robinsonmichael@example.com,001-876-979-9585x481,Decision Maker,False
610,249,David Harris,dhurst@example.net,952.958.0001,Technical,True
611,249,Colton Cook,kristina47@example.com,484-729-5344x6941,Finance,False
612,250,Thomas Ward,lwilliams@example.org,001-348-230-7207x53659,Procurement,False
613,250,Christopher Ferguson,cookdeanna@example.com,(977)822-9070x2416,Finance,False
614,251,Melanie Harris,ryan17@example.net,597-592-6925,Finance,True
615,252,Andrew Patterson DDS,katherine99@example.org,001-985-248-6200x4832,Procurement,False
616,253,Eddie May,joshua52@example.com,+1-630-728-2589,Finance,False
617,254,Samantha Munoz,brenda61@example.org,001-554-435-8017,Decision Maker,True
618,255,Regina Stephens,acampbell@example.com,826-851-4238x558,Finance,False
619,255,Elizabeth Rodgers,carpenterjoshua@example.org,(763)534-9241x3496,Decision Maker,False
620,255,John Little,johnrodriguez@example.net,+1-226-960-4871x55933,Finance,False
621,255,Brandon French,julie75@example.com,509.718.1038,Finance,False
622,256,Taylor Ingram,thomasrobertson@example.org,359.537.0806x4467,Finance,False
623,256,Susan Simpson,ppreston@example.net,4686777881,Finance,False
624,256,Leah Gates,caldwellphillip@example.org,(878)529-3258x6973,Decision Maker,False
625,256,Mary Hubbard,xclark@example.org,(621)960-9813x46492,Finance,False
626,257,Jeremy Moore,brenda26@example.net,+1-289-800-0645,Decision Maker,False
627,257,Jennifer Burton,cheyennestafford@,813.216.8868x2039,Decision Maker,False
628,258,Stephen Wallace,jerry73@example.com,001-803-389-1252x7957,Finance,False
629,258,Scott Mcdowell,xscott@example.net,584-952-3860,Technical,True
630,258,Dr. Katherine Valdez DVM,nancy16@example.org,756-274-7628,Technical,False
631,258,Victoria Sullivan,rebeccagriffith@example.com,319-583-8942x868,Finance,True
632,259,Timothy Wilson,michael06@example.org,(748)264-7544x1299,Finance,True
633,259,Deborah Flores,rwoods@example.com,933.317.9465x5432,Technical,True
634,260,Brian Kline,scottellis@example.org,868-638-6549x04905,Procurement,True
635,260,Kayla Bowman,smcdowell@example.com,383-428-4400x935,Technical,True
636,262,Stacy Lowe,chris60@example.net,001-667-507-2551x832,Procurement,False
637,262,Dennis Douglas,james81@example.org,001-644-258-6401x542,Procurement,False
638,262,Mackenzie Meyer,griffintiffany@example.net,(543)680-6771x83531,Finance,False
639,262,Tracy Cardenas,qschultz@example.org,001-284-954-3576x829,Decision Maker,False
640,264,Charles Wagner,claudiamarshall@example.net,+1-361-996-0249x1321,Procurement,False
641,265,Joshua Matthews,ganderson@example.net,(357)593-4519x6133,Finance,False
642,267,Sean Rubio,scottjames@example.com,816.438.3256x785,Technical,False
643,268,David Baker,fclark@example.net,001-315-902-6387x127,Procurement,False
644,268,Jennifer Harrison,marshwilliam@example.org,001-597-618-5479x680,Procurement,False
645,268,James Welch,invalid_email,+1-466-885-2680x0876,Procurement,False
646,268,David Lawson,vphelps@example.com,774.780.0506x36228,Procurement,True
647,269,Joshua Gonzalez MD,dbrown@example.net,(655)357-5124,Procurement,False
648,269,Robyn Mack,tylermccoy@example.com,001-504-742-1804x07016,Finance,False
649,269,Vanessa Montgomery,qfoster@example.org,826-843-6858x095,Decision Maker,False
650,269,Kerri Carroll,geraldbrown@example.com,771-683-3140x582,Decision Maker,False
651,269,Sarah Jones,camposkatherine@example.com,+1-408-481-3913x9400,Decision Maker,True
652,270,Jacob Jackson,msmith@example.com,753.639.9234x8332,Procurement,False
653,270,Thomas Mitchell,warrenmedina@example.com,(756)660-7214x00225,Finance,False
654,270,Jerry Schultz,cheryl71@example.org,001-445-446-0200,Procurement,True
655,270,Russell Evans,robinsonclarence@example.com,001-268-830-6435,Decision Maker,True
656,270,Jared Murphy,whitneybennett@example.com,3437217844,Finance,False
657,271,Laura Jenkins,ryancaldwell@example.com,666.541.0341x6375,Finance,False
658,272,Heather Hernandez,masondevin@example.net,(682)818-3826,Procurement,False
659,272,Isaiah Bridges,michelleevans@,+1-513-478-0625x901,Procurement,False
660,272,Misty Gonzalez,mary12@example.com,(377)472-4636x065,Finance,False
661,272,Margaret Taylor,lynn15@example.com,901-916-7605x3319,Finance,False
662,273,Benjamin Reese,marcford@example.com,(978)892-0314x48207,Technical,True
663,274,Melinda Harris,ejackson@example.com,001-230-597-2916x705,Decision Maker,True
664,274,Ashley Hicks,colefoster@example.com,001-923-365-1084,Procurement,False
665,274,David Dougherty,robinsonjennifer@example.com,001-349-390-4168x8542,Decision Maker,True
666,274,Lawrence Villanueva,landerson@example.com,001-364-286-1341x52836,Finance,False
667,277,Anthony Walker,ewebb@example.net,224.738.5499x04298,Technical,True
668,277,Amy Wright,donnasmith@example.com,(435)495-0949x282,Technical,True
669,277,Sarah Anderson,ccook@example.com,798.731.2244,Procurement,True
670,277,Jennifer Hunter,stephen96@example.com,969.781.0532x99532,Finance,True
671,277,Steven Martin,melindapaul@example.com,001-277-416-5885,Technical,False
672,278,Jay Davis,lithomas@example.org,+1-617-700-1855x010,Finance,True
673,280,Eric Torres,zacharypotter@,+1-475-864-4462x484,Procurement,True
674,280,Holly Cruz,williamschristopher@example.net,001-765-908-9060,Procurement,True
675,280,Austin Norris,bruceearl@example.com,4135902999,Procurement,True
676,281,Daniel Ramirez,wallerjared@example.com,(315)984-4176,Decision Maker,True
677,281,Robert Hernandez,graveskyle@example.net,+1-241-573-8446x0410,Decision Maker,True
678,281,Holly Perez,markromero@example.net,+1-209-353-4686,Technical,False
679,281,Anthony Humphrey,rroberts@example.com,001-702-289-1379x31187,Decision Maker,False
680,281,Gabriel Wallace,brianwalker@example.com,001-860-324-0127x254,Finance,True
681,283,Anthony Hardy,dbaker@example.net,2389370410,Technical,True
682,283,Todd Drake DDS,angelmay@example.com,333-526-3410,Technical,True
683,283,Thomas Ayers,ywilkerson@,649.802.5812x4912,Technical,True
684,284,William Franco,tsmith@example.net,828.827.5450,Technical,False
685,285,Natalie Huang,uhendricks@example.org,+1-817-587-1561,Technical,False
686,285,Don Campbell,invalid_email,389-444-1854,Procurement,True
687,285,Angela Swanson,jacob16@example.com,(882)371-6002x847,Technical,False
688,286,John Reynolds,coreypeterson@example.com,(786)560-2146x26517,Technical,True
689,287,Barbara Salazar,comptonmary@example.org,001-767-660-1153,Finance,True
690,289,Gabriel Hebert,beltrankatherine@example.org,4097587419,Finance,True
691,289,Darius Trujillo,scott13@example.org,6656888348,Finance,False
692,289,Gary Obrien,invalid_email,380-592-7720,Finance,True
693,289,Claire Kemp,nelliott@example.org,(405)830-3395x8397,Decision Maker,True
694,289,Katelyn Rodriguez,joshuaanderson@example.com,8044474625,Procurement,False
695,290,Tiffany Castillo,christopher56@example.net,865-289-8757x239,Finance,True
696,290,Russell Fuller,amanda82@example.com,506.203.1624x48705,Procurement,False
697,290,Elizabeth Armstrong,dylanolson@example.net,(392)369-1192x1079,Technical,True
698,290,David Rodriguez,matthewjones@example.com,893.771.1341x20231,Decision Maker,True
699,291,Kayla Cruz,kennedyjeanette@example.com,(852)532-8257,Decision Maker,True
700,291,Mary Gonzalez,muellermary@example.com,001-708-572-2405x3796,Procurement,False
701,292,Gregg Watson,audreyreed@example.com,739-284-4914x969,Technical,True
702,292,Terry Brown,mwilson@example.com,772-749-9626x608,Decision Maker,False
703,292,Lauren Carlson,dsosa@example.com,4698969036,Technical,True
704,292,Eric Thomas,courtneyperry@example.org,466.234.3097,Finance,False
705,292,Carlos Wilson,yzamora@example.com,001-265-323-6675,Decision Maker,False
706,293,Nathan Mccormick,lmedina@example.org,926-637-0805,Technical,False
707,293,Tiffany Cox,baileylauren@example.org,001-410-846-3630x818,Decision Maker,False
708,293,Lisa Rodriguez,payneeric@example.com,210.677.0609x88198,Decision Maker,False
709,294,Sandra Morgan,janice87@example.com,(934)378-0906x734,Procurement,True
710,294,Paige Ross,jpeterson@example.net,852.389.2885x5687,Procurement,True
711,294,John Boyd,daniel05@example.org,+1-791-828-2128x8860,Technical,False
712,295,Debra Smith,lori56@example.org,2204119630,Decision Maker,True
713,295,Jason Gates,vincentwilliams@,(652)643-3946x40328,Decision Maker,True
714,295,Kenneth Cox,jpearson@example.net,+1-496-952-5164x6800,Technical,True
715,295,John Wiley,qboyd@example.net,(806)634-8336x027,Technical,True
716,295,Christopher Rodriguez,dhouston@example.com,291.623.7165,Procurement,False
717,296,Keith Stephenson,wburke@example.net,+1-783-319-8470x3207,Technical,False
718,296,Tammy Liu,johnsonstacey@example.net,001-481-254-8030x29135,Technical,True
719,297,Christine Burton,maynardwilliamexample.net,001-684-417-4505x37634,Procurement,True
720,297,Carolyn Collins,jsilva@example.com,440.436.8117x63186,Technical,True
721,297,David Gonzalez,pam04example.com,001-570-954-2386x179,Decision Maker,True
722,297,Adam Williams,debranelson@example.com,911-630-4462x696,Procurement,False
723,297,Kathryn Spears,bishopamanda@example.net,(324)685-6420,Procurement,True
724,299,Amanda Rollins,sreyes@example.com,905-440-9397,Procurement,False
725,300,Megan Zuniga,antoniorichardson@example.org,001-404-663-5191x30407,Technical,True
726,300,Colleen Schmitt,zacharyhuber@example.net,215.723.1164x552,Finance,True
727,300,Patricia Young,hreyes@example.net,001-584-804-4846,Decision Maker,True
728,300,Diana Smith,tracysnyder@example.org,659.218.8492x296,Technical,False
729,300,Stephen Navarro,castrokaren@example.net,467-755-8000x5631,Procurement,True
730,301,Dr. Aaron Finley,steven10@example.net,614.247.6508x0930,Procurement,True
731,301,Robert Castillo,kirsten32@example.org,616.464.1286x97604,Technical,False
732,301,Albert Park,wbrooks@example.com,001-729-467-0963,Procurement,True
733,302,Miranda Owens,pporter@example.net,478.718.5989x78672,Decision Maker,True
734,302,Grace Cline,smithmichael@example.net,7254067911,Procurement,True
735,302,Ronnie Cook,glendabrown@example.net,(930)592-4559x488,Technical,False
736,303,Amy Herring,masontimothy@example.org,(821)613-7662x60729,Technical,False
737,303,Adam Lee,tbarrett@example.com,595-852-5217,Technical,False
738,303,Dawn Vasquez,donaldbrown@example.com,8238641836,Decision Maker,False
739,303,Jared Villegas,katherine44@example.net,+1-263-439-4910,Decision Maker,True
740,304,Allison Oliver,dawn11@example.net,(306)238-0521x4584,Decision Maker,False
741,304,James Mcclure,asmith@example.com,9765932684,Procurement,False
742,304,Martin Hall,rmills@example.net,6278390386,Decision Maker,True
743,305,Jesse Reyes,invalid_email,(320)948-4418x6357,Procurement,False
744,305,Carlos Ramos,iwagner@example.net,734-434-4925x83847,Finance,True
745,305,Teresa Flowers,adamshields@example.net,(678)737-1916x58214,Finance,False
746,305,Neil Mclaughlin,rachel66@example.com,(258)249-2866x400,Decision Maker,False
747,305,Casey Green,michael31@example.net,+1-273-822-4846,Finance,True
748,306,Lisa Harris,brandontaylor@example.net,+1-325-448-2844x59046,Procurement,False
749,306,Brandon Roach,jason82@example.org,001-466-220-0063,Technical,False
750,306,Brandon Davies,benitezmichele@example.com,815.800.5718x60280,Finance,True
751,306,Michael Hayes,willissheena@example.com,5832968296,Procurement,True
752,306,James Howard,gregg33example.net,(517)906-1600x09193,Technical,False
753,307,Dawn Cole,mwang@example.net,(553)427-0225,Finance,True
754,307,Christopher Mcgrath,jeffreythompson@example.net,+1-618-555-3373x1207,Decision Maker,False
755,307,James Contreras,steve75@example.org,356-847-6323x4516,Finance,True
756,308,Michelle Edwards,youngdavid@example.net,5662446370,Procurement,True
757,309,Elizabeth Rojas,kschmitt@example.net,(729)613-1066x929,Decision Maker,True
758,309,Jesse Martinez,rogerslisa@example.net,916-960-3141x303,Procurement,False
759,309,Zachary Hendricks,finleymark@example.com,001-461-544-9496x5623,Decision Maker,False
760,309,Victoria King,william01example.com,(622)535-5077,Decision Maker,True
761,309,Deborah Roberson,vboone@example.com,6109629084,Technical,True
762,311,Joel Jackson,debra12@example.org,001-252-296-8822,Technical,True
763,311,David Brown,mark11@example.com,(369)347-1177x17102,Procurement,False
764,311,Christopher Mathews,jonesamanda@example.net,650-895-2073x20802,Technical,False
765,312,Jason Weaver,tbell@example.com,(399)624-2728x022,Technical,True
766,314,Jennifer Graham,esloan@example.org,+1-596-779-2129x979,Finance,True
767,314,Steven Phillips MD,dawnpatton@example.com,759-262-9983x24090,Technical,False
768,314,Nicole Curtis,invalid_email,332-650-4993,Decision Maker,False
769,314,Timothy Patton,kanderson@example.org,414.854.4348,Decision Maker,False
770,316,Catherine Smith,stewartmatthew@example.org,(842)781-2842,Finance,False
771,316,Anthony Rodriguez,kayleethomas@example.net,+1-882-259-7834,Procurement,False
772,316,Andrea Johnson,rodriguezveronica@example.org,645.838.8860x1359,Technical,False
773,317,Mark Martinez,aarroyo@example.org,257.772.1991x11039,Technical,False
774,317,Christopher Yu,mark40@example.org,279-362-8287,Finance,False
775,317,Jonathon Bean,nguyenmichael@example.com,001-745-204-5819x490,Decision Maker,False
776,317,Michael Dawson,ulawrence@example.com,608.477.6396,Technical,False
777,318,Joseph Green,william59@example.com,(710)685-8112x4958,Decision Maker,True
778,318,Alexis Martin,schmidtshariexample.com,661.961.8881,Procurement,False
779,318,Nicholas Choi,yhoward@,702.427.5300x9519,Technical,True
780,318,Christopher Price,teresafarmer@example.net,+1-863-255-4722x7135,Decision Maker,False
781,319,Joseph Martinez,spearsmatthew@example.com,+1-202-694-4926x88569,Decision Maker,True
782,319,Jesse Garcia,hillkristinaexample.org,(605)235-2759x3672,Technical,False
783,320,Benjamin Rowe,richard27@example.com,(465)875-1508x8442,Decision Maker,True
784,320,Tracy Barr,mccluremaria@example.net,(340)862-2564x24237,Finance,True
785,321,John Ramirez,boltonkimberly@example.org,(464)277-4355x50800,Finance,False
786,321,Rachel Hicks,wolfeamy@example.org,(202)368-6334x59655,Technical,False
787,321,Melissa Mcdowell,invalid_email,830.959.0313x729,Finance,True
788,322,Kathy Howe,iallen@example.org,(478)630-8776x632,Finance,True
789,322,Willie Johnson,nfields@example.com,+1-332-457-7926,Technical,True
790,323,Andrew Clark,edeleon@example.org,597-954-7458x653,Procurement,True
791,323,Kathleen Lee,arielconner@example.org,545.586.1446,Procurement,False
792,323,Joshua Black,powellheather@example.org,+1-528-366-3210x467,Technical,True
793,323,Benjamin Martin,matthewjones@example.com,(723)911-2781x7685,Technical,False
794,324,Brenda Brown,lorettafritz@example.net,8777947916,Decision Maker,True
795,324,Samantha Bridges,julie46@example.net,+1-284-745-8034x538,Finance,True
796,324,Steven Mora,johnsonsamantha@example.com,001-856-603-8736,Decision Maker,True
797,324,Jason Dixon,amanda95@example.net,778-484-3860,Decision Maker,True
798,324,Leslie Carney,johnsonvalerie@example.net,(336)702-1533x9216,Decision Maker,True
799,325,Jennifer Thompson,buckleyteresa@example.com,(251)818-8621x807,Procurement,False
800,325,Jean Smith,jonathanburgess@example.org,987-276-3157,Finance,True
801,325,Micheal Jones,stevenwilkinsexample.net,9589407669,Decision Maker,False
802,325,Dana Combs,nallen@example.org,434-934-3824,Technical,False
803,325,Kenneth Carter,william64@example.net,825-763-8839,Decision Maker,True
804,327,Jennifer Romero,andrew71@example.org,(763)882-1187,Technical,True
805,327,Evan Jackson,thomascasey@example.net,743-687-7790x568,Technical,True
806,327,Christian Holt,ujohnson@example.com,(657)749-0275,Technical,False
807,327,Amanda Nelson,jamieramirez@example.com,664-220-1309x104,Finance,True
808,327,Elizabeth Morgan,baileyevelyn@example.net,(380)859-2803x26492,Finance,True
809,329,Jeffrey Wang,christina81@example.com,215.734.0747,Technical,True
810,329,Darrell Anderson,christina16@example.net,2917455579,Technical,True
811,329,John Barr,richardserik@,223.339.5593,Finance,False
812,329,Kenneth Carrillo,christopher27@example.org,731-369-0818x35965,Procurement,True
813,330,Austin Phillips,kenneth22@example.org,705-586-3038,Procurement,True
814,330,Kevin Gonzalez,aaronramos@example.com,235-855-6513x4081,Finance,False
815,331,Stephanie Lara,tcollins@example.com,479-841-1839,Technical,True
816,331,Joy White,perezkyle@example.com,646.266.2539,Decision Maker,False
817,332,Sandra Morris,derekclark@example.net,+1-455-947-7119x29022,Procurement,False
818,332,Alexander Chapman,patrickmolina@example.org,785.272.3894,Procurement,True
819,332,Dillon Torres,spencegeorge@example.com,646-830-1804,Technical,False
820,332,Angelica Clark,stephendixon@example.com,001-973-479-7795x5093,Decision Maker,True
821,333,Heather Haynes,jackson17@example.com,001-402-605-0327x39417,Finance,False
822,333,Jessica Prince,grahamdustin@,6149133856,Finance,True
823,333,Bradley Everett,hortiz@example.net,335-570-2323,Finance,True
824,333,Eric Stokes,wolfemonica@example.net,918-478-5369x26019,Decision Maker,False
825,335,Jennifer Bean,breannawong@example.com,626.305.6680,Finance,True
826,336,Betty Parker,angelmorgan@example.org,001-850-832-2438,Finance,False
827,336,Albert Miller,fcarlson@example.com,884.536.1213x38036,Procurement,False
828,336,Pamela Buckley,johnstonjacqueline@example.com,+1-638-378-5922x896,Technical,False
829,336,Jenna Shaw,hallaustin@example.org,496-295-0707x7143,Decision Maker,False
830,336,James Matthews,reyesmary@example.org,(753)890-5004,Procurement,True
831,337,Nicholas Warren,richardlee@example.com,(542)750-1763,Decision Maker,True
832,337,Aimee Ramirez,carlos87@example.org,+1-403-500-1472x386,Technical,True
833,337,Kristin Rogers,warnerrichard@example.com,543-220-3694x5915,Decision Maker,True
834,337,Kaitlyn Perez,richard77@example.org,890-413-9603x686,Decision Maker,True
835,338,Tracie Burton,tbennett@example.net,568.322.9379x651,Technical,False
836,338,Chad Brady,joshuachaney@example.com,854.616.1221x17878,Technical,True
837,338,Anthony Perez,marknelson@example.net,227-286-4798x41571,Technical,False
838,338,Courtney Allen,seanbaker@example.org,688.521.3757,Decision Maker,True
839,338,Alan Wong,dsalinasexample.com,+1-863-263-5906x766,Technical,True
840,339,Kurt Sweeney,tiffanywilson@example.com,884-834-3717,Procurement,False
841,339,Mark Parsons,mauricecarter@example.com,+1-291-709-7310x0761,Procurement,False
842,339,Chase Shepherd,dbenson@example.org,(312)760-0795x237,Decision Maker,True
843,339,Debra Shepherd,dillon81@example.com,001-303-455-2751x541,Procurement,True
844,339,Alison Diaz,hcastaneda@example.com,947-907-7111x5872,Technical,True
845,340,Morgan Bautista,vmiller@example.net,768-918-8036x860,Procurement,True
846,340,Samantha Walton,yharris@example.org,001-823-824-0341x2903,Decision Maker,False
847,340,Christina Montgomery,tristangonzalez@example.org,462.544.5561,Decision Maker,False
848,340,Brittany Arias,mbarnes@example.org,(698)398-3550x15214,Procurement,False
849,340,Rebecca Gross,jarvissteven@example.org,376-431-4472x41159,Decision Maker,False
850,341,Anna Meyer,rileyrobinson@example.org,(701)373-0485x95071,Decision Maker,False
851,341,Sarah Kramer,hollandjason@example.net,(701)223-0804,Technical,True
852,341,Robert Phillips,michaelconley@example.com,277.979.5057,Decision Maker,True
853,341,Arthur Bryan,ydeleon@example.com,737.390.3568,Procurement,False
854,341,Sarah Galvan,christine23@example.net,001-403-513-4598x38260,Procurement,True
855,342,Christine Vega,invalid_email,698-437-5119,Procurement,False
856,342,Joshua Burton,obaker@example.org,(928)755-4748x2046,Finance,True
857,342,Deborah Robinson,lorijohnson@example.org,001-824-725-4186,Finance,True
858,342,James Williams,fordsamantha@example.org,(300)260-3105x9112,Finance,True
859,342,Rebecca Haas,lcannon@example.org,001-865-808-1261x147,Decision Maker,True
860,343,Eric Johnson,delgadokaren@example.org,001-993-631-8821,Procurement,True
861,344,Paul Cooper,amymann@,958-627-0296,Finance,False
862,344,Donald Thomas,travis79@example.org,854.709.2229,Technical,False
863,345,Mark Kennedy,johnanderson@example.net,639-387-0684x3429,Procurement,True
864,346,Mrs. Meredith Snyder MD,victorialambert@example.org,001-267-554-7448x1311,Decision Maker,True
865,346,Mason Lee,williehill@example.net,378-362-2892x82003,Finance,False
866,346,Shane Jones,amanda70@example.com,926-541-5685x452,Technical,True
867,347,Jason Reed,ronnieherrera@example.com,001-268-488-4544,Decision Maker,True
868,347,Diana Gonzalez,dudleymichael@example.org,+1-746-227-6711,Decision Maker,True
869,347,Chase Lopez,lewisamanda@example.net,921.207.4853,Procurement,True
870,347,Teresa Turner,ntate@example.org,3925471308,Technical,False
871,347,Paul James,wigginsmichele@example.net,+1-850-453-3737,Decision Maker,True
872,350,Jessica Pierce,invalid_email,263-388-3873x613,Finance,True
873,350,Samantha Williams,timothybell@example.net,770-447-3308x733,Finance,True
874,350,Traci Jackson,evansbrett@,445-276-6791x59182,Technical,True
875,352,Ronald Gibson,blakejacob@example.com,(288)784-2361x192,Decision Maker,True
876,352,Dr. Lisa Whitehead DDS,ashleyadams@example.net,(261)209-2586,Decision Maker,True
877,352,Michael Ramsey,brian54@example.org,(462)213-4462,Finance,True
878,352,Paul Huang,daniel01@example.net,759.392.1700x994,Finance,True
879,352,Tonya Conway,alanrobertson@example.com,001-902-795-7382x93386,Technical,False
880,353,Heather Lopez,robert72@example.com,+1-348-879-7387x68308,Finance,True
881,354,Kimberly Lopez,mwebb@example.org,7749803347,Procurement,False
882,354,Lindsey Hartman,hillsusan@example.org,885.707.1092x35156,Finance,True
883,354,Patricia Hayes,james20@example.net,+1-929-981-5148x170,Procurement,False
884,355,Patrick Johnson,marissa48@example.net,(887)893-2217x64760,Technical,True
885,355,Steven Lutz,stokeslarry@example.org,506-287-3868,Decision Maker,True
886,355,Aaron Guerrero,hdavis@example.com,001-704-782-4660x014,Procurement,False
887,355,Ann Johnson,deborah76@example.org,+1-615-565-8807x3863,Technical,True
888,355,Allison Murphy,bstephens@example.com,(425)886-8423x70825,Technical,True
889,356,Stacey Hooper,benjamingarner@example.org,+1-869-232-8781x56870,Procurement,False
890,357,Vanessa Taylor,cardenasgary@example.com,+1-440-243-5973x6378,Technical,True
891,357,Ronald Johnson,zunigatyler@example.net,715-344-7150x189,Procurement,True
892,359,Rodney Gomez,brennanvalerie@example.net,801-789-1961x26034,Finance,False
893,359,Gregory Campbell,zacharymahoney@example.com,(750)816-9228,Finance,True
894,359,Robert Browning,stevenssarah@example.net,001-397-720-7403,Procurement,False
895,359,Caroline Smith,mcdanieljessica@example.org,+1-452-311-1863x41912,Technical,True
896,359,Kirsten Powell,chadandrade@example.com,259.438.7830,Procurement,True
897,360,Louis Chavez,riosjoseph@example.com,001-426-730-8286,Decision Maker,True
898,360,Jesse Guerrero,harrismatthew@example.net,001-588-303-9353x9526,Technical,True
899,361,Margaret Fox,dillonjohnson@example.org,700.234.2434x55673,Technical,True
900,361,Alexis Cox,christopherperez@example.org,721.358.9140x7826,Finance,True
901,361,Jordan Black,srodriguez@example.net,001-469-266-1067x498,Finance,True
902,361,Joseph Huynh,coxeric@example.net,810-596-2563,Finance,True
903,361,Miss Haley Cooke,atran@example.net,6725290332,Procurement,True
904,362,Kristen Wall,angelaho@example.com,(313)472-8671x3982,Procurement,True
905,365,Melvin Brock,michael74@,383.629.6421,Decision Maker,True
906,369,Nicholas Perkins,benjamin86@example.org,345-810-0979x655,Decision Maker,True
907,369,Karen Raymond,elizabethcurtis@example.net,+1-908-464-3065x909,Technical,True
908,370,Anna Eaton,xmorgan@example.com,519-918-4222x84996,Finance,True
909,370,Renee Martinez,srichard@example.com,3487079418,Technical,False
910,370,Jason Hardy,fredanderson@example.org,6248288831,Procurement,True
911,371,Morgan Fox,cthompson@example.org,(628)987-9748,Finance,True
912,371,Roger Klein,tmiranda@example.net,239.808.7524x90082,Decision Maker,False
913,371,Samuel Ford,gjones@example.org,(764)833-8219,Finance,True
914,371,Christopher Wilson,derrick52@example.com,267.884.1467,Decision Maker,True
915,372,Alexa Nguyen,amy71@example.net,+1-578-298-2245x63580,Finance,True
916,372,Tasha Moore,pamela41@example.org,001-826-529-8568x22992,Procurement,False
917,373,Katherine Li,monica09@example.org,+1-882-229-2679x38642,Technical,True
918,373,Joseph Taylor,julia33@example.com,464-981-3380x31295,Procurement,True
919,373,Abigail Barker,claire68@example.com,453-664-1302,Technical,False
920,373,Bryan Stone,ricardoreynolds@example.net,(217)391-7380x44509,Procurement,True
921,374,Kathleen Wilkerson,uevans@,646-923-0137,Finance,True
922,375,Tara Miller,benjamingardner@example.org,779-744-6197x925,Finance,True
923,375,Deanna Evans,qwilliams@,771-677-1354x1248,Finance,False
924,376,Michael Wright,katherine83@example.org,398-671-4440x08212,Finance,True
925,376,Michele Flores,websterbrittany@example.net,+1-339-353-7832x333,Technical,True
926,377,Isaac Bryant,benjamin56@example.org,(998)551-5542x004,Procurement,False
927,377,Charles Francis,kellikelly@example.org,(599)536-3753,Procurement,False
928,377,Julie Hall,cassandra53@example.net,(304)463-6782x9273,Procurement,False
929,378,Deanna Price,christian63@example.com,001-489-958-0533x157,Technical,False
930,378,David Gonzalez,franklintonya@example.com,8228310908,Technical,False
931,378,Kerri Ross,lisa54@example.net,(312)490-5652x047,Finance,False
932,378,Sharon Kent,brownmichael@example.com,001-581-535-9331x9536,Procurement,False
933,379,Monique Johnson,tinarhodes@example.net,228.436.9234,Decision Maker,True
934,379,Robert Forbes,luis89@example.net,332-910-2837x9751,Decision Maker,False
935,379,Kristen Cox,smithtravis@example.net,556-298-4413x5634,Procurement,True
936,380,Susan Gonzales,barnesmaria@example.com,8003135244,Decision Maker,True
937,380,Becky Tucker,matthewpowers@example.com,841.775.6843x03078,Technical,False
938,380,Kenneth Garcia,nealkimberly@example.com,+1-352-876-3057x9647,Finance,True
939,380,Phillip Jones,harrismandy@example.org,890-591-6105,Decision Maker,True
940,380,Timothy Haynes,bryansmith@example.net,+1-761-713-6786x45291,Finance,True
941,381,Sonia Nicholson,felicia94@example.com,4479452131,Decision Maker,False
942,381,James Le,leahcox@example.net,782.269.1314,Finance,False
943,381,Jason Leonard,dakota49@example.org,373-897-2869,Procurement,True
944,381,Raven Collins,omitchell@example.net,001-636-502-6816x10127,Decision Maker,False
945,382,Christine Green,katherinemartinez@example.org,(545)295-2156x4422,Finance,True
946,385,Cheyenne Johnson,invalid_email,+1-988-836-3056,Decision Maker,True
947,385,Jacqueline Thompson,stevenmurphy@example.net,(374)332-6061x0758,Decision Maker,True
948,385,Jordan Williams,sharon89@example.net,578-728-8843x81848,Procurement,True
949,385,John Sexton,curtisgabriella@example.net,398.414.3653x181,Finance,False
950,385,Valerie Herring,wilsonkatie@example.org,+1-770-978-6294,Finance,False
951,386,Dr. Adrienne Allen,knightholly@example.org,001-363-743-6302x164,Decision Maker,False
952,386,Gail Adams,zthomas@example.net,001-471-785-7928,Procurement,True
953,386,Jason Davis,richardnichols@example.org,001-275-503-1918,Finance,True
954,387,Alice Smith,kara79@example.net,001-937-887-7220,Finance,True
955,388,Charles Sherman,bwillis@example.org,001-602-447-1197x5579,Finance,False
956,389,Clinton Ross,sjohnson@example.com,318-826-1014,Finance,False
957,389,Stacey Buckley,patrick11@,224.441.2264x867,Finance,True
958,390,Lynn Martin,brandonraymond@example.com,937.536.8096x997,Finance,True
959,390,Ronald Grimes,icordova@example.org,+1-868-747-9978x174,Procurement,False
960,390,Jennifer Smith,xcameron@example.org,339.701.1457x1391,Finance,True
961,391,Lynn Jones,ggray@example.net,472.784.0253,Procurement,False
962,391,Traci Gonzales,adrienne10@example.com,(670)841-7686,Procurement,True
963,391,Michael Solis,farmercynthia@example.org,226.802.0345x708,Technical,True
964,392,Laurie Rogers,derrickgreen@example.org,001-678-245-9516x424,Decision Maker,True
965,392,Kelly Gonzales,curryemily@example.org,658-555-5481x1584,Procurement,False
966,392,Chris Williams,thompsonaprilexample.net,+1-327-977-0082,Decision Maker,True
967,392,Stephanie Figueroa,egordon@example.net,001-215-910-3260x494,Technical,True
968,392,Patricia Garcia,nathanjones@example.com,797-283-1076,Procurement,False
969,394,Maria Tran,jacksonchadexample.net,3219734686,Decision Maker,False
970,395,Lisa Burnett,kelseypeterson@example.com,576-463-3022,Finance,False
971,395,Linda Elliott,fhoffman@example.net,001-427-842-3634x2056,Procurement,False
972,396,Peter Giles,alicia15@example.com,282-728-1533x44627,Decision Maker,True
973,396,Eric Mccullough,asimmons@example.com,+1-296-513-8290x773,Decision Maker,False
974,396,Dana Gonzalez,fthompson@example.com,(938)662-7853,Finance,True
975,396,Robin Blake,hartteresa@example.org,365-499-0370,Procurement,True
976,396,Adam Jackson,dwhite@example.net,6812113950,Technical,False
977,397,Robert Hamilton,oclark@example.net,809.462.9057,Procurement,False
978,397,Mark Stanton,terryfox@example.org,255.249.4667x36701,Finance,False
979,397,Thomas Houston,paul49@example.org,397.296.9921x4881,Finance,False
980,397,Roy Mcmahon,watkinsheather@example.net,+1-348-761-2157x99965,Decision Maker,False
981,397,Derrick Anderson,barbara26@example.org,001-245-391-4231,Finance,True
982,398,Adrienne Porter,smithalexandria@example.org,886-489-8706,Finance,True
983,398,Oscar Houston DDS,william27@example.org,2732689290,Finance,True
984,398,Sean Norman,cfisher@example.net,+1-684-411-5042x3336,Decision Maker,True
985,399,Donna Espinoza,vaughanwilliam@example.org,001-879-771-1076x85798,Technical,True
986,399,Savannah Perez,adam94@example.org,789.317.2182,Procurement,True
987,399,Christopher Jenkins,melissa82@example.org,+1-244-791-8478x881,Decision Maker,False
988,400,Madison Chen,stephenbullock@example.net,(276)233-1280x6225,Technical,False
989,400,Misty Smith,daniel09@example.org,535-970-4375x812,Finance,False
990,400,Ethan Jenkins PhD,wendy72@example.org,(759)517-3965x209,Finance,True
991,401,Tiffany Ellis,andrewrodriguez@example.net,627.206.3355x4777,Technical,False
992,403,Marvin Smith,rebeccafloyd@example.org,651.565.0655,Technical,False
993,403,Maria Jackson,eanthony@example.com,895-692-5818,Technical,False
994,403,Matthew Davidson,pjordan@example.org,553.221.8784x1964,Technical,True
995,403,Jane Martin,taylorrebecca@example.net,532.994.8683x3067,Finance,True
996,405,Suzanne Murphy,randy93@example.net,858.441.6852x9718,Decision Maker,True
997,405,Jeffrey Baker,karencollins@example.net,401.286.1918x9274,Decision Maker,False
998,405,Michael Conley,colton11@example.net,+1-431-365-1135x45134,Technical,False
999,405,John Long,reynoldsaaron@example.org,222.447.9944,Finance,True
1000,405,Amanda Nelson,erin70@example.com,5896207558,Finance,True
1001,407,Kayla Hall,sharpbethany@example.com,548-284-2722x68096,Procurement,False
1002,407,Mary Smith,melissamata@example.org,+1-272-340-4289x133,Finance,False
1003,408,Natalie Schmidt,invalid_email,967-870-8578,Finance,True
1004,409,Norman Johnson,simmonsdennis@example.com,+1-842-486-6193x4033,Finance,False
1005,409,Erik Guzman,roberthays@example.com,622-653-3475,Decision Maker,True
1006,409,Mary Salazar,zuniganatalie@example.net,383-835-2828x8013,Procurement,False
1007,409,Tyler Wells,christinaolsen@example.net,587-956-4175x411,Procurement,False
1008,410,Sean Crane,brucegillespie@example.com,797-857-5490x66360,Decision Maker,False
1009,410,Michael White,rhorn@example.org,488-731-6501,Technical,True
1010,410,Douglas Pineda,lmurphy@example.org,+1-867-915-3663x110,Decision Maker,True
1011,410,Larry Johnson,tlang@example.net,(507)284-4651x564,Finance,True
1012,410,Kara Murphy,jennifer96@example.org,001-539-893-9937x580,Decision Maker,True
1013,412,Elizabeth Chase,xdaniels@,(828)571-3177x58863,Decision Maker,False
1014,412,David Wagner,popecameron@example.com,831-436-9501,Decision Maker,False
1015,412,Joseph Garcia,odixon@example.net,+1-969-743-2034x05142,Decision Maker,False
1016,413,Nicole Swanson,jennifer02@example.net,343-913-3458,Decision Maker,True
1017,413,Cathy Guerra,ysmith@example.org,299-567-4376,Technical,False
1018,414,Edward Acosta,townsendtimothy@example.org,+1-387-601-3287x25535,Finance,True
1019,414,Gregory Garcia,stephaniesalazar@example.net,768-259-2144x75936,Decision Maker,False
1020,415,Kelsey Knox,gonzalezdaniel@example.com,663-221-0056,Procurement,False
1021,415,Victoria Price,judithraymond@example.org,001-718-877-7966x91925,Procurement,True
1022,416,Richard Smith,whickman@example.org,326-741-8191,Decision Maker,True
1023,416,James Glenn,thomasfuller@example.com,+1-626-885-3132x289,Finance,False
1024,416,Amber Garcia,mramirez@example.org,993.306.5741x955,Technical,False
1025,416,Joseph White,fblankenship@example.com,7919975883,Decision Maker,True
1026,417,Nathan Barrett,jrodgers@example.com,756.760.5084,Technical,False
1027,418,Jonathan Martin,omartorres@example.net,764.866.0727x3770,Decision Maker,True
1028,418,Tyler Wheeler,nestrada@example.net,360.949.4989x4492,Finance,True
1029,418,Tonya Evans,eblair@,(493)386-7602,Procurement,False
1030,418,Joshua Diaz,newmandustin@example.net,(711)905-7829x93984,Finance,False
1031,418,Desiree Williams,brownemily@example.net,682-723-0873x662,Technical,True
1032,419,Maria Wilson,paulapollard@example.com,(615)614-1053,Technical,False
1033,419,Nicole Parker,jason97@example.com,(247)932-5687x7692,Technical,False
1034,419,Allison Marshall,hernandezchad@example.org,001-578-494-6789x6822,Decision Maker,False
1035,419,Monique Ware,mike08@example.net,001-659-638-9814x8534,Decision Maker,True
1036,421,John Cox,jimmyblake@example.net,+1-227-495-2911x63618,Finance,False
1037,421,Paige Walter,scottpeter@example.com,6804710187,Decision Maker,True
1038,421,Kristen Lewis,brandyharris@example.com,(871)760-7095,Procurement,False
1039,421,Sarah Sutton,nicolevaughan@example.net,(417)364-9516,Finance,False
1040,422,Sean Goodman,lrobertson@example.net,001-229-231-9847x8745,Technical,False
1041,422,George Johnson,fboone@example.net,+1-332-308-5459x87158,Procurement,True
1042,422,Rachel Schmidt,swansonbreanna@example.org,204-701-5547x60542,Decision Maker,False
1043,423,Stephanie Sullivan,mackdavid@example.net,001-766-782-9087x62290,Decision Maker,True
1044,423,Ana Mitchell,millermarc@example.com,3643333148,Procurement,True
1045,423,Melissa Gallegos,williamslucas@example.com,681-861-2506,Procurement,True
1046,424,William Brooks,invalid_email,8849230152,Decision Maker,True
1047,424,Jeremy Villanueva,amy58@example.net,2787878338,Finance,False
1048,424,Erin Bartlett,wesleyowens@example.com,700-274-4469,Technical,True
1049,425,Laurie Mitchell,pgordon@,001-706-425-0640x1448,Decision Maker,True
1050,425,Kayla Morales,davismarvin@example.com,+1-418-498-5535,Decision Maker,False
1051,426,Brent Brooks,nicole76@example.net,001-578-531-9801,Technical,True
1052,427,Joseph Hall,lewisjessica@example.net,425.605.4124,Procurement,True
1053,427,Richard Marshall,brandon74@example.com,922-644-4231,Decision Maker,False
1054,427,Julian Thompson,laurennelson@example.net,426.350.4014,Technical,True
1055,427,Alyssa Mayer,carlwilliams@example.org,913.646.5349x422,Procurement,True
1056,428,Nancy Fernandez,jeremyryan@example.com,001-906-351-3159x74404,Decision Maker,True
1057,428,Mr. Bradley Mitchell,klee@example.net,001-672-650-8638x5973,Finance,True
1058,428,William Davies,lisadean@example.org,001-488-294-7933,Procurement,True
1059,428,Kevin Hensley,nelsoncourtney@example.org,752.946.5705x374,Finance,True
1060,428,Pamela Rogers,wilsonlinda@example.net,377.620.0897,Technical,True
1061,430,Courtney Ramirez,kimberlyphillips@example.com,001-453-852-4417x6679,Decision Maker,True
1062,430,Lee Stewart,markmarks@example.net,001-909-445-1848x7186,Finance,True
1063,430,Joe Velasquez,xwilson@example.com,(671)548-0062x94409,Decision Maker,True
1064,432,Matthew Moyer,igriffin@example.org,356-885-8926x205,Finance,False
1065,432,Dennis Ruiz,kim57@,382-848-7872,Finance,True
1066,433,Brenda Johnson,copelandjoe@example.net,209.491.5702x91826,Procurement,False
1067,433,Mrs. Darlene Rhodes,adamhubbard@example.net,930.331.7986,Decision Maker,True
1068,434,Rebekah Irwin,ehunt@example.com,(869)677-4257,Finance,True
1069,434,Kristen Norman,kristen34example.net,9757789288,Decision Maker,False
1070,434,Brandon Flynn,hernandezsteve@example.org,453.487.5205,Finance,True
1071,434,Katherine Price,brian07@example.net,8993593274,Procurement,True
1072,434,David Brown,robertjonesexample.net,577.359.9045x46178,Procurement,False
1073,435,Jennifer Leonard,sharris@example.com,751.237.9643x97901,Finance,False
1074,435,Joseph Hopkins,stephensonkimberly@example.com,+1-331-905-4494x3761,Finance,True
1075,436,Mallory Molina,jeffrey28@example.org,433.661.8136x71065,Decision Maker,False
1076,436,Lisa West,ytucker@example.net,+1-255-716-4346,Technical,True
1077,436,Anna Ross,sarah86@example.net,001-204-680-8693x51485,Finance,False
1078,438,Mr. Michael Guzman MD,daviswilliam@example.org,422-930-0486x451,Decision Maker,False
1079,438,Chad Nelson IV,rhonda84@example.net,+1-929-998-8219x4694,Technical,False
1080,438,Jon Barton,tomdavis@example.com,845.428.2982x1018,Procurement,True
1081,438,Lisa Ramos,ataylor@example.net,518.346.3529x381,Technical,True
1082,439,Joseph Bishop,kevin64@example.com,+1-303-947-6415x78489,Decision Maker,False
1083,439,Stacy Lopez,thorntonlori@example.net,651-718-1145x177,Finance,False
1084,439,Michelle Robles,allenzachary@example.net,001-984-805-7997x15216,Procurement,True
1085,440,Lynn Harris,anthonywalker@example.net,(249)981-8254,Technical,True
1086,443,Jason Mcdowell,zmartinexample.net,+1-791-956-4719x7956,Finance,True
1087,443,Renee Baker,kentdawn@example.net,814.428.8654x4304,Decision Maker,True
1088,444,Brittany Schwartz,kyletaylor@example.com,+1-952-931-5104x6431,Technical,False
1089,444,Anthony Davis,lprice@example.com,810.989.2069,Technical,False
1090,445,Christine Richardson,pgilmore@example.com,4489601302,Decision Maker,False
1091,445,Jason Morgan,millerjason@,001-527-780-1912,Decision Maker,False
1092,445,Audrey Potter,kaylariddle@example.org,701.882.8877x6456,Technical,True
1093,445,Willie Bass,john79@,886.901.7815x1479,Technical,True
1094,445,Krystal Bender,donna95@example.net,510.393.8849x553,Decision Maker,True
1095,446,Diana Taylor,michellerodgers@example.com,001-652-868-1595x740,Finance,False
1096,447,Terry Hernandez,urivera@example.net,001-937-990-0152,Finance,False
1097,447,Paul Doyle,karina12@example.com,958.734.4027x57326,Technical,False
1098,447,Barbara Miller,susansmith@example.net,809.438.2967x81432,Decision Maker,False
1099,448,Betty Johnson,moranchristine@example.net,(473)306-5045,Technical,False
1100,448,Cody Hill,christophercruz@example.org,2604216986,Procurement,True
1101,448,Olivia Barnes,jeffrey20@,+1-323-752-5709x065,Finance,False
1102,448,Amber Hawkins,alison18@example.com,619-248-5325,Finance,True
1103,449,Austin Mcbride,hernandezrobert@example.net,426.214.2582x4601,Finance,False
1104,449,Luke Ramirez,cheryl91@example.org,326-868-0575x5224,Decision Maker,True
1105,449,Kelly Chavez,ctaylor@example.com,498.442.9530,Finance,True
1106,449,Nicole Potts,corey64@example.org,5572625440,Decision Maker,True
1107,450,Patricia May,kari72@example.net,383-692-3990,Technical,True
1108,450,Doris Luna,rebekahgross@example.com,+1-549-549-0687x92768,Technical,True
1109,450,Norman Simmons,anthony40@example.net,903.445.2159x15197,Procurement,False
1110,450,Angela West MD,julie04@example.com,335-249-9684,Decision Maker,False
1111,453,Thomas Johnston,daniel41@example.net,595-401-3350x3569,Procurement,False
1112,453,Crystal Morgan,erichebert@example.net,948.308.8100,Finance,True
1113,453,Renee Mccann,iwang@example.org,7719462216,Decision Maker,False
1114,453,Frederick Rodriguez,lauraanderson@example.com,001-845-840-0165x670,Technical,True
1115,454,Michele Jackson,usaunders@example.org,(423)679-4912x19117,Procurement,True
1116,454,Madison Green,invalid_email,798.535.1245x7580,Decision Maker,True
1117,454,Carlos Smith Jr.,benjaminibarra@example.com,360-779-6068,Procurement,False
1118,455,James Ellis,ortizbrianna@example.net,911-862-8443,Finance,False
1119,455,Brandon Young,orodriguez@example.net,(987)804-6665x83660,Decision Maker,True
1120,455,Curtis Schultz,vsimon@example.org,530.518.5036,Technical,True
1121,455,Jessica Wise,odaniels@example.net,+1-736-625-6037x2892,Technical,False
1122,455,Matthew Rodriguez,blevinsbrett@example.org,(514)600-6341x659,Procurement,True
1123,457,George Johnson,angelaewing@example.net,964.869.7217,Finance,True
1124,457,Angela Burns,melissabryant@example.net,+1-298-307-7970x67166,Finance,False
1125,458,Diana Murphy,kelseymclaughlin@example.org,578.425.4534,Technical,True
1126,458,Denise Johnson,esmith@example.com,362-432-5056x68157,Finance,False
1127,459,Joseph Marshall,edward93@example.net,001-664-873-2597x52122,Procurement,True
1128,459,Francisco Gregory,lawrence58@example.net,381.919.0000,Procurement,True
1129,461,Amy Stewart,josephjessica@example.org,+1-405-495-2727,Decision Maker,True
1130,461,Julie Myers,shawnharris@example.com,+1-907-310-2014x487,Technical,True
1131,462,Justin Bailey,floreschristina@example.org,+1-755-252-0702x9876,Procurement,True
1132,464,Monique Wright,stevenmendez@example.com,001-494-690-4102,Technical,False
1133,464,Leon Hopkins,tfloyd@example.com,+1-380-474-3659x39587,Decision Maker,False
1134,465,Autumn Berry,gregory62@example.net,+1-435-481-6991,Decision Maker,False
1135,465,Andrew Murray,leslie57@example.net,(369)261-2257x393,Technical,True
1136,465,Patricia Perez,ijohnston@example.org,523.992.5874x685,Decision Maker,True
1137,465,Michelle Moore,holtamanda@example.org,001-619-417-8151,Technical,True
1138,465,Michael Thomas,bgross@example.net,678-629-2233,Decision Maker,True
1139,466,Sarah Snyder,huntjohn@example.net,+1-883-575-4408x890,Decision Maker,True
1140,466,Keith Lucas,rebeccarice@example.com,(834)217-8057,Finance,True
1141,466,Mary Edwards,jeffrey75@example.org,+1-529-613-2155,Decision Maker,True
1142,467,Troy Diaz,hball@example.net,+1-863-244-7666,Finance,True
1143,468,Tammy Mcdaniel,robert54@example.org,001-554-297-5970x9912,Procurement,True
1144,468,Ryan Herring,kentjake@example.org,001-301-398-9523,Decision Maker,True
1145,468,Jason Jackson,kwilliams@example.org,416-682-1877x51612,Procurement,True
1146,468,Rebecca Riggs,joshuabishop@example.com,635.908.8585x497,Technical,True
1147,468,Michael Jenkins,austinfisher@example.net,(828)625-6825x11502,Finance,False
1148,469,Peter Long,dvaughanexample.net,+1-422-664-4522x932,Finance,False
1149,470,Christopher Mathews,wendymiranda@example.org,7757163638,Technical,False
1150,470,Joanna Leonard,murraywilliam@example.org,001-441-420-8299,Finance,True
1151,470,Michael Curry,bparker@example.com,966-555-7746,Technical,True
1152,471,Miranda Pearson,tuckerlinda@example.com,001-914-366-2508,Technical,True
1153,471,Keith Bradley,morganmorse@example.org,(984)772-2803,Technical,True
1154,471,Dawn Villarreal,michaelromero@example.org,001-878-995-4812x366,Procurement,True
1155,471,Brian Baldwin,aaronreeves@example.com,4102088981,Procurement,False
1156,472,Dana Thompson,qgallegos@example.net,(734)737-3702x6792,Procurement,False
1157,473,Michelle Davis,nkemp@example.net,+1-252-288-5618x15700,Procurement,False
1158,473,Ronald Martinez,devon58@example.net,881-300-1490x491,Finance,True
1159,473,Cristina Park,nathan38@example.com,(608)369-3097,Decision Maker,True
1160,474,Andrew Brooks,eringraves@example.org,967-313-9665,Procurement,False
1161,475,Bradley Gonzales,lauren60@example.org,(961)739-1051x747,Decision Maker,False
1162,475,Thomas Lowe,kingdarlene@example.org,559.876.2985x3630,Decision Maker,True
1163,475,Joe Burns,murphyregina@example.org,+1-226-930-1979x86962,Procurement,True
1164,475,Andrew Black,laura04@,(861)950-8522x14167,Decision Maker,False
1165,476,Jamie Ellis,romerojonathan@example.com,(886)518-9582x4803,Finance,False
1166,476,Penny Rivers,whoffman@example.org,868.307.9259,Procurement,True
1167,476,Beverly Leonard,kpayne@example.org,290-273-8256x158,Technical,False
1168,476,Virginia Rice,katherinenielsen@example.org,(711)928-9706x27637,Decision Maker,False
1169,477,Sheila Flores,ortegadonna@,944.843.8781,Finance,True
1170,477,Randy Villanueva,georgehamilton@example.net,791-921-3630x7089,Technical,True
1171,477,Gary Sampson,nharding@,(439)267-4815x69131,Decision Maker,True
1172,477,Scott George MD,amorrison@example.com,9524829505,Procurement,False
1173,477,Bradley Fuller,jessica60@example.com,866-597-3899x7517,Procurement,False
1174,478,Evan Davis DVM,melissagomez@example.com,901-481-1103x130,Finance,True
1175,478,Tammy Long,nrobinson@example.com,957-490-1362x5200,Procurement,False
1176,480,Mark Oliver,charles42@example.com,849-562-3090,Technical,False
1177,480,Jose Hood,jamielowe@example.org,722.599.3519,Decision Maker,True
1178,480,Emily Richards,derekaustinexample.org,(435)803-3735x5583,Finance,True
1179,480,Linda Richard,sonianelson@example.com,863.698.3023x39118,Decision Maker,True
1180,481,Jacqueline Baker,sdavis@example.com,+1-209-435-7014,Technical,True
1181,481,Sierra Moody,mackenziemoss@,+1-690-805-9440x7428,Technical,False
1182,481,Denise Nguyen,samantha33@example.net,732-216-7310,Technical,True
1183,481,Jason Mccoy,yhenry@example.org,750-273-3372,Technical,False
1184,482,Peter Harper,gsandoval@example.com,723-576-7682,Procurement,True
1185,482,Jason Williams,ygamble@example.net,384-977-2190,Finance,False
1186,482,Hailey Brown,mitchell36@example.net,+1-676-704-1668x765,Procurement,True
1187,483,Joanna Gallagher,ericasmith@example.net,(339)542-2009x298,Decision Maker,False
1188,483,Peter Smith,powelljustin@example.com,001-313-219-5769x67230,Procurement,False
1189,483,Robert Davis,bradleyedwards@example.net,(318)498-4169x3693,Finance,True
1190,485,Howard Sanchez,gholtexample.org,001-539-364-0937x074,Decision Maker,False
1191,486,Victoria Lin,invalid_email,279-350-2866x691,Decision Maker,False
1192,486,Elizabeth Hammond,brownashley@example.com,(539)229-5058x78397,Procurement,False
1193,489,Randy Porter,aaronmontes@example.com,4115419862,Technical,False
1194,489,Brittany Downs,fletcheralyssa@example.org,+1-359-432-1704,Finance,True
1195,489,Carlos Bentley,theresamooreexample.com,001-678-931-7290x088,Technical,True
1196,489,Paul Gonzalez,arthur68@example.org,9164574569,Finance,False
1197,489,Samantha King,hensonscott@example.net,001-550-974-8757x8860,Technical,False
1198,490,Amy Holmes,zgomez@example.net,633.517.4002,Finance,True
1199,490,Yesenia Walker,jennifer70@example.org,(872)976-6887,Decision Maker,True
1200,491,Nicholas Hays,melissaphelps@example.net,+1-274-677-7211x3646,Finance,False
1201,491,Melissa Jordan,ugrant@example.net,973-237-2476x352,Finance,True
1202,491,Jeffrey Martinez,linda78@example.com,+1-984-571-9897x1250,Decision Maker,False
1203,491,Luke Parsons,hogandiane@example.net,555-461-9455,Finance,True
1204,493,Darryl Stewart,joseph63@example.org,455-317-4202,Decision Maker,False
1205,493,Jonathan Jones,christophergray@example.com,497.479.2920,Technical,True
1206,493,Michelle Munoz,randy88@example.org,9593423363,Technical,False
1207,493,Hannah Harrington,edwardcole@example.org,+1-985-288-9526x1699,Finance,False
1208,493,Mark Sanchez,rhodeschristine@example.com,+1-717-369-3174x295,Technical,True
1209,494,Debra Todd,ashley90@example.com,2902765262,Finance,False
1210,494,Jill Collins,jenkinschristopher@example.net,630.493.9852,Decision Maker,False
1211,494,Tim Freeman,keithcraig@example.net,778-638-5565x3370,Decision Maker,True
1212,494,Michelle Morales,mary34@example.com,476.730.2722,Finance,False
1213,495,Cameron Blair,hernandezkristen@example.org,7182332749,Decision Maker,True
1214,495,Ruben Moss,cynthiabennett@example.net,+1-331-454-5517,Procurement,True
1215,495,Rachel Lamb,hpayne@example.net,9007042077,Procurement,False
1216,495,Ronald Atkins,hernandeztaylor@example.org,+1-783-523-4774,Procurement,False
1217,495,Sherri Mays,devon40@example.org,200-356-7149x9784,Decision Maker,False
1218,496,Kyle Young,vmatthews@example.com,+1-288-992-4497x763,Technical,True
1219,496,Rachel Johnson,cpeterson@example.com,+1-657-702-1784,Technical,False
1220,496,Michael Nixon,michaelsutton@example.com,477-547-2316x3893,Decision Maker,False
1221,497,Jermaine Lee,cmartin@example.com,+1-889-409-0901x8521,Technical,True
1222,497,Michael Abbott,laurenbrown@example.net,(796)211-9633,Finance,True
1223,497,Lauren Odonnell,katelyn14@example.com,722-242-5436x48164,Technical,True
1224,497,Anna Scott,rogersgary@example.com,669-257-3569,Procurement,True
1225,498,Joseph Beck,dylan62@example.net,9998812320,Finance,True
1226,498,Elizabeth Carter,emendez@example.com,001-794-545-5094x6094,Finance,True
1227,498,Jessica Howell,dominguezparker@example.org,701-379-2045x728,Technical,False
1228,499,Vincent Harris,samanthastewart@example.com,001-763-422-2007x3262,Finance,True
1229,499,Jennifer White,jonathanday@example.org,+1-982-927-4244x4186,Technical,True
1230,499,Aaron Wilson,sullivanmadeline@example.org,+1-543-507-3225x9253,Finance,False
1231,500,Kylie Sullivan,melissa03@example.net,536-521-5330,Finance,False
1232,500,James Haney,katherine78@example.com,675.311.2048x940,Technical,False
1233,500,Mark Golden DDS,christopherblair@example.org,+1-805-965-8924x3470,Procurement,False
1234,501,Amanda Williams,phillipsmelanie@example.com,951.505.7555,Procurement,False
1235,501,Timothy Odonnell,ilopez@example.org,354.349.2572,Decision Maker,False
1236,501,Theresa Brown,williamsomar@example.org,(422)306-7722x9511,Technical,False
1237,501,Matthew Lam,bowmanandrew@example.org,726-341-6368,Technical,True
1238,501,Lori Travis,martinrhonda@example.com,7077883399,Procurement,False
1239,505,Sara Jones,diazhaley@example.net,(643)250-0752,Procurement,False
1240,506,Amy Guerrero,cunninghamheidi@example.net,4117766617,Procurement,True
1241,506,Andrea Hall,sullivanmichael@example.net,952-399-8219,Procurement,False
1242,507,Jimmy Williams,craig96@example.com,(773)688-0394,Finance,True
1243,507,Michaela Garcia,howardelizabeth@example.org,9906929564,Decision Maker,False
1244,507,David Chavez,cameron12@example.com,786.820.1199,Decision Maker,False
1245,507,Jeanette Porter,paulkelly@example.net,339.909.3807,Decision Maker,True
1246,507,Michael Marquez,ivaldez@example.net,+1-712-554-7323x471,Technical,True
1247,509,Matthew Fernandez,daniel51@example.com,9606186542,Procurement,False
1248,509,Christina Smith,pamelaparker@example.com,515-713-9496x50716,Decision Maker,True
1249,509,Kellie Frost,jonesscott@example.org,879.917.3487,Finance,False
1250,509,Lori Sullivan,deborahclay@example.net,001-405-767-7263x1239,Finance,False
1251,510,Lisa Carroll,weaverkrystal@example.net,753-576-4282x5896,Decision Maker,True
1252,510,Richard Morgan MD,lmercado@example.com,819.586.9504x7345,Finance,True
1253,510,Charles Jones,davidcooper@example.com,(333)548-9167,Finance,True
1254,512,Nathan Cervantes,wwaters@example.org,001-874-861-4730x954,Procurement,True
1255,512,Mr. David Roach,castilloerika@,684-841-0584,Decision Maker,True
1256,512,Misty Escobar,greertimothy@example.com,226.726.7365x71145,Decision Maker,True
1257,512,Leah Lewis,ugreen@example.net,(765)376-4983,Decision Maker,False
1258,513,Amber Molina,glennward@example.com,837-227-6498x317,Decision Maker,True
1259,513,Aaron Gutierrez,kristina59@example.com,(815)623-3928x04796,Decision Maker,False
1260,514,Christopher Gutierrez,millerpamela@example.com,001-625-518-9347,Finance,True
1261,514,Lori Harris,obrienerin@example.com,(988)654-6304x5394,Technical,False
1262,515,Deanna Valenzuela,whunter@example.com,4148174412,Finance,False
1263,515,Alice Jensen,derek31@example.net,001-297-243-1036,Finance,True
1264,515,Melissa Campbell,snydertheresa@example.com,001-882-755-2802x58084,Technical,True
1265,515,David Robinson,nicolelopez@example.net,+1-360-476-3548x0787,Decision Maker,False
1266,516,Gregory Mann,stephen43@,001-769-664-3628x23783,Procurement,False
1267,516,Debbie Johnston,shepherdtimothy@example.com,(934)502-0582,Finance,False
1268,517,Jeffrey Lopez,hayesmatthew@example.net,+1-663-743-5664x1137,Procurement,False
1269,517,Tyler Hanson,qhebert@example.com,(758)534-0119,Finance,True
1270,517,Shannon Burke,davidmatthew@example.org,+1-963-656-2440,Technical,False
1271,517,Glenda Black,christophersantana@,361-490-3848x37373,Technical,True
1272,519,Joseph Miller,jonesanthony@example.net,(605)891-3993x74138,Procurement,False
1273,519,Matthew Baxter,yhouston@example.net,001-276-845-6918x72441,Finance,False
1274,519,Patricia Wright,kevin75@example.org,627.802.9985x03167,Procurement,True
1275,519,Michael Johnson,lindsaygomez@example.com,(467)428-7406x26824,Technical,False
1276,519,Johnathan Dixon,invalid_email,3202774427,Procurement,True
1277,520,Kaitlyn Davis,amanda53@example.org,+1-399-718-3977x424,Decision Maker,False
1278,520,Jason Stark,owenpatricia@example.org,793.496.4687x56644,Procurement,False
1279,520,Brett Bell,ulopez@example.org,001-821-597-5767,Decision Maker,True
1280,520,Carl Delacruz,zbanks@,7024151003,Decision Maker,True
1281,520,Amanda David,grantandrew@example.net,9465254111,Procurement,True
1282,521,Christopher Lee,royfisher@example.org,(662)318-3884x32414,Finance,False
1283,521,Brian Cortez,tina39@example.net,+1-729-702-0331x26004,Technical,True
1284,522,Rodney Hayes,ythompson@example.org,001-357-872-3581,Technical,True
1285,522,Adriana Roberson,jasonjamesexample.com,301-896-3738,Procurement,True
1286,523,Michael Whitehead,bryan52@example.com,+1-533-774-6707x72827,Procurement,True
1287,523,Brian Foster,invalid_email,+1-673-374-1134x8851,Procurement,False
1288,523,Anna Garcia,garciaalyssa@example.com,+1-216-519-7223x3486,Finance,True
1289,523,Lisa Davis,jaredmcfarland@example.com,300.863.5200x53314,Technical,True
1290,523,Kimberly Torres,jessicahampton@example.com,331.578.0650x4025,Decision Maker,False
1291,524,Patrick Garcia,afuller@example.com,439-382-2084x30097,Decision Maker,True
1292,524,Eric Carroll,mterry@example.org,598-596-9919,Procurement,False
1293,524,Brian Moore,jessicahess@example.org,(597)576-7339,Technical,False
1294,525,Bonnie Robinson,myerskatherine@example.net,001-618-666-5212,Procurement,False
1295,525,Carrie Garcia,invalid_email,2385135651,Technical,True
1296,525,Patrick Mccoy,deanthomas@example.com,716-363-4928x9303,Procurement,False
1297,525,Ryan Hall,barnestyler@example.com,+1-341-585-2245x3798,Technical,True
1298,526,Theresa Wright,heather49@example.org,(472)669-7479,Decision Maker,False
1299,527,Rebecca Zimmerman,smithcarolyn@example.org,(832)838-4434,Technical,True
1300,527,Autumn Thomas,millerangela@example.net,6449459552,Finance,False
1301,527,Cesar Jones,kellymiller@example.com,(957)258-2430x72586,Finance,False
1302,527,Heidi Mora,kelly69@example.com,+1-835-849-4671x934,Finance,True
1303,528,Rachel Pope,petersenpatricia@example.com,001-336-326-2286x77262,Technical,True
1304,528,Kelly Jacobs,jessica89@example.com,001-789-958-0020x542,Decision Maker,True
1305,528,Matthew Gordon,jessicakirk@example.org,+1-993-259-4456x850,Technical,False
1306,528,Cory Cruz,steven66@example.net,+1-524-807-9602x0581,Decision Maker,False
1307,528,Steven Medina,paul10@example.org,465.854.2315x9320,Technical,False
1308,529,Brandon Guzman,parkerkara@example.net,337-502-4199x366,Technical,True
1309,529,Dr. Madison Rogers,tiffany14@,775.691.4702x510,Technical,False
1310,529,Barry Tucker,rmoody@example.com,(493)358-8273x36355,Technical,False
1311,529,Peter Leon,robertstyler@example.com,001-770-699-1992x449,Decision Maker,False
1312,529,Frank Anderson,qlewis@example.com,427-751-9864,Finance,True
1313,530,Joseph Williams,invalid_email,638.632.0668x457,Decision Maker,False
1314,532,Donna Williams,tbaker@example.net,262-629-2346x52096,Finance,False
1315,532,James Vargas,matthew66@example.net,+1-344-741-3789,Finance,True
1316,532,Matthew Wright,elizabeth65@example.org,001-253-364-2796x597,Procurement,False
1317,532,Kristin Thompson,paul10@example.net,508-643-5914,Decision Maker,False
1318,532,Judy Graham,kyle28@example.net,001-570-489-5283x4992,Technical,False
1319,535,Jason Kelly,rodney44@example.org,719.804.4974,Finance,True
1320,535,Candace Webster,aguirrederek@,272-898-2530,Finance,False
1321,536,Kyle Lopez,davidsimpson@example.net,(787)419-9767x8206,Finance,False
1322,536,Christopher Aguirre,keyangela@example.net,710-443-2678x8120,Procurement,False
1323,537,Tyler Cline,oscartorres@example.com,311-864-6091x5690,Decision Maker,False
1324,537,Thomas Green,summersstacey@example.com,772-566-5089,Decision Maker,False
1325,539,Elizabeth Craig,kenneth76@example.org,554.620.5533x92512,Technical,True
1326,539,Elizabeth Walls,david07@example.com,(439)927-9317x8229,Finance,False
1327,539,Heidi Santana,samuelbassexample.com,(319)711-7881x8713,Procurement,True
1328,539,Alexis Fernandez,econtrerasexample.com,(842)690-0929,Procurement,False
1329,539,Jack Todd,hbrown@example.net,909.869.4267x262,Technical,False
1330,540,John Hubbard,nsimpson@example.org,(964)300-5457x0349,Technical,True
1331,540,Michael Johnson,gina39@,+1-959-702-8918,Technical,True
1332,540,Eric Thomas,shannon12@example.com,717.326.6863x55339,Technical,True
1333,541,Mr. Henry Ford Jr.,coltonkim@example.net,001-382-829-7996x34208,Technical,True
1334,541,Julia Barron,carlsonrobert@example.com,(380)716-7770,Decision Maker,True
1335,541,Jennifer Coleman,jared49@example.net,591.844.9870x274,Finance,True
1336,541,Dillon Mendez,shermanjaclyn@example.net,588.993.9360x295,Procurement,True
1337,542,Dr. Cindy Patel DDS,kimangela@example.net,711-627-2519x63733,Technical,True
1338,542,Nicholas Mason,thomasjames@example.org,(563)472-9332x1199,Decision Maker,False
1339,542,Amy Chavez,vfernandez@example.org,819.751.9642x604,Finance,False
1340,542,Thomas Ramirez,adamsdanny@example.net,(788)419-8682,Technical,False
1341,542,Karen Martin,lewiskeith@example.org,001-839-310-6139,Finance,False
1342,543,Robert Davidson,fbuckley@example.net,626.243.9958x238,Technical,True
1343,543,Jennifer Bryant,gthompson@example.net,380-934-8137x60055,Finance,False
1344,544,Stacy Massey,guypierce@example.org,919.923.6552,Procurement,True
1345,544,Katie Collins,garciarobert@example.com,959.377.4238,Technical,True
1346,544,David Berger,thomaskatherine@example.com,2534996688,Technical,True
1347,544,Jennifer Mason,nunezkathleen@example.org,(637)542-0815x21737,Decision Maker,False
1348,544,Mr. Christopher Fletcher DVM,matthew85@example.com,+1-218-310-2546,Decision Maker,True
1349,545,Holly Brennan,thomascooper@example.com,+1-467-644-9824,Technical,True
1350,545,Rachel Singleton,jamie88@example.net,375.382.5791x51066,Finance,False
1351,545,Kimberly Gross,nfields@example.net,912.667.0649x2757,Decision Maker,False
1352,545,Michael Casey,jacobjohnson@example.org,263-832-8490x9180,Procurement,True
1353,545,Marcia Edwards,jonathan03@example.com,635.653.2869x01479,Finance,True
1354,546,Robert Smith,bwarren@example.net,337.558.4617,Technical,False
1355,546,Jeffrey Hayden,jenny72@example.org,7982444344,Technical,False
1356,546,Wanda Buck,huntercarson@,260.427.5760x32348,Finance,True
1357,546,Donald Hammond,wilsonjessica@example.org,755-610-7337x590,Decision Maker,True
1358,547,Leslie Moore,courtneybaker@example.org,442.238.8751,Decision Maker,True
1359,548,Haley Gonzalez,newmanchristopher@example.com,(940)494-1350x857,Technical,True
1360,548,Christopher Todd,jason29@example.com,597.641.2204x5322,Finance,True
1361,549,Sierra Fields,nbaker@example.net,+1-643-360-4624x7058,Procurement,False
1362,549,Robert Stevens,williamsgene@example.net,669-784-7825x0855,Technical,False
1363,549,Robert Shelton,lbarnett@example.com,6129801074,Decision Maker,False
1364,549,Julie Fowler,woodwardomar@example.org,(813)339-0178x430,Decision Maker,True
1365,550,Jacob Miller,bryantkeith@example.net,001-293-591-2630x4465,Technical,False
1366,550,Lindsey Hanson,alexandra70@example.org,475.876.0982x991,Decision Maker,False
1367,550,Jacob Horn,graykatherine@example.net,+1-935-979-0408,Finance,True
1368,550,Shawna Gonzalez,jamesprice@example.org,676-863-6230,Decision Maker,False
1369,550,Carol Stewart,ecastillo@example.net,(306)765-3616,Technical,True
1370,551,Kimberly Walters,jamesbrown@example.com,+1-474-410-5707,Decision Maker,False
1371,551,David Rodriguez,ifleming@example.com,928-648-2685x15303,Decision Maker,True
1372,552,Michael Baker,xcollins@example.com,688-996-2169x27617,Decision Maker,False
1373,552,Megan Simpson,speterson@example.org,427-955-1481x62749,Technical,True
1374,553,Thomas Hale,valerie10@example.org,723-392-5829x0618,Decision Maker,False
1375,554,Amanda Roberts MD,wkelly@example.com,001-738-467-4086x96707,Finance,True
1376,555,Chad Davis,jennifermolina@example.org,+1-324-848-5993x955,Procurement,False
1377,555,Keith Mendoza,cherylduran@example.net,001-232-441-5323x183,Decision Maker,True
1378,556,Joseph Marshall,clarkjamie@example.net,554-399-2948,Procurement,True
1379,556,Mark Ferguson,jfitzpatrick@example.org,001-950-340-0019x6703,Technical,False
1380,557,Omar Rodriguez,nicholas48@example.net,+1-752-358-1358x19477,Procurement,True
1381,558,Jesse Holden,xsolomon@example.net,377-807-7779x678,Decision Maker,True
1382,558,Jacqueline Baxter,nramos@example.com,729-788-7198,Decision Maker,False
1383,558,Jessica Day,brandi21@example.org,215.867.0285x61711,Procurement,False
1384,558,David Morrison,alanaustin@example.com,859.510.6188x237,Finance,True
1385,558,David Reeves,bakercraig@example.net,001-925-350-7801x34134,Procurement,False
1386,559,Brian Wilkins,jaimeschneider@example.net,611.384.3563x05615,Finance,False
1387,559,Joshua Reeves,thompsonjames@example.com,001-202-245-3623x5716,Procurement,False
1388,560,Erin Jacobs,nicholas63@example.net,(290)216-5175x11002,Technical,True
1389,562,Benjamin George,holmesrenee@example.net,495-213-6442,Finance,False
1390,562,William Sutton,brianbrewer@example.net,971-819-4198x42352,Finance,True
1391,562,Danielle Sandoval,eerickson@example.net,503-708-8715x9485,Procurement,False
1392,563,Jesse Haney,peter98@example.net,(562)596-3181x45573,Procurement,True
1393,563,Tristan Simmons,mezakatie@example.com,523.610.7035x690,Decision Maker,False
1394,563,Steven Terry,carolcervantes@example.org,(611)837-0396x662,Procurement,True
1395,563,Colton Hebert,dudleywilliam@example.net,001-691-678-6404,Procurement,False
1396,565,Yvonne Kent,wesleyphillips@example.org,650.543.5407x430,Technical,False
1397,566,Brian Spencer,charlesrogers@example.net,001-799-407-5120x517,Technical,False
1398,566,Claire Gonzalez,gfowler@example.org,397.968.5120x30600,Technical,True
1399,566,Jason Barrett,wsullivan@example.com,471.783.0763,Decision Maker,True
1400,567,Bill Davis,samuel50@example.net,8985343608,Technical,True
1401,567,Paul Brewer,wrightdeborah@example.org,(236)615-7224,Finance,True
1402,567,Kyle Webb,webbchristine@example.org,+1-753-447-6814x8541,Finance,False
1403,567,Eric Savage,shannon02@example.com,+1-734-833-2104x7249,Decision Maker,False
1404,568,James Henry,bensongregory@example.org,+1-495-457-3515x026,Finance,False
1405,568,Brandi Perez,david19@example.com,(354)426-9286x041,Technical,False
1406,568,Angela Nguyen,johnnyboyle@example.com,001-525-982-0006x410,Decision Maker,False
1407,568,Amber Glover,pereznicole@example.org,(341)900-8407,Decision Maker,False
1408,568,Curtis Nguyen,invalid_email,(836)932-3881x573,Procurement,True
1409,569,Stacy Keith,mendozacynthia@example.net,(397)903-1036x3479,Decision Maker,True
1410,569,Betty Chavez,oconnordavid@example.com,(378)480-0811x888,Finance,True
1411,569,Kristi Mccall,candicefreemanexample.com,001-426-957-3401x8360,Decision Maker,True
1412,569,Christine Moore,beth18@example.org,001-675-443-5362x0747,Technical,True
1413,569,Linda Chandler,robert64@example.com,569.573.0857,Procurement,True
1414,570,Lee Haynes,jacob18@example.net,440-285-6699x377,Decision Maker,False
1415,570,Sierra Austin,amygreer@example.net,853.878.0642x2772,Decision Maker,True
1416,570,Amanda Wagner,llyons@example.net,001-450-373-1977x259,Decision Maker,True
1417,570,Nancy Parker,theresa57example.com,+1-903-637-2248x335,Procurement,True
1418,570,Nathan Zimmerman IV,thomaskim@example.org,423.412.5591,Finance,False
1419,571,Meredith Barron,dominguezkaren@example.net,(642)243-9841x351,Finance,True
1420,571,Kayla Bowers,fosteranthony@example.com,+1-943-493-3466,Procurement,True
1421,571,Jonathan Walker,lisahouse@example.com,+1-659-442-1261x7533,Finance,False
1422,571,Jason Thomas,jpope@example.net,592.455.1783,Finance,False
1423,572,Ronald Joseph,uhicks@example.net,376-415-3511x853,Decision Maker,False
1424,572,Patricia Nichols,andrewramirez@example.com,275.314.4559x582,Technical,False
1425,572,Cindy Harris,paula04@example.net,478-455-0209,Procurement,True
1426,572,Michael Cain,michaelmarshall@example.com,001-743-801-6145,Finance,False
1427,572,Jordan Dawson,zhallexample.net,(958)404-7397x75414,Finance,True
1428,573,Daniel Medina,wellsjennifer@example.org,9814496167,Procurement,True
1429,573,John Martin,afox@example.net,360-795-1761,Technical,True
1430,575,Gina Humphrey,rrowe@example.net,7166609188,Procurement,True
1431,575,Troy Perry,jennifer98@example.org,(601)471-0324,Decision Maker,True
1432,575,Lisa Powell,wayne78@example.org,761.357.2402,Decision Maker,False
1433,575,Daniel Watts,katherine78@example.com,+1-565-768-4156,Finance,False
1434,576,Jennifer Reynolds,mitchellcarol@example.net,834.932.1590x17267,Technical,False
1435,576,Sarah Sanchez,elliottmichael@example.com,001-759-299-8113x29410,Procurement,True
1436,576,Christopher Hopkins Jr.,dmiller@example.com,444.763.9499,Decision Maker,False
1437,577,Teresa Hutchinson,vgraham@example.net,(801)968-2727x763,Procurement,False
1438,577,Lisa Walton,robertslisa@example.net,+1-365-508-0527x1527,Procurement,False
1439,577,Angela Bryant,sherrijones@example.com,741-915-4934x79655,Decision Maker,False
1440,577,Amy Norris,pooleashley@example.org,(471)462-0392x333,Decision Maker,False
1441,577,Heather Johnson,invalid_email,5113504320,Technical,False
1442,578,Jeremy Valenzuela,shermanwendy@example.org,596.694.8151,Finance,True
1443,579,Andrew Spence,mcleanjose@example.org,(452)485-5060,Decision Maker,False
1444,579,James Daniel,rachel14@example.org,(224)308-5993x73781,Decision Maker,False
1445,579,Shannon Thompson,craigwebster@example.net,(557)221-8869x907,Decision Maker,False
1446,580,Andrea Bonilla,robertsontroyexample.org,001-637-307-7924x17543,Finance,True
1447,580,Jeremy Wiley,wramsey@example.net,239.292.8641x8833,Finance,False
1448,580,Norman Mercado,kingsteven@example.com,001-833-956-2156,Finance,True
1449,580,Jerry Smith,jacobgentry@example.com,001-951-999-9441x5033,Technical,False
1450,581,Anna Sexton,wrivera@example.net,(884)641-4664,Technical,False
1451,581,Samuel Thomas,maureen04@example.org,(333)652-9627x880,Procurement,True
1452,581,Anthony Mathis,christian04@example.net,+1-832-529-6905,Technical,True
1453,581,Marissa Rodriguez,jeremy81@example.org,298.327.2482x6458,Finance,True
1454,582,Steven Fuller,nicole95@example.org,480.716.0564x400,Procurement,False
1455,584,Katie Hill,justinfowler@example.com,284-883-3979,Decision Maker,False
1456,584,Lori Reed,htorres@example.net,456-675-8332x870,Finance,False
1457,584,Taylor Woods,montgomerycatherine@example.com,+1-983-510-3431x367,Technical,False
1458,584,Robert Thomas,ryancannon@example.com,001-446-916-2150,Decision Maker,False
1459,584,Amy Johnson,vrich@example.org,965-358-9047,Procurement,True
1460,585,Rachel Mitchell,seth73@example.org,329.531.7464,Decision Maker,False
1461,586,Jessica Beck,browndevin@example.com,+1-970-269-7860x07898,Finance,False
1462,586,Autumn Soto,luisdennis@example.org,+1-640-820-9213,Procurement,False
1463,586,Dr. Karl Johnston,michaeltaylor@,468.212.2904x5107,Technical,False
1464,587,Allison Eaton,santosshari@example.com,001-932-776-8891x2712,Technical,True
1465,587,Justin Adams,danielle53@example.org,463.787.9938x6510,Technical,True
1466,587,Marcia Flores,brownmichael@example.org,001-616-417-6204,Decision Maker,False
1467,587,Christopher Bradford,jacobsjessica@example.net,(949)491-2054x6329,Technical,True
1468,588,Lauren Harris,wendydavis@example.net,(971)396-2778,Technical,True
1469,588,James Mason,stephenmoreno@example.com,939-471-4257x661,Decision Maker,False
1470,588,Catherine Medina,sarah12@example.net,001-808-203-4217x16249,Decision Maker,False
1471,588,Mrs. Kristin Kelly,diane73@example.org,+1-799-703-7377x3460,Procurement,True
1472,588,Carlos Taylor,sarahchavez@example.net,(306)927-7189x76580,Technical,True
1473,589,Lauren Johnson,ericnash@example.com,(914)615-9211x8023,Procurement,True
1474,589,Maria Rodriguez,stephanie21example.org,663-456-9492,Decision Maker,False
1475,590,Meghan Barron,johnsonsandra@example.org,+1-920-282-6080x805,Procurement,True
1476,591,Gina Smith,sarahrowe@example.net,240-221-2178x3021,Technical,False
1477,591,Brandon Lopez,murraykristen@example.org,5993169288,Decision Maker,True
1478,592,Joshua Lam,adouglas@example.net,+1-737-741-6593x58635,Technical,False
1479,592,Jennifer Campbell,maxlopez@example.com,001-747-229-4838x479,Finance,True
1480,593,Tracey Austin,emartin@example.net,309-269-4608x85883,Technical,True
1481,594,Denise Hubbard,joneskristopher@example.org,+1-761-931-3541,Procurement,True
1482,596,Jose Davis,carla32@example.org,396-396-8949x0578,Finance,False
1483,597,Nathan Cox,smithrobert@example.com,375.220.7728,Procurement,False
1484,597,Adam Walters,maureen06@example.net,679-200-4609,Decision Maker,False
1485,597,Kyle King,kaylamolina@example.net,6032861546,Finance,False
1486,598,Mary White,michaelross@example.com,670.252.6428x771,Technical,False
1487,598,John Smith,jameswayne@example.com,769.617.9824,Decision Maker,False
1488,598,Julia Stephens,alyssa08@,729.767.5930x1250,Technical,True
1489,599,Colleen Vasquez,ddonaldsonexample.net,3044377772,Decision Maker,True
1490,600,Matthew Patterson,christophergibbs@example.org,7782046967,Technical,True
1491,600,Sharon Bishop,clarkrichard@example.net,563-819-0791,Technical,False
1492,600,John Zimmerman,rwatson@example.org,+1-692-360-5431x4767,Decision Maker,True
1493,601,Albert Jones,smitherin@example.net,730.417.6855x9594,Procurement,True
1494,601,Aaron Harris,zpruitt@example.com,+1-413-866-2440,Technical,False
1495,601,Michael Cochran,svillarreal@example.org,+1-647-835-1333,Procurement,False
1496,601,Michael Donaldson,vwestexample.org,224.556.1949x3467,Decision Maker,True
1497,601,Amber Peters,gilbertandrea@example.org,509-624-6903x1722,Decision Maker,False
1498,604,Joseph Wolf,bishopgregory@example.org,626-909-6996x4891,Procurement,True
1499,604,Scott Martinez,bergerarthur@example.com,(888)723-0298x658,Decision Maker,False
1500,605,Rebecca Turner,robertedwards@example.net,548.316.9099,Decision Maker,True
1501,605,David Alvarado,douglasjoseph@example.com,3125482041,Technical,True
1502,605,Mrs. Anita Singh,fowlerdavid@example.com,356.366.5182,Technical,True
1503,605,Jeffrey Smith,osmith@example.net,325.254.9822x981,Procurement,False
1504,606,Dr. Mary Schmidt MD,dylangood@example.org,688-298-6644x19668,Technical,False
1505,606,Lisa Murphy,benjamin85@example.org,784.877.9772x829,Finance,True
1506,607,Katie Williams,jenniferbutler@example.com,+1-292-810-7504x9216,Decision Maker,False
1507,607,Jessica Carson,andrew66@example.com,001-413-558-1473,Finance,True
1508,607,Jason Miller,lisa91@example.org,749-397-6807x029,Finance,True
1509,608,Jamie Rios,yjohnson@example.net,(317)269-3424x45557,Finance,True
1510,608,Vincent Hutchinson MD,davidsonteresa@example.com,001-560-912-8350x812,Decision Maker,True
1511,608,Samuel Jones,dawn30@example.net,001-404-352-0286,Technical,False
1512,609,Christopher Harris,matthew29@example.net,+1-668-970-2784,Finance,False
1513,609,Todd Perez,brian49@example.org,472.378.6688x63334,Decision Maker,True
1514,609,Cathy Frye,christopher22@example.net,001-954-683-6974x36565,Technical,True
1515,609,Timothy Ponce,sheltonsabrina@example.org,947-221-2936x38012,Procurement,False
1516,609,Jenna Martin,shanecarrillo@example.org,409-590-0296,Decision Maker,False
1517,610,Harry Payne,sarahjackson@example.net,5494283822,Procurement,True
1518,610,Maria Wilson,lhowell@example.net,(836)319-5305,Procurement,False
1519,610,Gabriela Roberson,rachel35@example.net,651.288.8396x418,Decision Maker,True
1520,611,Scott Gomez,invalid_email,491-718-8671x8260,Decision Maker,False
1521,612,Taylor Nielsen,whitejennifer@,(251)655-9006x462,Finance,True
1522,612,Bianca Owens,andersonstacy@example.com,427.559.9965,Procurement,False
1523,612,Alyssa Leon,daughertysarah@example.net,(747)294-0859,Decision Maker,False
1524,614,Dale Willis,dustin10@example.net,+1-379-219-5934x007,Procurement,False
1525,614,Rachel Martinez,stewartjoseph@example.com,983-367-5666,Procurement,False
1526,614,Christopher Sosa,kevinmerritt@example.com,001-275-598-5802x772,Finance,True
1527,615,Jessica Meyer,gwalters@example.com,(936)973-5254x9935,Finance,False
1528,615,Cynthia Kennedy,kevin45@example.net,6356785585,Finance,True
1529,615,Joyce Hart,susanglover@example.net,(753)844-7061x461,Technical,True
1530,615,Brooke Nelson,ttanner@example.com,204.854.7954,Decision Maker,True
1531,616,Douglas Sanchez,jorgecollins@example.org,709.370.9949x439,Procurement,False
1532,616,Megan Farmer,hartmegan@example.net,4036571118,Finance,False
1533,616,Daniel Tanner,riveradonna@example.org,699-746-4239x87032,Decision Maker,True
1534,617,Alison Mills,avance@example.net,001-487-943-1219,Procurement,False
1535,618,Sean Davis,williamjohnson@example.com,692.672.0150x849,Finance,True
1536,618,Tyler Baker,ianmiller@example.org,867.597.1159x5312,Technical,True
1537,618,Rachel Alexander,michaelbarron@example.net,+1-517-696-7621x613,Technical,True
1538,618,Caroline Henderson,invalid_email,(383)593-5194,Finance,False
1539,620,Matthew Taylor,christianchen@example.net,+1-250-870-7135x81659,Procurement,False
1540,620,Paul Grant,smcgeeexample.org,+1-914-266-5061,Decision Maker,True
1541,620,Kyle Hayden,vargasrobert@example.com,001-515-395-6430,Finance,False
1542,621,Kimberly Lewis,sean21@example.org,(597)508-8450,Finance,True
1543,621,Ryan Harrington,robert36@example.com,648.856.3374,Finance,False
1544,621,Lauren Daniel,jnguyen@example.org,001-970-340-3876x7373,Procurement,False
1545,621,Angel Lee,edwinowen@example.com,202.620.6801,Decision Maker,False
1546,622,Rebecca Lynn,christophermoore@example.com,001-736-616-1882x90256,Procurement,True
1547,622,Kevin Wolfe,ambergonzalez@example.org,001-503-982-7623,Finance,True
1548,623,Rodney White,phelpsrobin@example.net,642.461.6889x584,Procurement,False
1549,623,Jose Rice,heatherhill@example.org,001-996-822-0525,Decision Maker,False
1550,623,Brian Ross,john95@example.org,+1-233-744-3182x8263,Decision Maker,True
1551,624,Mary Johnson,michaelbaker@example.org,+1-212-923-7855x0265,Decision Maker,False
1552,624,Brenda Tran,tonya52@example.com,(448)915-1303,Technical,False
1553,624,Diana Sanchez,fitzgeraldjeffrey@example.org,370.836.6262,Decision Maker,True
1554,624,Christopher Brown,williamsrhonda@example.com,844.482.5450x03353,Finance,True
1555,624,Mitchell Ellis,benjaminrobert@example.org,001-733-919-4759x5449,Procurement,False
1556,625,Kimberly Scott,howarddavid@example.net,988.463.6498x828,Decision Maker,False
1557,625,Matthew King,millerbeverly@example.net,+1-764-995-3005x1683,Finance,False
1558,626,Kristen Kennedy,adam61@example.org,601.918.4206x3423,Procurement,False
1559,626,David Edwards,brownlatasha@example.com,(380)719-4880x425,Finance,True
1560,626,Dustin Davis,brian54@example.com,(344)748-4151x54048,Finance,False
1561,626,Madeline Barrera,joannaphillips@example.com,984.441.9792,Procurement,False
1562,627,Deborah Vaughn,hcaldwell@example.org,(895)342-7685,Procurement,False
1563,627,Angelica Meyer,nathanbrown@example.net,555.469.3156x128,Procurement,True
1564,627,Beverly Fields MD,brandonfreeman@example.org,(648)945-8700,Technical,True
1565,627,Terry Wells,mckenziebrooks@example.org,+1-825-590-0985x40646,Decision Maker,False
1566,627,Lindsey Owens,ariddle@example.net,001-672-801-7417,Decision Maker,True
1567,628,Tracy Harvey,lisaewing@example.net,2229340250,Procurement,False
1568,628,Bruce Conley,portermarcus@example.com,3025657567,Technical,False
1569,629,Paul Brown,vicki61@example.net,001-319-451-9489,Decision Maker,False
1570,629,Michael White,karenbaker@example.com,+1-439-782-7031x156,Procurement,False
1571,630,Anna Brooks,bthomas@example.org,875-625-7764,Technical,False
1572,630,Emily Armstrong,ismith@example.com,+1-699-700-8441,Technical,True
1573,630,Corey Ward,mccartydesiree@example.org,001-916-910-9933x1476,Technical,True
1574,630,Scott Levy,hmccarty@example.net,(763)548-5817x4309,Technical,False
1575,630,Tracey Strong,carolyn00@example.net,658-560-4145x022,Decision Maker,True
1576,631,Bradley Lewis,bennettkenneth@example.com,941.440.3616x520,Finance,True
1577,631,Samantha Ray,paguilar@example.net,3876121531,Procurement,True
1578,631,Debbie Jacobs,sarawhitehead@example.org,+1-662-471-9734x5339,Technical,False
1579,631,Brandon Jones,clarkjeremy@example.com,384.824.8491x7353,Technical,False
1580,631,Monique Owens,keithanthony@example.com,611.707.7520,Decision Maker,False
1581,632,Kaitlin Dalton,fwarren@example.net,717-824-1569x2642,Procurement,True
1582,632,Antonio Moreno,david97@example.com,001-879-423-9173x511,Technical,True
1583,632,Kimberly James,hwalters@example.com,(754)908-2194x1232,Finance,False
1584,633,Scott Campbell,dorisroberts@example.org,(673)438-9166,Finance,True
1585,633,Deborah Scott,cmoss@example.org,+1-636-789-9801x068,Technical,False
1586,633,Danielle Kelly,hhaas@example.org,(916)848-5937,Finance,True
1587,633,John Edwards,juliachase@example.com,740-263-5936x2654,Finance,False
1588,633,Jordan Hall,alexandriasmith@example.com,7468115343,Technical,True
1589,634,Gary Sawyer,acantrell@example.net,938-524-6780,Technical,True
1590,634,Tanya Barnett,mckeejose@example.net,877-440-8724x472,Finance,False
1591,634,Carlos Ho,loganmichael@example.org,001-989-639-5165,Technical,True
1592,634,Caroline Dawson,invalid_email,7999132078,Procurement,True
1593,634,Thomas Gonzalez,kristinwalls@example.com,+1-918-441-9749x78354,Procurement,True
1594,635,Matthew Lawrence,jennifer82@example.net,001-700-649-8712,Decision Maker,True
1595,635,Lucas Allen,hedwards@example.org,+1-797-385-6696,Procurement,True
1596,635,Rita Gibson,zlittle@example.net,387-589-8289x42271,Finance,False
1597,637,Jodi Hall,antonio26@example.org,+1-202-997-8956x424,Finance,True
1598,637,Timothy Gutierrez,hallcynthia@example.com,784.875.3745x1949,Procurement,True
1599,637,Gary Phillips,walkerchristian@example.org,(721)559-0427x2304,Procurement,True
1600,637,Miguel Mccullough,mosstonya@example.com,(880)279-6627x3001,Decision Maker,True
1601,637,Mindy Riddle,dmartinez@example.net,521.357.0083,Finance,True
1602,638,Mrs. Mary Gonzalez,staceybeck@example.net,(337)681-1008,Decision Maker,False
1603,638,Alicia Stewart,walshtiffany@example.net,+1-358-696-1923x86846,Finance,False
1604,638,David Thomas,marcorollins@example.org,+1-378-290-3411,Procurement,False
1605,638,Melissa Hart,matthew44@example.net,+1-979-310-8358x6722,Decision Maker,False
1606,639,Angel Griffith,watsonchristopher@example.com,(614)992-5944,Decision Maker,False
1607,643,Tony Garcia,msmith@example.org,3685810023,Technical,True
1608,643,Matthew Bell,tanya14@example.org,269.678.5061x34229,Decision Maker,True
1609,643,Anna Gomez,sandersbrenda@example.org,460.231.8663x13936,Procurement,False
1610,643,Joseph Christensen,jmiller@example.net,+1-237-342-6840,Technical,True
1611,644,Samantha Walker,andersonmicheleexample.org,4725273583,Finance,False
1612,644,Lori Lucas,edward67example.org,935-302-9002x01736,Finance,False
1613,644,Melvin Berger,cainjacob@example.com,+1-589-552-6767x0207,Finance,False
1614,645,Peter Brown,invalid_email,+1-476-786-2653,Finance,True
1615,645,Anthony Martinez,williamschristine@example.com,288.555.7885,Finance,True
1616,645,Angela Marquez,veronica81@example.net,415-697-3409x19409,Finance,False
1617,646,Heather Horn,invalid_email,(382)457-3559x969,Finance,True
1618,647,Daniel Olsen,bdavis@example.net,304.238.0820,Finance,False
1619,648,Annette Trevino,pruittjohn@example.net,7222418403,Decision Maker,False
1620,648,Tony Bradford,sclark@example.org,886-286-1071x3567,Decision Maker,True
1621,648,Shawn Douglas,rwright@example.net,001-386-226-0659x03075,Finance,True
1622,648,Donna Johnson,anne04@example.net,(381)352-0040,Technical,False
1623,649,Rachel Yang,rachaelbarrera@,631.981.3771x0478,Decision Maker,True
1624,650,Madison Murphy,gwilliams@example.org,+1-485-666-5688x2731,Technical,False
1625,650,Deborah Kelly,vaughnjennifer@example.org,210-460-0622,Finance,False
1626,650,April Cole,josespencer@example.org,001-663-551-4538,Procurement,True
1627,650,Amber Morgan,howardashley@example.org,(655)823-1783x54313,Finance,True
1628,651,Spencer Carlson,phughes@example.net,8664482677,Technical,False
1629,652,Jennifer Spears,ericnelson@example.com,9342212280,Finance,True
1630,653,Andrew Austin,uallen@example.com,001-915-575-0890x17178,Technical,False
1631,654,Matthew Stewart,invalid_email,4913729410,Decision Maker,False
1632,654,Christopher Page,williamthompson@example.com,(206)248-7383x526,Finance,True
1633,654,Kenneth Wood,tamaramendoza@example.org,+1-862-422-6005x78128,Procurement,True
1634,655,Rachel Lopez,erinyoung@example.org,+1-388-272-1814x99957,Technical,False
1635,655,Mary Huerta,rhubbard@example.net,552.936.0450,Decision Maker,False
1636,658,Brandon Rivas,douglas20@example.net,001-846-741-2449x203,Technical,False
1637,658,John Cooley,wileysusan@example.org,(952)943-9440x92671,Finance,False
1638,658,Hunter Hunt,joshua98@example.org,001-571-665-6739x44796,Procurement,True
1639,658,Christopher Sims,imartin@example.org,(776)767-0123x116,Finance,True
1640,658,Charlene Galvan,qcraig@example.org,+1-257-691-5113x69835,Procurement,False
1641,659,Joseph Johnson,johnsonsandra@example.org,576.254.8659x153,Technical,True
1642,659,Stacey Johnson,qbrooks@example.com,631-230-3708x10153,Procurement,True
1643,659,James Cohen,amyaustin@example.org,2755416329,Finance,True
1644,659,Curtis Henderson,danielsscott@example.com,001-281-782-5260x337,Decision Maker,False
1645,661,David Hernandez,lawsonbrandy@example.com,001-682-965-4558,Decision Maker,False
1646,661,Heather Cervantes,riley64@example.net,(752)455-3838,Procurement,False
1647,662,Albert Crawford,jerry99@example.com,001-540-521-6255x8490,Decision Maker,True
1648,662,James Jones,billy70@example.com,(659)208-4284x36348,Finance,False
1649,662,Diane Gonzalez,yparks@example.net,+1-468-239-8882x006,Decision Maker,False
1650,662,Derrick Palmer,ballomar@example.net,277-944-5845,Procurement,True
1651,662,Cheryl Butler,heather83@example.com,+1-648-390-9642,Procurement,True
1652,663,Albert Hall,cohentiffany@example.org,001-838-844-5046x33797,Decision Maker,False
1653,663,Dennis Steele,michelle57@example.net,966-770-4734x037,Procurement,False
1654,663,Evelyn Lee,uramirez@example.com,500-705-6996x0487,Technical,False
1655,664,Jared Clark,jennifer65@example.com,457-499-5319,Finance,True
1656,664,Daniel Perez,flynnlaura@example.net,(616)995-6272x41329,Procurement,False
1657,664,Julia Ward,johnherrera@example.org,+1-771-760-0606x62590,Procurement,True
1658,664,Christopher Washington,jordancaroline@example.org,437-215-6267x9137,Technical,False
1659,665,Julia Peterson,patrick56@example.net,001-452-762-0724x9373,Decision Maker,True
1660,666,Spencer Robinson,nhawkins@example.net,(706)268-1583,Procurement,False
1661,666,Briana Ray,villamargaret@example.org,+1-581-945-6750,Technical,True
1662,666,Earl Dawson PhD,teresa46@example.net,+1-653-713-3406x348,Procurement,False
1663,667,Elizabeth Banks,qhudson@example.org,+1-544-845-9446,Technical,False
1664,668,Sylvia Spears,hansenkaitlyn@example.com,+1-960-350-3344x7060,Finance,False
1665,668,Travis Navarro,rcervantes@example.net,001-413-719-9013,Decision Maker,False
1666,668,Edgar Downs,holtjason@example.com,(784)599-1707,Procurement,True
1667,668,Shannon Rivera,ggreene@example.com,001-493-546-4615x626,Technical,False
1668,668,Clayton Morgan,manuelward@example.org,977.641.9607x2550,Technical,False
1669,669,Ronald Roberts,donnajohnson@example.net,(280)726-7358,Technical,False
1670,670,Kelly Mitchell,qmedina@example.com,(448)516-2940x30043,Decision Maker,True
1671,670,Deborah Gonzales MD,jamesgreer@example.org,306-583-8268x5442,Procurement,True
1672,671,Kristin Gonzalez,ystrong@example.com,+1-829-889-7853x7430,Procurement,False
1673,672,Ruth Leon,diana87@example.org,001-568-760-0869x26789,Finance,False
1674,672,Connor Bell,alishajones@example.org,(825)738-7867x087,Decision Maker,False
1675,674,Brian Mccall,deannamiller@example.org,+1-789-259-8089,Technical,True
1676,674,Helen Gamble,amywalker@example.com,+1-675-206-6145,Finance,True
1677,674,Jennifer Kelly,christopherjordan@example.com,+1-808-592-6389,Finance,True
1678,674,Karl Petersen,hbarnett@example.org,625.603.1739,Decision Maker,True
1679,674,Diana Torres,gweaver@example.org,(486)732-2910x9170,Finance,True
1680,675,Hailey Parker,qnewton@example.org,785.920.8028x0181,Technical,True
1681,675,James Morales,adamsmelissa@example.org,(332)967-2199x926,Technical,False
1682,675,David Malone,jillmarshall@example.com,001-692-222-3870x763,Technical,True
1683,675,Stephanie Mcmahon,fergusonadam@example.net,001-983-323-4669x64214,Finance,True
1684,676,Catherine Brown,dennis81@example.org,335-504-4355x685,Finance,True
1685,676,Jason Fowler,perkinscharles@example.com,559.815.9984,Decision Maker,False
1686,676,Andrew Crawford,ballardgabriel@example.com,(839)712-3028x311,Procurement,False
1687,676,Allison Tucker,nroberts@example.org,830-592-4997x35810,Procurement,True
1688,676,Jason Hoffman,ylynch@example.com,953-413-2032x2353,Finance,True
1689,677,John Butler,khandaniel@example.org,(503)448-7034x0225,Procurement,True
1690,677,Scott Arnold,christopherfoster@example.net,971.920.9250,Finance,False
1691,678,David Johnson,zryan@example.com,584-781-7017,Decision Maker,True
1692,678,Stacy Jimenez,ghess@example.net,434.620.6490x9093,Procurement,True
1693,678,Larry Gonzalez,robinsonjennifer@example.com,343-272-9110,Decision Maker,True
1694,678,Michael Davis,modom@example.net,(402)283-7463x19037,Finance,False
1695,678,Erin Guzman,taylor67@example.net,+1-227-310-7553,Decision Maker,False
1696,679,Madison Romero,umcguire@example.org,8493094703,Procurement,True
1697,679,Pamela Soto,ulynch@example.com,+1-492-418-0996x70393,Technical,True
1698,682,Rachel King,qwang@example.com,920.201.1998x75710,Decision Maker,True
1699,682,Richard Hebert,invalid_email,+1-556-226-3648x947,Finance,False
1700,682,Jason Ward,jhodge@example.org,(370)970-6754x38523,Procurement,False
1701,682,Eric Evans,williamssusan@example.com,413-550-8207x3732,Procurement,True
1702,683,Dustin Hines,richardsonadam@example.org,+1-414-344-5804x2018,Decision Maker,True
1703,683,Amber Hayden,edwardstimothy@example.net,774-290-9923,Finance,False
1704,683,Laura Orr MD,walshkristin@example.net,(538)809-7160,Finance,False
1705,684,Jennifer Harris,michellehuffman@example.net,001-717-592-8634x0795,Procurement,True
1706,684,Mr. Bob Neal,patriciafischer@,+1-913-246-7675x8132,Decision Maker,True
1707,685,Amy Woods,jdixonexample.org,001-472-571-6884x8910,Technical,True
1708,686,Tiffany Massey,hammondfelicia@example.com,558-267-2232x07466,Technical,False
1709,686,Angelica Freeman,molinatimothyexample.net,+1-882-629-8432x21313,Procurement,True
1710,686,Kevin Mcgee,robertsjessica@example.com,+1-669-734-1650x019,Decision Maker,False
1711,686,Patricia Wiley,ianhenson@example.org,9749915311,Procurement,False
1712,686,Nicole Brown,zedwards@example.net,720-474-1931x41244,Decision Maker,True
1713,688,Daniel Watson,ybrown@example.com,+1-936-596-9149x314,Decision Maker,True
1714,688,Roger Jones,kgarcia@example.org,765-793-5110x973,Finance,False
1715,689,Elizabeth Anderson,williammiller@example.net,453.524.1274x644,Finance,False
1716,689,Joshua Gallagher,timothyboyle@example.com,496.832.4194x236,Technical,False
1717,689,William Mendoza,rebeccanelson@example.org,789-944-9176x001,Finance,False
1718,689,Lisa Deleon,reynoldsjanet@example.net,(438)684-8982,Decision Maker,True
1719,690,Amanda Taylor,warejeanette@example.com,001-288-268-2948x27662,Decision Maker,False
1720,690,William Watkins,hannahmcdonald@example.com,+1-709-394-2212x3054,Decision Maker,True
1721,690,Thomas Holmes,lambertrobert@example.com,+1-916-844-7517x6358,Procurement,False
1722,690,Jackson Garcia,michael54@example.org,(476)851-1051x985,Finance,True
1723,691,Jessica Campos,troy65@example.com,745-236-6876x20809,Decision Maker,True
1724,692,Amy Green,invalid_email,9829511481,Technical,False
1725,693,Cristian Beck,blackjames@example.com,001-206-834-0779x906,Procurement,True
1726,694,Anthony Alexander,evan53@example.com,730.654.6340x022,Technical,False
1727,694,Daisy Smith,aparker@example.com,596-700-5676x07121,Finance,False
1728,694,Duane Campos,alexandrarosales@example.com,514.508.3720x2414,Decision Maker,True
1729,694,Joseph Curry,masonalexander@example.net,8643767115,Decision Maker,False
1730,695,John Edwards,norrissusan@example.com,(378)546-5346x046,Technical,False
1731,696,Kathleen White,gregorybaker@example.org,001-982-653-5818x615,Decision Maker,False
1732,696,Brendan Gardner,invalid_email,386-714-3817,Decision Maker,True
1733,697,Amanda Mitchell,jennifer83@example.com,524.385.3329x9634,Procurement,False
1734,697,Timothy Davis,umacias@example.net,001-973-725-2414x23241,Finance,True
1735,697,Andrea Andrews,wpalmer@example.com,9412410586,Finance,False
1736,697,Daniel Dalton,esmith@example.org,(345)301-6117,Technical,False
1737,698,Aaron Sweeney,sean27@example.org,001-741-604-7623,Procurement,True
1738,698,Joshua Chavez,meyerslacey@example.com,(591)623-5205,Decision Maker,True
1739,699,Joshua Mcpherson,judykhan@example.net,+1-526-239-6511x83734,Procurement,True
1740,699,Kenneth Mendoza,devin35@example.org,500.530.0467x23331,Technical,True
1741,699,Christian George,martinross@example.org,(934)548-5700,Decision Maker,True
1742,699,Noah Wilson,proctorjennifer@example.net,(401)681-7237x547,Procurement,True
1743,700,Jessica Evans,smithnatalie@example.net,821.313.1312,Procurement,True
1744,700,Jeffrey Miller,invalid_email,885-595-3433,Finance,False
1745,701,Jessica Williams,invalid_email,806.897.8753x8877,Finance,False
1746,702,Jennifer Davis,jessicagriffin@example.org,3814888439,Decision Maker,True
1747,702,Sarah Walters,heather02@example.com,+1-609-974-1507x264,Finance,True
1748,702,Bradley Reynolds,onguyen@example.net,443.519.2435x27942,Finance,False
1749,702,Randy Black,lauren42@example.net,+1-329-416-3160x91130,Decision Maker,False
1750,703,Cassidy Navarro,sue86@example.org,6678827711,Finance,True
1751,703,Laura Payne,lindsayschwartz@example.net,(814)712-2825,Decision Maker,True
1752,704,James Smith,nicholskim@example.org,001-791-248-6460,Finance,True
1753,704,Isaiah Rivera,timothyramirez@,+1-344-959-4741x114,Decision Maker,True
1754,704,Nathaniel Terry,lalexander@example.net,+1-946-846-5401,Technical,False
1755,704,Michael Shaw,tatecassandra@example.org,(584)635-1577x41611,Procurement,False
1756,704,Rachael Young,dianegarcia@example.com,5162957860,Procurement,True
1757,706,Teresa Berry,richardrichards@example.org,(519)785-3960x48543,Finance,False
1758,706,Cole Jimenez,shawnacevedo@example.com,001-653-962-8867x02040,Procurement,False
1759,706,Kimberly Boyd,owhite@example.com,490-776-2927x909,Finance,False
1760,706,Taylor Pennington,danielle07@example.com,254-203-2764x846,Finance,False
1761,707,Alison Strong,terrigraves@example.com,9544177695,Finance,True
1762,709,Tracy Lewis,padillarobert@,+1-779-858-9141,Technical,True
1763,709,Dennis Williams,jeanfranco@example.org,001-921-316-3794x0527,Decision Maker,True
1764,709,Christopher Oliver,cooperrachel@example.org,+1-221-662-4171x684,Decision Maker,False
1765,709,Stephanie Holt,ayerskristina@example.org,680-995-7386x8822,Finance,True
1766,710,Cynthia Alexander,howellchristineexample.com,935.392.9940,Finance,False
1767,710,Andres Gray,marshallcatherine@example.net,+1-558-334-9696x56098,Procurement,False
1768,710,Brittany Watson,fosterdaniel@example.net,907-632-4106x82210,Procurement,False
1769,710,Christine Hensley,mark87@example.org,390.293.4056x614,Decision Maker,True
1770,711,Katie Williams,robbinskeith@example.org,494.362.5186x17653,Procurement,False
1771,711,Olivia Bryant,hendersonashley@example.net,(218)631-2211,Finance,False
1772,711,Mr. Aaron Fischer,dustinramirez@example.com,+1-436-606-4547x096,Procurement,True
1773,711,Sarah Fields,ecuevas@example.com,825.300.5383x10245,Procurement,True
1774,713,Glenn Walker,yhill@example.net,+1-379-674-7690x995,Decision Maker,True
1775,714,Kara Schneider,xdixon@example.com,645.893.5637x6433,Technical,True
1776,714,Tammy Martinez,kellie80@example.com,(729)329-2235x08304,Technical,True
1777,714,Daniel Hudson,castillogeorge@example.net,801.806.9759x383,Technical,True
1778,714,John Moore,vbarber@example.org,(791)863-2597x86443,Finance,True
1779,715,Hannah Wilcox,bennettcrystal@example.org,398-474-1473x126,Technical,True
1780,717,Katie Raymond,kennethanderson@example.net,001-379-781-5351x436,Technical,True
1781,717,Aaron Jordan,caitlinsparks@,4094018366,Technical,False
1782,717,Krista Mccormick,wendyjohnston@example.org,001-755-203-2143x8135,Decision Maker,True
1783,718,Michael Bruce,reedjulie@example.com,+1-984-677-6457x5354,Decision Maker,False
1784,718,Daniel Perez,rosejoseph@example.org,297-525-7483,Technical,True
1785,719,Kayla Moses,martinezrandall@example.com,(491)985-3065,Finance,True
1786,719,Chris Werner,invalid_email,(942)607-6410x255,Procurement,True
1787,720,Phillip Hernandez,laurenhowe@example.net,001-600-474-2240,Procurement,True
1788,720,Jon Johnston,changsuzanne@example.com,(982)948-1705x80977,Procurement,True
1789,722,Kristina Johns,elawson@example.org,653.528.0376,Decision Maker,True
1790,722,Gerald Lowe,csantos@example.com,(391)215-6379,Decision Maker,False
1791,722,Tonya Miles,martinstacey@example.org,385-879-3499,Procurement,False
1792,722,Nancy Dunlap,mollysmith@example.org,001-663-874-7291x73111,Finance,False
1793,723,Chelsea Smith,spencerjonathan@example.org,001-395-300-3650,Technical,True
1794,723,Laura Norris,mariahartman@example.org,7157463397,Procurement,True
1795,723,Joshua Ford,zachary64@example.com,(769)522-4029x666,Procurement,False
1796,723,Kathryn Collins,moralessarah@example.org,219-213-7592x08038,Technical,True
1797,724,Cory Duncan,rhall@example.org,3009730647,Technical,False
1798,724,Holly Parrish,kelseywilliams@example.net,(398)625-8089x82064,Procurement,False
1799,724,Christine Lee,johnsonjohn@example.org,584-579-7166x769,Procurement,False
1800,724,Brian Smith,shawn06@example.com,874.299.1868,Technical,True
1801,724,Allison Bradley,mariaadams@example.org,6327328710,Technical,False
1802,725,Tony Pineda,alichristopher@example.net,895-377-3989x31213,Procurement,False
1803,725,Tammy Miller,invalid_email,970-256-5031,Procurement,False
1804,726,Tanner Cobb,braunmary@example.net,328-444-6146x0032,Decision Maker,True
1805,726,Kevin Miller,kristy07@example.org,516-223-3153,Finance,False
1806,726,Eric Mccormick,megangalvan@example.net,+1-639-705-1384x211,Technical,False
1807,726,Mark Graves,lorettabaileyexample.org,489-504-9440x11550,Technical,True
1808,730,Mrs. Emily Smith,cheyenne57@example.net,+1-874-294-0020,Technical,False
1809,730,Rita Perez,lewistanner@example.com,+1-781-887-0406x65005,Finance,True
1810,730,Megan Zimmerman,johnsonscott@example.net,424-214-6273x461,Technical,True
1811,730,Joshua Cox,bryanlee@example.org,840.577.8112x197,Procurement,True
1812,730,Susan Baker,ortizjohn@example.org,001-888-938-9928,Technical,True
1813,731,Ryan Burns,hicksjaime@example.com,861-449-2883,Decision Maker,True
1814,731,Amber Duncan,erin87@example.net,001-775-669-1246x94998,Procurement,True
1815,731,April Wells,hornejessica@example.org,(792)513-2966,Technical,False
1816,732,Alyssa Nicholson,rhopkins@example.net,776-525-4261x579,Procurement,True
1817,732,Jordan Lee,invalid_email,(652)455-8907x879,Technical,True
1818,732,Brian Waller,rebeccaandrade@example.com,3407773734,Decision Maker,True
1819,732,Daniel Ramsey,laura49@,2532897606,Decision Maker,False
1820,732,Traci Zavala,baileyjose@example.net,521-973-7538x483,Technical,True
1821,733,John Frazier,jenniferwebbexample.net,(843)768-9175x909,Technical,True
1822,733,Kim Cooke,hilldaniel@example.org,+1-739-682-7515x974,Decision Maker,False
1823,733,Christopher Evans,justinrivera@example.com,(917)649-8769x19909,Technical,False
1824,733,Kathryn Mcpherson,ifreeman@example.net,+1-471-325-6111x946,Technical,True
1825,734,Robert Hall,stevensgailexample.com,(888)392-1450x68642,Procurement,False
1826,734,Dawn Anderson,cardenasmarie@example.net,258-331-1378x6850,Decision Maker,False
1827,735,Timothy Jackson,mcguirekristina@example.net,(280)209-7637,Technical,True
1828,735,Lisa Campbell,vickiyoung@example.com,001-552-833-7556x18657,Technical,True
1829,735,Rhonda Kim,uallen@example.org,+1-960-903-2832x737,Technical,True
1830,735,Todd Cabrera,marie56@example.org,(578)215-8361x6446,Procurement,False
1831,738,Margaret Terry,orrmichelle@example.com,001-395-484-2716x1841,Procurement,False
1832,738,Lauren Mccoy,sethkim@example.com,263.431.5664x22890,Decision Maker,False
1833,739,Michelle Conrad,susanfowler@example.com,001-462-667-7407x6601,Technical,True
1834,740,Ryan Jordan,jessicahudson@example.net,203-939-3425x808,Technical,True
1835,740,Julia Williams,torresjames@example.com,(983)230-9824x34500,Technical,False
1836,740,Tonya Chapman,jjones@example.com,548.680.5484,Technical,False
1837,740,Robert Lewis,agordon@example.net,847.542.6446x117,Procurement,True
1838,742,Jesus Hunt,padillasarah@example.net,840.481.1091,Decision Maker,True
1839,742,Marvin Williams,jessica04@example.net,+1-600-892-3047x3885,Finance,True
1840,742,Pamela Brennan,bradfordwilliam@example.org,9407135771,Procurement,False
1841,742,Samantha Werner,jorgegray@example.org,9964002352,Finance,False
1842,743,Gavin Cooper,lpennington@example.net,+1-524-296-3086x942,Technical,True
1843,743,Steven Williams,kbradley@example.com,6769981609,Finance,True
1844,743,Michael Fields,watsonsonya@example.net,(570)238-1023,Procurement,False
1845,743,Jerry Hampton,vfox@example.net,478.966.8221x846,Technical,True
1846,743,Nicholas Thomas,seth08@example.net,9647239516,Technical,True
1847,744,Crystal Carlson,dwayne40@example.com,808.755.4583x7935,Decision Maker,True
1848,744,Melissa Miller,cbutler@example.org,211.314.3125x737,Decision Maker,False
1849,744,Brian Jimenez,robert99@example.org,001-581-603-5596,Finance,False
1850,744,James Rivera,marvinfaulkner@example.net,+1-756-353-9429x30618,Procurement,True
1851,744,Tina Pruitt,jsmith@example.org,(486)442-0910,Finance,False
1852,745,David Green,hsullivan@example.com,001-355-845-9969x39179,Procurement,True
1853,746,Victor Robertson,robingomez@example.com,282.606.1568x90646,Procurement,False
1854,746,Nichole Taylor,christophermurray@example.com,6442562777,Procurement,True
1855,746,James Terry,jennifer10@example.org,237-343-7994x16978,Technical,True
1856,746,Gary Tanner,scott96@example.com,(822)963-1335,Procurement,False
1857,747,Monica Thompson,garzakimberly@example.net,+1-825-446-3613,Finance,True
1858,747,Lisa Ruiz MD,rebeccawinters@example.com,613.437.5342,Procurement,True
1859,747,Richard Holland,carrie01@example.net,+1-256-255-8102x3051,Finance,False
1860,748,Sarah Murphy,craig00@example.org,492.996.2396x88024,Technical,True
1861,748,Michael Summers,wendygreen@example.net,+1-978-675-2825x966,Decision Maker,False
1862,749,Tammy Moreno,derek77@example.org,702-432-5152x422,Technical,False
1863,749,Patrick Williamson,enelson@example.com,753-324-2984,Finance,False
1864,750,Kelly Anderson,jonathan10@example.com,(788)385-8932x48759,Technical,False
1865,750,Javier Stewart,karenparrish@example.com,(892)227-1233x08627,Procurement,True
1866,750,Angela Ross,timothyclark@example.net,391.948.5041x05434,Finance,True
1867,751,Desiree Stevens,mitchell84@example.org,001-435-630-3544x58130,Finance,False
1868,751,Alexandra Rogers,cnealexample.org,8046961675,Finance,True
1869,751,Greg Hubbard,invalid_email,(350)282-4916,Finance,False
1870,751,Gina Palmer,brownmatthew@example.com,250-973-2308,Technical,True
1871,752,William Rasmussen,brooksjohn@example.org,(750)787-7754,Decision Maker,True
1872,752,Angela Santos,jamesking@example.net,001-548-707-7884,Procurement,True
1873,752,Rachel Green,ckeith@example.net,+1-863-498-1924x6926,Procurement,False
1874,752,William Vaughn,nmatthews@example.net,512.339.3182x33510,Technical,False
1875,752,Ronald Ross,allisonsmith@example.com,341-966-1057,Finance,True
1876,754,Mark Bryant,jesusmartinez@example.com,574-384-7479x30422,Finance,False
1877,755,Ian Bryan,wrightjonathan@example.com,492-772-8103,Finance,True
1878,755,Michael Griffin,igreen@example.net,848-608-6312x4616,Technical,False
1879,755,Benjamin Mora,bobby43@example.com,3788434012,Technical,True
1880,755,Jason Preston,fjones@example.com,(368)776-7647x25530,Decision Maker,True
1881,756,Tracy Hines,alexandermartin@example.com,001-887-906-7261x98948,Technical,False
1882,758,Karen Mason,iharmon@example.net,544.208.0249x4914,Decision Maker,True
1883,758,Krystal Larson,joshua02@example.net,(647)873-1023,Decision Maker,False
1884,758,Stephen Gould,holtchase@example.com,5997108504,Finance,True
1885,758,Richard Marsh,jsolomon@example.com,001-820-270-6450x2364,Decision Maker,False
1886,758,Anthony Petersen,ballalexis@example.com,614-549-1196x375,Procurement,False
1887,759,Jamie Silva,stevenscott@example.com,+1-830-808-2302x9321,Procurement,True
1888,759,Daniel Abbott,andrew55@example.org,240-972-4809x87955,Finance,False
1889,759,Sarah Franklin,saramiller@example.net,(209)784-6032x6847,Procurement,False
1890,759,Tiffany Fleming,brian41@example.net,445-965-2416x932,Technical,True
1891,761,Christopher Miller,seansmith@example.org,524-598-7547,Decision Maker,True
1892,761,Jennifer Brown,dianarussell@example.net,551-541-7731,Finance,False
1893,761,Charles Hill,josephjackson@example.org,+1-719-685-5978,Procurement,True
1894,761,Deborah Wood,hbonilla@,+1-690-627-6739x57189,Procurement,True
1895,762,Ralph Cook DVM,edwardslynn@example.net,8316379993,Technical,False
1896,762,Cristina Holland,christopher99@example.com,001-760-852-2254x2458,Procurement,False
1897,764,Kathryn Bennett,nicole91@example.org,789-992-7820x747,Finance,True
1898,764,Kimberly Martinez,migueldrake@example.net,514-495-6283,Decision Maker,False
1899,764,Tyler Reyes,scott04@example.net,+1-358-777-6633x87092,Finance,False
1900,764,Kenneth Martinez,jamesscott@example.com,3159747602,Procurement,False
1901,765,Amanda Sexton,ashley36@example.org,2804075289,Finance,False
1902,765,Bradley Turner,mariatucker@example.org,692.471.5903x3055,Technical,False
1903,766,Mark Cameron,dsalazar@example.org,(924)930-0922x6930,Finance,False
1904,766,James Gibson,bryancowan@example.org,001-802-821-3996,Decision Maker,False
1905,766,Randy Strong,macdonaldnicole@example.com,+1-797-206-6033x76123,Finance,False
1906,766,Jeremy Caldwell,cvilla@example.net,001-716-748-9855x0439,Finance,False
1907,766,Maria Cox,hernandezdaniel@example.org,9018159743,Decision Maker,True
1908,767,Paula Cross,andersonkari@example.net,001-478-645-1876,Procurement,False
1909,767,Mary Garcia,austingarza@example.org,831.978.6252x9376,Technical,False
1910,768,Ethan Petersen,frosario@example.org,9053121815,Procurement,True
1911,768,Carol Flores,debra73@example.net,(232)807-8962,Finance,False
1912,768,Julia Moreno,heathermcclain@example.org,(400)804-2920x8027,Finance,False
1913,768,Jimmy White,vanessa21@example.net,859.563.1223x7372,Technical,False
1914,768,Deborah Spencer,millerwilliam@example.org,2395038986,Procurement,True
1915,770,Rose Lowe,chloe57@example.org,876-731-5288x799,Technical,False
1916,770,Robert Galloway,robert90@example.net,3236314452,Technical,True
1917,770,Kimberly Aguirre,uwright@example.com,001-835-534-8370x8392,Procurement,False
1918,770,Dr. Matthew Parker,jamesbautista@example.org,437-411-0741x750,Decision Maker,False
1919,770,Raymond Edwards,oobrien@example.com,001-504-367-8254x518,Procurement,True
1920,772,Sherry Jennings,kellyschmidt@example.org,982.797.9546x06473,Decision Maker,True
1921,772,Michael Parker,andrewsjill@example.org,(845)298-0017,Decision Maker,True
1922,772,Amber Lynch,scottallen@example.org,9807769689,Decision Maker,True
1923,772,James Johnson,simpsonamanda@example.org,001-654-283-3689,Decision Maker,True
1924,772,Nicholas Small,kayla62@example.net,577-396-0352x466,Technical,False
1925,773,Ryan Olson,nsmith@example.org,508.654.4079,Finance,True
1926,773,Brian King,hillbradley@example.com,+1-494-411-8302x5976,Finance,False
1927,773,Matthew Blankenship,andrew73example.org,930.844.4740x964,Technical,True
1928,773,Gregory Garcia,franksamuel@example.org,+1-887-810-5727x36653,Technical,True
1929,773,Darius Walter,moorericky@example.net,001-852-354-4252x70452,Procurement,True
1930,774,John Clay,catherinethompson@example.com,(606)462-6637x9675,Procurement,False
1931,774,Felicia Thomas,kellybrown@example.org,+1-349-602-4390x12779,Procurement,False
1932,776,Summer Collins,yduarte@example.com,995-433-8506x5230,Procurement,True
1933,776,Maurice Deleon Jr.,john73@example.net,230.859.8815x93581,Finance,False
1934,776,Christopher Ramirez,eowens@example.com,285-670-9453,Procurement,False
1935,776,Katie Dalton,gcruz@example.com,941-956-2446x52716,Finance,True
1936,776,Stanley Walker,david88@example.com,526.879.0811,Procurement,True
1937,777,Karen Douglas,steven06@example.com,425.454.6107,Decision Maker,False
1938,777,Phyllis Robertson,samanthahill@,+1-483-902-0276,Decision Maker,False
1939,777,Michele Maddox,invalid_email,486-862-4892,Technical,True
1940,777,John Burch,danielwhite@example.net,001-547-729-2470x56885,Technical,False
1941,778,Elizabeth Reynolds,scarrillo@example.com,(513)453-9269x706,Technical,False
1942,779,George Li MD,vflores@example.com,(761)508-3563x8117,Technical,False
1943,781,David Ruiz,tmunoz@example.org,+1-380-659-5809x03332,Technical,True
1944,781,Laura Vasquez,linda29example.com,+1-449-595-4467x8456,Technical,True
1945,782,Bruce Porter,christyday@example.net,507-910-8261,Technical,False
1946,782,Ethan Cooley,lbrown@example.net,769.491.8398,Technical,False
1947,782,Lisa Harris,kellylambert@example.com,428-357-5200x307,Procurement,False
1948,782,Robert Neal,austinrobert@example.com,345-233-6736,Decision Maker,True
1949,783,Nathaniel Jones,colemanjennifer@example.com,(444)604-1495,Finance,False
1950,783,Alexis Cuevas,beth72@example.com,+1-290-884-0512x2149,Procurement,False
1951,783,Claire Strong,williamsrobin@example.com,001-224-827-7220x393,Technical,False
1952,783,Diane Hernandez,barbarasimon@example.com,411.936.8739,Decision Maker,True
1953,783,Danielle Franco,debracollins@example.com,493-426-8992,Procurement,False
1954,784,Stephanie Reyes,crystal58@,(512)713-8232x19751,Decision Maker,True
1955,784,Michael Callahan,mcarter@example.net,(414)571-1611,Procurement,True
1956,784,Erik Beck,stephanieharris@example.net,(968)633-8444x995,Decision Maker,False
1957,785,Samantha Everett DDS,christopher58@example.org,(832)202-1158x4146,Procurement,True
1958,785,Sharon Thomas,aaronball@example.org,551.547.5999,Procurement,False
1959,785,Sandra Hogan,satkins@example.org,(650)283-1144x89627,Decision Maker,True
1960,785,Brandon Maldonado,youngjesus@example.org,807.973.5723x316,Decision Maker,True
1961,785,Jacob Lee,wilkersondeborah@example.org,409.691.8803,Procurement,True
1962,787,Kelly Johnston,guerrerosteve@example.com,202-336-3734x78653,Decision Maker,False
1963,787,Jessica Nichols MD,jenniferjones@example.org,001-937-827-3958,Decision Maker,False
1964,787,Marcus Franco,cindy74@example.org,630-563-7042x12900,Decision Maker,True
1965,787,Peter Moore,christophertaylor@example.com,+1-337-351-3104x981,Technical,False
1966,787,Gregory Boyd,christopher10@example.net,+1-776-616-0791,Finance,False
1967,788,Thomas Collier,angelakeller@example.com,(446)700-1140x115,Finance,True
1968,788,Katie Thompson,rachelcollier@example.com,001-943-659-7640x856,Decision Maker,True
1969,788,Chad Richardson,andersonpatricia@,(725)731-9742,Technical,False
1970,788,Anna Leblanc,bonnie98@example.org,583-433-5184,Decision Maker,True
1971,788,Austin Taylor,jonathan23@example.org,663-819-1085,Finance,False
1972,789,Kevin Browning,davidtran@example.net,+1-469-802-9660,Decision Maker,True
1973,789,Charles Carter,xgibsonexample.com,969-795-6955x4072,Technical,False
1974,789,Barry Frazier,vwatts@example.org,631-463-3657x6099,Technical,True
1975,789,Julia Houston,tranemily@example.com,(751)257-3443x1194,Technical,True
1976,789,Jackie Mayo,srodriguez@example.org,2275896905,Procurement,False
1977,790,Teresa Cruz,jose34@example.net,+1-895-534-9555x659,Procurement,True
1978,791,Christina Carpenter,hamptonjeffery@example.com,+1-831-225-0643x704,Finance,True
1979,791,Mr. Joseph Erickson,mary60@,(269)326-0375x40498,Decision Maker,True
1980,791,Lawrence Washington,bsmith@example.com,+1-291-994-5015,Procurement,False
1981,792,Mark Huber,rebecca62@example.com,001-629-330-2448x302,Technical,False
1982,792,Karen Miller,michael00@example.org,(200)593-2292x53965,Finance,True
1983,792,Howard Johnson,smithkristin@example.com,740-750-9904x360,Decision Maker,False
1984,792,Kristen Adams,jill79example.com,687-259-9862x32104,Procurement,True
1985,793,James Huang,ashleybrown@example.com,712.553.3876x6715,Decision Maker,False
1986,793,Travis Johnson,garnold@example.com,001-477-917-8113x9644,Procurement,False
1987,793,Daniel Parks,gabriellamills@example.net,2563849687,Finance,False
1988,793,Lisa Williams,craig88@example.net,(704)450-3261,Technical,True
1989,793,Alexandra Turner,smithdiana@example.com,281-810-4846x402,Decision Maker,False
1990,794,Anthony Castro,jcalderon@example.net,001-526-615-0373x27187,Technical,True
1991,794,Brittney Klein,fkim@example.org,331.924.2071x12324,Procurement,True
1992,794,Kimberly Simpson,eric49@example.org,721-562-6727x8512,Technical,True
1993,794,Michael Rodriguez,jessica44@example.com,001-423-321-6886x24906,Procurement,True
1994,795,Valerie Walls,robertsonwayne@example.com,672.390.9292x5947,Technical,True
1995,795,Amy Sanders,thompsoncody@example.org,(980)846-9933x30880,Procurement,False
1996,795,William West,sanchezamy@example.net,373.931.7722x18273,Procurement,True
1997,796,Heather Johnson,invalid_email,(685)364-8209,Finance,True
1998,796,Amanda Erickson,logan66@example.net,+1-862-726-5476x321,Decision Maker,True
1999,797,Timothy James,gonzalesjason@example.com,+1-873-531-8578,Decision Maker,True
2000,798,George Drake,lopezcollin@example.com,314-544-8958x4646,Decision Maker,False
2001,798,Allison Clark,mcollins@example.com,984.758.9498,Technical,True
2002,798,Wesley Roberts,kristopherochoa@example.org,001-363-418-1406x26153,Finance,True
2003,799,Cameron Avila,brenda74@example.net,+1-434-553-7501x7338,Finance,True
2004,799,Brenda Ford,smithtracy@example.org,001-775-894-0912x6206,Finance,False
2005,799,Tiffany Lee,jennifer96@example.net,264-936-9260x9314,Procurement,False
2006,799,Daniel Sanders,susan70@example.org,+1-746-202-6944x290,Decision Maker,True
2007,800,Melissa Monroe,toddwilliams@example.org,909-765-8737,Decision Maker,True
2008,801,Tim Nelson PhD,ojohnson@example.org,409-827-0232x5852,Decision Maker,True
2009,801,Beth Davis,hopkinsjonathan@example.net,+1-260-832-8351,Technical,True
2010,801,Sarah Singh,jsimmons@example.net,342.223.0445x70109,Technical,False
2011,801,Stephen Bass,chadhernandez@example.net,326.264.0839,Procurement,False
2012,804,Gordon Miller,marthamedina@example.net,(655)270-9998,Technical,False
2013,804,Christina Cabrera,lesliehoffman@example.com,(583)385-8046,Technical,False
2014,804,Rodney Norman,angela54@example.org,568.713.9084x74368,Technical,False
2015,804,James Smith,kendra95@example.net,893-747-6450,Technical,True
2016,805,Stephen Garner,jeffcallahan@example.net,+1-952-379-3044x1815,Procurement,True
2017,805,Megan Bowers,lyonsmichael@example.net,(575)982-0809x9284,Technical,True
2018,806,Vincent Mcintyre,williammcclure@example.com,960-939-2092,Technical,True
2019,807,Christopher Trujillo,amber82@example.net,001-656-536-9567x6631,Decision Maker,False
2020,807,Mark Jackson,daviskimberly@example.com,411.709.0314x196,Decision Maker,True
2021,809,Bruce Griffin,rachel14@example.net,474.695.4637,Procurement,False
2022,809,Brooke Dominguez,mitchellbridget@example.com,5157147794,Decision Maker,True
2023,809,Sheila Hammond,cgomez@example.com,+1-602-588-9309x8538,Procurement,False
2024,809,Rebecca Cochran,fowlerdaniel@example.org,(419)718-8999x77309,Technical,True
2025,810,Christopher Watson,michael16@example.com,628-200-4300x54664,Procurement,True
2026,810,Christopher Moore,maria14@example.com,410-870-9075x9738,Finance,False
2027,810,Troy Jones,baileykarl@example.org,236-206-3206x5482,Decision Maker,True
2028,810,Kelly Bonilla,walter97@example.net,001-517-843-3797x15247,Technical,False
2029,810,Jason King,codyarmstrong@example.com,001-817-759-1522x85375,Technical,True
2030,812,Kathryn Johnston,sclark@example.org,580.702.0652,Procurement,False
2031,812,Christine Mccarthy PhD,vdennis@example.org,975-381-9070,Procurement,False
2032,812,Rickey Hall,danny63@example.org,+1-900-666-2305x533,Procurement,False
2033,812,Eduardo Lee,thomasteresa@example.com,957-835-5197x2612,Decision Maker,False
2034,813,Melanie Anderson,vvance@example.com,+1-767-223-3338x565,Procurement,False
2035,813,Veronica Smith,smithdennis@example.com,(801)891-4738x63684,Procurement,True
2036,813,Alyssa Horn,theresa24@example.org,(618)880-1467,Procurement,False
2037,815,Robert Gomez,crystallopez@example.net,+1-866-656-7798x252,Finance,True
2038,815,Yvonne Cruz,robertgregory@example.org,001-792-522-8407x934,Technical,False
2039,815,Amy Washington,jessicahahn@example.org,(537)836-6433x16912,Decision Maker,True
2040,815,Elizabeth Williams,stevenjennings@example.org,(987)464-6840x132,Decision Maker,True
2041,815,Elizabeth Todd,terickson@example.org,3507034545,Technical,False
2042,816,Daniel Harris,jerome84@example.net,227-640-8926x7878,Decision Maker,False
2043,816,Annette Calhoun,sarahterrell@example.org,(719)683-8314,Decision Maker,True
2044,816,Danielle Duke,justinlove@example.com,740.482.7283x063,Technical,True
2045,816,Paula Johnson,hoffmandebbie@example.net,480-921-9239x96274,Technical,True
2046,816,Jon Morales,jjones@example.org,596.414.2359,Technical,True
2047,817,Whitney Sims,invalid_email,(577)678-3460x695,Technical,True
2048,817,Paul Long,taylorkathleen@example.com,001-281-542-6835x478,Decision Maker,False
2049,817,Jacob Thomas,brianna98@example.net,788-392-9290,Decision Maker,True
2050,817,Jerry Martin,ballgregory@example.net,206.473.8361x37436,Decision Maker,False
2051,818,Caitlin Oconnor,wlopez@example.org,(779)459-7243,Decision Maker,False
2052,818,Elizabeth Ramirez,kimberlymiller@example.org,659-438-0105x5055,Decision Maker,True
2053,818,Alexis Lindsey,khill@example.com,458.701.9006x3070,Decision Maker,False
2054,818,Deborah Foley,timothy30@example.com,729.607.4008,Procurement,False
2055,819,Jared Terrell,kramerdiana@example.net,680-468-8997x107,Procurement,True
2056,819,Julie Peterson,ronald65@example.net,(679)674-8394x687,Technical,False
2057,819,Samuel Foster,dryan@example.net,+1-539-935-1904x0105,Finance,True
2058,820,Jamie White,barbaratrevino@example.net,657-914-0874,Decision Maker,True
2059,820,Melinda Owens,scrosby@example.org,(622)581-7172x93379,Finance,True
2060,820,Ronald Mueller,brownstephanie@example.net,001-490-319-6099,Decision Maker,True
2061,820,Brian Levine,joshuasullivan@,615-218-6638x3460,Procurement,True
2062,820,Debra Ross,karihill@example.com,9304288780,Decision Maker,True
2063,821,Thomas Brown,vmontgomery@example.org,+1-570-675-1138x8928,Technical,False
2064,822,John Johnson,matthewnorris@example.org,(416)830-1235x150,Procurement,False
2065,822,Rachel Mitchell,invalid_email,4795320953,Finance,False
2066,823,Jonathan Brown,rpotter@example.com,001-494-705-7096x95100,Procurement,True
2067,823,Janet Smith,rickyacevedo@example.org,562.298.4952,Decision Maker,True
2068,823,Thomas Koch,jared18@example.org,909.269.4616,Technical,False
2069,825,Pamela Parker,mmcmahon@example.com,822-265-4944,Procurement,False
2070,825,Jennifer Collins,taylornicolas@example.net,+1-317-329-2143x84680,Decision Maker,True
2071,825,Kathryn Boyle,mcgeerobert@example.org,865-805-1270x89411,Finance,False
2072,825,Gary Aguirre,danieladams@example.com,770.391.5721,Decision Maker,True
2073,826,Claudia Nelson,david25@example.org,(475)470-1268,Finance,False
2074,826,Alexis Blankenship,aellis@example.net,+1-254-723-6131x07653,Technical,False
2075,826,Joshua Robinson,heatherclark@example.com,942.986.1102x76981,Procurement,True
2076,827,Timothy Serrano,kristentorres@example.net,950-585-2500,Procurement,True
2077,827,Jennifer Smith,darren19@example.com,652-455-7699x576,Finance,True
2078,827,Brett Hardin,vcummings@example.org,001-705-943-1685x844,Procurement,True
2079,828,Matthew Melton,colemanjames@example.org,+1-729-449-6927,Finance,False
2080,828,Jacqueline Brown,invalid_email,(450)249-6707,Finance,True
2081,828,Leonard Best,ruben04@example.com,(473)376-2190x69601,Finance,True
2082,828,Toni Young,ithompson@example.net,+1-387-837-4575x6045,Finance,True
2083,828,Craig Lewis,shelby31@example.org,321-918-3771x36760,Procurement,True
2084,829,Brooke Freeman,qgordon@example.net,212-857-7062,Technical,False
2085,829,Tiffany Turner,lynn60@example.net,787-511-7001x944,Decision Maker,True
2086,829,Christine Ramirez,osexton@example.net,414-336-2085x31601,Decision Maker,True
2087,830,Ian Keller,baldwinkathryn@example.org,001-315-468-2467x96796,Technical,True
2088,831,Jake Carey,dylan79@example.net,(988)488-4496x0894,Decision Maker,True
2089,831,Jerry Cantu,kennethsmith@example.com,616-839-6980x046,Technical,True
2090,831,Amy Taylor,blakefry@example.org,(881)401-7254x87485,Decision Maker,False
2091,831,Stacy Mckay,dustin67@example.org,221-369-0675x84990,Decision Maker,False
2092,831,Frances Smith,oliviahill@example.org,(593)484-3531x96348,Procurement,True
2093,832,Pam Davis,jodymorales@example.net,001-874-439-0841,Technical,False
2094,833,Regina Alvarado,garciadavid@example.org,(617)513-7953,Finance,True
2095,833,Lindsey Stein,breanna25@example.com,+1-789-743-9864x1588,Technical,False
2096,833,Robert Griffin,mhall@example.net,+1-215-357-1909x0792,Decision Maker,False
2097,834,Jason Medina,olivermichelle@example.com,691.450.7964x518,Finance,True
2098,834,Jamie Blackwell,orrchad@example.net,4689686482,Finance,True
2099,834,Kimberly Lawson,erika32@example.org,+1-791-484-8717,Finance,False
2100,835,James Joyce,robertssusan@example.net,202.870.1845,Technical,False
2101,836,Frank Vega,kennethgill@example.net,921-302-5961x4734,Procurement,True
2102,837,Bridget Lee,etaylor@example.org,823-770-4705x7776,Procurement,False
2103,837,Kevin Cowan,kaylajones@example.org,495.288.4244,Procurement,True
2104,837,Kelly Hernandez,fmorrisexample.net,001-282-382-6792x805,Finance,True
2105,837,Jacqueline Boyd,kaiserjoshua@example.org,465.368.3190x82107,Technical,True
2106,839,Kristy Thomas,jonathangriffin@example.org,001-538-904-1236x1329,Procurement,False
2107,839,Angela Gonzales,invalid_email,787.782.4005,Finance,False
2108,839,Cheryl Pena,jesus83@example.net,5116934426,Technical,False
2109,839,Martin White,jamesmorgan@example.com,001-651-538-6896x433,Procurement,False
2110,840,Christopher Butler,mbryant@example.com,457-269-9707x9321,Finance,True
2111,840,Stephanie Yoder,invalid_email,(501)891-3145x145,Decision Maker,False
2112,840,Mrs. Kelly Bryan,patriciajames@example.net,001-646-393-0194x61595,Decision Maker,True
2113,840,Kristin Manning,ntaylor@example.org,607.580.2646,Decision Maker,True
2114,840,Allen Payne,eric70@example.org,546.206.2159,Decision Maker,False
2115,841,Mary Stevenson,tiffanybutler@example.net,+1-211-215-1991x31788,Technical,False
2116,841,Jose Rodriguez,tiffany99@example.net,284-549-5164,Finance,False
2117,843,Jon Jackson,beckjessica@example.com,(393)978-3629x4535,Technical,False
2118,843,Crystal Knight,meganguzman@example.org,685.687.3413,Finance,False
2119,844,Diana Ray,calderonamanda@example.net,775-542-7265x692,Finance,False
2120,844,Linda Rodriguez,dianacook@example.net,001-307-463-3646x958,Procurement,True
2121,845,Jessica Rivera,zsanchez@example.net,4569881156,Finance,False
2122,845,Michael Taylor,oreed@example.net,291.439.3408x53531,Decision Maker,False
2123,846,Sean Perkins,vhale@example.net,555.996.1748x7266,Decision Maker,False
2124,846,Donna Wells,rmillerexample.net,275-880-3256x7987,Finance,True
2125,846,Robert Nelson,geraldcolon@example.net,+1-792-861-5956,Technical,True
2126,846,Elizabeth Washington,parkermargaret@example.com,001-304-860-3286x09207,Procurement,True
2127,847,Courtney Duran,stephensjacob@example.com,3039986168,Finance,False
2128,847,Larry White,michelleedwards@example.net,001-456-435-5458,Technical,True
2129,847,Catherine Andrews,jonathan08@example.org,6903456151,Finance,True
2130,847,Michael Hartman,lsmith@example.net,(819)909-4645x84300,Decision Maker,False
2131,848,Dana Stark,swansonterri@,001-443-559-7472x59875,Finance,True
2132,848,William Mckenzie,mcdonaldraymond@example.net,001-622-669-7833x52317,Procurement,False
2133,848,Michael Jackson,alexandra80@example.net,001-833-733-4137x69194,Finance,False
2134,848,Kenneth Thomas,ishelton@example.com,504-882-1278x3722,Procurement,False
2135,848,Sandra Kane,khicks@example.net,(349)517-7535,Finance,True
2136,849,Barbara Miller,priscillawoods@example.com,992.626.9259x9527,Finance,True
2137,849,Jacob Gordon,randyroman@example.net,(708)770-7136,Finance,False
2138,849,Cindy Chavez,sharonperkins@example.net,(395)675-2334,Technical,True
2139,849,Brittany Neal,whitneyrollins@example.org,001-561-976-3569,Technical,True
2140,849,Rebecca Barron,invalid_email,590.589.0498x7287,Procurement,False
2141,850,Angela Kaufman,olawson@example.net,+1-280-998-2207x502,Procurement,True
2142,850,Michael Miller,johndouglas@example.net,519.493.1616x30865,Procurement,True
2143,851,Mrs. Angelica Mcdowell,sergio61@example.com,+1-633-499-2783x78778,Technical,True
2144,851,Shelly Keller,xdowns@example.net,+1-938-774-8391x6444,Technical,False
2145,851,Julie Allen,kroberts@example.org,201.750.5613,Technical,True
2146,851,Maria Burgess,susan48@example.net,+1-820-647-5179x082,Technical,False
2147,851,Angel Snyder,angela78@example.com,934-830-1765,Technical,False
2148,853,Kenneth Mooney,ashlee92@example.org,494-909-8637,Finance,True
2149,854,Susan Rose,ramosbrianna@example.net,+1-200-940-0390x9528,Decision Maker,False
2150,854,Kristen Holloway,zreeves@example.org,294-783-4682,Finance,False
2151,854,Crystal Rodriguez,teresamartinez@example.org,297-249-1475,Finance,True
2152,855,Timothy Coleman,lisasteele@example.com,8987788639,Decision Maker,True
2153,855,Scott Trujillo,inorris@example.net,(229)991-3909x65211,Technical,False
2154,855,Kelsey Cox,srios@example.org,(665)486-7872,Finance,True
2155,855,Albert Thompson,paul96@example.com,302-886-2981x44354,Procurement,False
2156,855,Melissa Tran,edwardsthomas@example.net,530.442.7610,Decision Maker,False
2157,856,Melanie Hernandez,meyerjohnexample.net,829-549-0161x7103,Decision Maker,False
2158,856,Mrs. Jamie Anderson,devon06@example.com,001-645-938-4592x056,Decision Maker,False
2159,856,Katie Parker,invalid_email,(709)317-3973x9836,Procurement,False
2160,856,Alan Estes,lphelps@example.net,5467157487,Finance,False
2161,856,Kristina Osborne,andrewmorris@example.com,701.760.5461x4147,Technical,True
2162,857,John Long,sarahmartin@example.org,(816)314-8352x67200,Finance,False
2163,857,Paula Cook,cadams@example.org,428.373.4698,Procurement,False
2164,857,Ronald Rodriguez,cochranlindsey@example.net,467-788-1243,Procurement,False
2165,857,Gregory Joyce,invalid_email,412-444-0513x8328,Procurement,True
2166,857,Patrick Watson,daryl39@example.net,+1-285-784-8285x7331,Technical,False
2167,858,David Kline,twelch@example.org,833.352.2355,Technical,False
2168,858,Amber Rice,garrettdavis@example.com,001-711-648-5285x01889,Procurement,True
2169,858,James Moore,smithashley@example.com,+1-490-796-9584x92366,Decision Maker,False
2170,858,John Chandler,becky53@example.net,8018678322,Procurement,False
2171,858,Andrew Dunn,jesse97@example.net,5988718656,Technical,False
2172,860,Amanda Clark,yatesroger@example.org,954-941-3936x0207,Decision Maker,True
2173,860,Kylie Ford,scottdeborah@example.org,+1-296-950-2357,Technical,True
2174,860,Laura Vincent,patrick26@example.net,(376)951-1555x484,Procurement,False
2175,860,Jeffrey Coleman,wporter@example.net,5782591288,Decision Maker,False
2176,861,Deanna Flores,olsonjenny@example.com,001-692-843-8248x4272,Technical,False
2177,861,Paul Campos,spencernicole@example.com,+1-973-592-8265,Procurement,True
2178,861,Frederick Higgins,schmidtnicholas@example.com,+1-471-347-6393x2352,Procurement,True
2179,861,Jenna Jackson,bradshawabigail@example.org,+1-350-767-2974x078,Decision Maker,False
2180,861,Cynthia Fuentes,howardkelly@example.net,909-305-9333,Decision Maker,False
2181,862,Courtney Robinson,nandersen@example.net,(617)268-3339x54582,Decision Maker,True
2182,863,Jonathan Hunt,brianna54@example.org,001-644-807-7731x55428,Finance,True
2183,863,Travis Klein,reedchristina@example.net,4425570495,Finance,False
2184,863,Ashley Chase,hicksrobert@example.org,+1-863-785-9983x370,Finance,True
2185,863,Ruben Glover,dstanton@example.com,943-963-6537,Procurement,True
2186,864,Richard Hayes,rlyons@example.com,(896)950-5769x139,Technical,True
2187,864,Sally Olson,ubrady@example.net,234-295-4106x741,Finance,True
2188,864,Jacob Watts,samuel22@example.net,+1-402-936-2268x960,Finance,False
2189,864,Joshua Obrien,anthonyhill@example.org,(558)315-9609x925,Decision Maker,False
2190,865,Kevin Johnson,alejandrocarrillo@example.org,001-544-927-9893x4391,Technical,False
2191,865,Joshua Lopez,jeremy09@example.org,+1-988-785-7657,Decision Maker,True
2192,866,Christopher Powell,tammymills@example.org,945.445.1912x858,Technical,False
2193,866,Jean Brown,ashley28@,399.267.2984x84070,Finance,False
2194,866,Donna Reed,esimpson@example.net,420.864.7388,Technical,False
2195,866,Stephen Lee,phillipsbrian@example.com,369-441-7141,Decision Maker,True
2196,866,Evan Mcintyre,shellymonroe@example.com,(732)434-0439x86127,Technical,True
2197,868,Charles Nguyen,jarvisronaldexample.net,614-397-2119x1754,Decision Maker,True
2198,868,Daniel Moon,ffisher@example.com,+1-594-568-8681x6877,Finance,False
2199,868,Frederick Joseph,ystone@example.net,2449187648,Decision Maker,False
2200,868,Tammy Padilla,malik77@example.com,(717)243-6705x54141,Decision Maker,True
2201,868,Keith Harris,cervantesjodi@example.net,(733)357-8012,Decision Maker,False
2202,869,Janet Wilson,stevensonchristopherexample.com,001-589-373-7363x46280,Technical,True
2203,869,David Ramirez,michaelmiller@example.org,216.526.3279,Procurement,True
2204,869,Miguel Torres,burnsmichael@example.net,001-818-316-4379x8670,Technical,True
2205,869,James Baird,michaellynn@example.org,279-296-3809x040,Procurement,True
2206,869,James Boyer,smoore@example.com,(690)854-4196x7713,Finance,True
2207,870,Mr. Derek Wagner,jennifersalas@,422-559-1210x583,Technical,False
2208,870,Samantha Allen,gregorycharles@example.com,+1-604-715-2168x8805,Finance,True
2209,872,Dominique Rhodes,lopezrobin@example.com,359.767.9941,Decision Maker,True
2210,873,Russell Bender,stevenmartinez@example.net,+1-858-379-1585,Finance,True
2211,874,Steven Reed,tina46@example.net,+1-205-811-2309x104,Technical,True
2212,874,Brian Elliott,thomas30@example.org,(380)245-6157,Technical,True
2213,874,Luis Simon,jesse93@example.net,+1-315-780-1151,Procurement,True
2214,876,Courtney Knox,barrydawn@example.org,+1-538-754-7949x9596,Procurement,False
2215,876,Joshua Bullock,heathrebecca@example.net,897-464-6162x178,Decision Maker,False
2216,876,Julia Cole,travis97@example.net,001-918-437-5250x84121,Finance,True
2217,876,Brian King,dennismason@example.org,8772171654,Finance,False
2218,876,Jennifer Myers,carlprice@example.net,(700)766-1273x4590,Procurement,True
2219,877,Jacob Cabrera,eddie66@example.org,(605)639-1797x91361,Procurement,True
2220,877,Thomas Watson,salazardaniel@example.org,(789)768-3212x94389,Procurement,True
2221,878,Amber Allen,gary24@example.net,(378)211-8295x59637,Technical,True
2222,878,Heather Simon,kelli63@example.org,(425)667-4270x437,Decision Maker,True
2223,878,David Miller,jacob69@example.net,3848850955,Technical,False
2224,878,Joseph Watson,daviscathy@example.org,217.932.6707x39464,Procurement,True
2225,879,David Schultz,garciajeffreyexample.com,(988)857-3274,Technical,True
2226,879,Sabrina Braun,anthony81@example.org,001-364-899-6794,Finance,False
2227,879,Patricia Werner,stevengilmore@example.com,(960)206-2226x232,Technical,True
2228,879,David Bell,invalid_email,+1-465-563-8031,Finance,True
2229,879,James Andrews,townsendcolin@example.net,+1-645-965-8318x77816,Finance,True
2230,880,Charles Wright,emily43@example.org,001-798-515-1454x16182,Technical,True
2231,880,Mia Thomas,dsloan@example.net,889.596.8827x369,Decision Maker,False
2232,880,Scott Mahoney,rbray@example.net,(862)870-2908x1326,Procurement,False
2233,881,Mark Oliver,matthewbowen@example.org,+1-327-848-2208x0819,Technical,True
2234,881,Mrs. Susan Bray,barnesclinton@,996.768.4477,Decision Maker,False
2235,881,Scott Robinson,fullerjohn@example.com,001-627-924-0998,Procurement,False
2236,881,Kathryn Spencer,steven27@example.com,+1-370-660-7539,Technical,False
2237,881,Rebecca Davis,suttondebra@example.com,(811)333-8568x470,Technical,True
2238,883,Tiffany Walker,haynesrobert@example.org,255-635-7680,Decision Maker,False
2239,883,Tyler Lawrence,fhayes@example.org,965.414.1740x41688,Finance,True
2240,884,Christine Ayala,hwoodexample.org,(876)591-9984x950,Finance,False
2241,884,Mr. Sean Fisher DDS,sergio72@example.net,2835429412,Decision Maker,True
2242,884,Leroy Francis,longchristopher@example.org,(898)656-6569,Decision Maker,True
2243,884,April Hanna,rfoster@example.org,(548)241-2958,Decision Maker,False
2244,884,Anthony Green,juan42@example.org,(517)398-8720,Finance,True
2245,885,Edward Yoder,oporter@example.net,802-626-5159x8652,Decision Maker,False
2246,885,Erik Parks,eortiz@example.org,594-708-4707,Finance,False
2247,885,Brenda Elliott,nielsenchase@example.net,432.475.2334,Finance,True
2248,885,Gene Nunez,jenniferwalker@example.com,+1-688-525-8064x51982,Technical,True
2249,885,Sherry Allen,carlaarellano@example.com,842.829.9292,Procurement,False
2250,886,Michael Maxwell,qchambers@example.net,001-799-654-0898x7115,Decision Maker,False
2251,886,Daniel Fritz,flawson@example.org,993.506.2487x550,Finance,True
2252,886,Ronald Clark DDS,nicolenguyenexample.com,746.272.2811x852,Procurement,True
2253,886,Jessica Jones,xzimmerman@example.com,+1-542-811-4795x7111,Decision Maker,False
2254,887,Michelle Larsen,deannacarpenter@example.net,001-401-337-9867x4552,Finance,True
2255,887,Daniel Curry,steventhompson@example.com,(520)353-9941x74289,Procurement,True
2256,887,William Morales,perezrobin@example.org,401.587.1971x6469,Decision Maker,False
2257,888,William Mcgee,mackenziebryant@example.com,676-645-1509x70001,Technical,True
2258,888,Alexis Fernandez,jonathan73@example.com,385-578-1346,Technical,False
2259,888,Amanda Todd,tmays@example.net,439-595-7529x7370,Technical,False
2260,888,Joshua Little,pjohnson@example.net,001-797-576-4855x6114,Technical,True
2261,888,George Spencer,cheryl45@example.org,001-374-845-6507x66543,Decision Maker,False
2262,889,Kenneth Martin,rroyexample.net,893.266.2708,Decision Maker,False
2263,889,Kurt Baker,devintran@example.net,8476928742,Finance,True
2264,890,Robyn Watson,danarobinson@example.org,+1-573-480-3740x7904,Decision Maker,False
2265,890,Mr. Kevin Chavez,heather73@example.com,703.307.7960x2923,Technical,True
2266,890,Thomas Patel,caleb52@example.com,959-456-5679,Technical,True
2267,891,James Branch,iwebb@example.com,(498)600-8998x07555,Procurement,False
2268,891,Samantha Armstrong,deborah19@example.net,886.313.9174x25144,Procurement,True
2269,891,Scott Klein,acohen@example.net,+1-737-962-4575x5978,Finance,True
2270,891,Amanda Garcia,gordon04@example.com,(631)425-0660x512,Finance,True
2271,891,Diane Webb,sarahjohnson@example.com,+1-739-621-7512,Procurement,True
2272,892,Steven Grimes,bradley20@example.org,674-599-1196x389,Finance,True
2273,892,Mr. Darrell Hammond,randalllopez@example.org,859.923.6097x373,Decision Maker,True
2274,892,Michael Greer,sabrina62@example.org,8116865537,Procurement,True
2275,893,Jennifer Mills,hunterronald@example.org,(325)352-5229x44210,Decision Maker,True
2276,893,Rebecca Perez,hjohnson@example.org,(314)601-9293,Decision Maker,True
2277,894,Joseph Gonzalez,taylorkatherineexample.org,001-912-468-8250x295,Procurement,False
2278,895,Miss Holly James,robin33@example.com,7858186414,Finance,True
2279,895,Paul Edwards,brittany44@example.com,932-366-6429x1919,Finance,False
2280,895,Ashley Johnson,bmcfarland@example.net,+1-386-231-5576,Procurement,False
2281,895,Jennifer Clay,wbrown@example.com,891-763-5723x7257,Procurement,True
2282,896,Katherine Robinson,mlowery@example.org,(718)882-3276x13573,Technical,True
2283,896,Michael Rodriguez,juan65@example.org,001-891-809-0511x40373,Decision Maker,False
2284,896,James Thompson,jenniferlongexample.com,465.213.2483x515,Procurement,False
2285,896,Robert Dickerson,kellyhayes@example.com,924-860-4953,Decision Maker,True
2286,896,Lynn Williamson PhD,julie71@example.com,8353995731,Procurement,False
2287,897,Jeffrey Patrick,bbooth@example.org,001-500-700-4937x809,Decision Maker,True
2288,897,Tyler Lewis,christiannunez@example.org,(940)510-5472x725,Procurement,False
2289,897,Natalie Green,greenandrea@example.net,001-224-346-6191x716,Technical,False
2290,897,Nicole Wallace,michaelroman@example.com,876-202-5231x810,Procurement,False
2291,898,Duane Taylor,sharon72@example.com,296.394.6668,Technical,True
2292,898,Tracy Vasquez,jillian38@example.net,(644)993-4286,Finance,True
2293,898,Todd Davis,victoria90@example.org,523-600-6608x89897,Technical,True
2294,899,Dalton Smith,rsmith@example.net,001-871-827-8057x3849,Decision Maker,False
2295,899,Samuel Martinez,qking@example.net,676.904.1809x1107,Procurement,True
2296,900,Paul Garcia,robinsonlori@example.com,001-476-524-7035x62225,Procurement,True
2297,900,Brian Moses,brandy52@example.org,+1-864-576-1442x42092,Technical,True
2298,900,Janet Galvan,rebekah41@example.org,+1-834-353-6238,Technical,False
2299,900,Joseph Smith,gary47@example.com,438-927-1752x544,Decision Maker,True
2300,900,Brian Gonzalez,kristen62@example.org,(765)839-1442,Decision Maker,True
2301,903,Beth Friedman,charles55@example.com,358-790-9006,Finance,True
2302,904,Chad Montoya,jwalsh@example.com,2534039978,Decision Maker,True
2303,904,Kelly Shaffer,rodgerskaren@example.com,580.726.0642x50026,Decision Maker,True
2304,905,Ruben Chase,jonesanthony@example.org,+1-883-848-0970,Decision Maker,True
2305,905,Corey Miller,kingstanley@example.com,864-324-4121,Decision Maker,True
2306,905,Mr. Eric Bell DDS,xkeller@example.com,7724371084,Procurement,True
2307,906,Gregory Davis,sabrina80@example.org,714-769-7423x7096,Technical,False
2308,906,Stephanie Pierce,colleenstrickland@example.org,867-369-5413x3853,Decision Maker,True
2309,906,Sylvia James,james19@example.net,241.447.2809x428,Procurement,True
2310,908,Hannah Duncan,mark55example.org,848-586-8319,Decision Maker,False
2311,908,Stephanie Cooper,zharris@example.net,531-687-8562x5258,Decision Maker,True
2312,910,Miguel Murray,snowjoseph@example.org,(412)265-3865,Procurement,False
2313,910,Matthew Nichols,alyssa88@example.com,001-560-540-9034x587,Procurement,True
2314,911,Mr. David Hobbs,heather30@example.net,863.207.0685,Procurement,True
2315,912,Mariah Jimenez,ochoahunter@example.com,537.701.4486x021,Procurement,True
2316,913,Johnny Cardenas,hroberson@example.org,(462)374-1424x580,Procurement,False
2317,913,Wanda Austin,isaacsmith@example.org,722-884-1256,Finance,True
2318,913,Joseph Mckenzie,ymcclain@example.org,692-409-3438x76425,Decision Maker,False
2319,914,Aaron Payne,richardwolfe@example.com,988.615.5313,Decision Maker,True
2320,914,Justin Montoya,ljones@example.net,231-314-9007,Decision Maker,True
2321,914,Ashley Lynch,monicarobles@example.com,+1-468-650-4356x4928,Finance,True
2322,914,Lance Thomas,jasonle@example.com,+1-297-397-7448x7244,Decision Maker,False
2323,915,Katherine Lara,teresa73@example.org,001-723-768-8460x42219,Decision Maker,True
2324,915,Elizabeth Richards,yarnold@example.net,4749568248,Finance,False
2325,915,Bradley Lewis,simpsonconnor@example.com,(815)724-4666x0271,Decision Maker,False
2326,916,Glen Vega,smithgregory@example.org,001-985-619-8179,Finance,False
2327,916,Michael Peters,hclements@example.com,505.990.0718x0824,Procurement,False
2328,917,Dawn Osborne,gmartin@example.net,6243310868,Procurement,True
2329,917,Erin Jones,michaelfaulkner@example.org,258.400.4368,Decision Maker,True
2330,917,Megan Torres,peggy52@example.org,570.892.5075,Technical,True
2331,917,Terry Rodriguez,zmorrow@example.net,660.226.6352x8299,Finance,True
2332,918,Marcus Morris,penalauren@example.com,4383788736,Finance,False
2333,918,Ethan White,invalid_email,619.243.9773x4020,Decision Maker,True
2334,919,Jamie Kennedy,kristen14@example.org,546.649.4781x780,Finance,True
2335,919,Daniel Smith,qstanton@example.net,886-247-9783x3802,Decision Maker,False
2336,919,Daniel Cherry,whitesydney@example.net,921.240.2703x3509,Technical,True
2337,919,Carl Thompson,joshua26@example.com,276-570-7268x8206,Finance,False
2338,919,Christopher King,invalid_email,(348)663-3254x23373,Technical,False
2339,920,Kimberly Peterson,ramirezlaurie@example.com,804.389.1029x613,Finance,False
2340,920,Andrew Walker,mjefferson@example.com,421-901-5351x97299,Procurement,False
2341,921,Pamela Evans,turnerbobby@example.org,868.472.5110x5529,Technical,True
2342,921,Christopher Campbell,nancygilmore@example.org,866.460.5126x4237,Procurement,False
2343,922,Dennis Spencer,warrendaniel@example.net,(788)691-0541x9637,Technical,True
2344,922,Christina Rodriguez,haleyjulie@example.com,(936)554-1766x987,Decision Maker,True
2345,922,Debra Hammond,melissa57@example.org,+1-959-431-1101,Finance,False
2346,922,Pamela Carrillo,gonzalesmark@example.com,(453)531-4070,Procurement,False
2347,922,Adrienne Chavez,nicolegarcia@example.net,7222402595,Decision Maker,False
2348,923,Bobby Wilkinson,shannon68@example.com,(881)289-5221x711,Procurement,True
2349,923,Kayla Davidson,zthomas@example.net,2735794901,Decision Maker,False
2350,923,Courtney Frederick,stephanie33@example.com,310.869.8749x3743,Finance,True
2351,923,Sandra Perez,jody98@example.net,+1-491-714-3690x238,Finance,True
2352,924,Melissa Smith,smithmatthew@example.net,(411)266-7140x8679,Technical,False
2353,924,Steven Ward,tjackson@example.net,001-791-365-8293x418,Technical,False
2354,924,Cory Duke,whitakerandrew@example.net,(234)696-0172x2312,Technical,False
2355,924,Michael Howard,leejacqueline@example.org,+1-487-524-9973x0490,Procurement,False
2356,925,Suzanne Dickerson,catherinepacheco@example.net,001-845-726-6913x9170,Finance,True
2357,925,Stephanie Henderson,bobbywilliams@example.org,650.611.0383,Procurement,False
2358,925,Rachel Jimenez,heather58@example.com,(410)879-4764x2897,Decision Maker,False
2359,926,John Morrow,georgejohnson@example.com,841-518-8732,Procurement,True
2360,926,Matthew Alvarez,carolynblankenship@example.net,+1-298-606-8629x7219,Decision Maker,False
2361,926,Mark Adkins,davidgreene@example.net,806-886-6871x1524,Finance,False
2362,926,Joseph Brown,joshua93@example.net,(617)752-7074,Technical,False
2363,928,Mark Weaver,johnbanks@example.com,+1-689-311-9072x00803,Decision Maker,False
2364,929,John Lee,xphillips@example.org,+1-946-835-7861x60596,Decision Maker,False
2365,929,Jennifer Mitchell,taylorpeter@example.org,001-550-751-0118x5501,Finance,True
2366,929,Michael Montoya,ajohnson@example.com,(257)666-6929,Technical,True
2367,929,Daniel Patrick,leslie42@example.net,001-496-384-8032,Finance,True
2368,929,Sherry Parker,bakerjohn@example.net,(895)289-3384x5750,Procurement,False
2369,930,Jessica Higgins,lsmith@example.com,(809)820-2837,Procurement,True
2370,930,Melissa Duncan,pmosley@example.org,(778)782-8092,Decision Maker,True
2371,930,Cassandra Knight,greenalicia@example.net,+1-554-397-4866,Decision Maker,False
2372,930,Amanda White,branchjason@example.org,445-521-8399,Decision Maker,True
2373,930,Jeffrey Jones,dana68@example.com,(423)844-2744,Finance,True
2374,931,Steven Shelton,martindougherty@example.net,735-210-9129,Technical,True
2375,932,Christopher Jones,horneshawn@example.net,476-544-7257,Procurement,True
2376,932,Glenn Simmons,sanchezkara@example.org,(483)690-9789x070,Decision Maker,False
2377,933,Luke Vega,kthompsonexample.net,279.467.5961x26087,Decision Maker,True
2378,934,Charles Morrison,invalid_email,(727)881-3428x6612,Decision Maker,False
2379,935,Frank Ortiz,christiancarter@example.com,(503)440-7685,Technical,True
2380,935,Karen Best,slong@example.org,(285)371-3505x649,Procurement,False
2381,936,Gabrielle Taylor,rhernandez@example.net,001-551-610-8649,Procurement,False
2382,936,Yvonne Pope,owilson@example.org,001-908-787-2492,Finance,True
2383,936,Shannon Johnson,robertwallace@example.com,+1-415-427-4806,Technical,False
2384,936,Adrian Young,christopher13@example.com,459.546.1287x9720,Finance,True
2385,937,Shawn Parks,holmesalison@example.com,381.659.7609,Decision Maker,True
2386,937,Christine Beasley,tonygonzales@example.org,(449)866-9879x509,Procurement,False
2387,938,James Solomon,patrick36@example.org,(825)429-1735x959,Procurement,False
2388,939,Jennifer Watkins,joycejordan@example.org,001-339-576-5210x8494,Technical,False
2389,940,Wanda Thomas,vhinton@example.net,279.444.5146x897,Procurement,True
2390,940,Hayden Anderson,mitchellgabrielle@example.org,665-562-9541,Decision Maker,False
2391,941,Allen Jones,elizabethcarr@example.com,305.353.9677x20131,Finance,False
2392,941,Christopher Houston,christinefrank@example.com,281-615-7117,Finance,True
2393,941,Joseph Diaz,william28@example.com,001-237-637-8637x4919,Technical,False
2394,941,Jonathan Kelly,gmartin@example.com,+1-942-550-1460x58440,Decision Maker,True
2395,943,Kyle Robinson,zjohnson@,001-630-926-4884x750,Decision Maker,False
2396,944,Jennifer Luna,emilygonzalez@example.com,001-851-831-6417x584,Finance,False
2397,944,Rebekah Roberson,soliver@example.org,+1-288-395-7106,Procurement,False
2398,944,Richard Edwards,stephaniehill@example.net,+1-866-407-9301,Finance,True
2399,945,Todd Davis,aaron56@example.org,001-297-224-5571x74511,Finance,False
2400,946,David Murphy,schwartzevan@example.org,243.692.5476x63187,Finance,True
2401,947,Brian Faulkner,invalid_email,944.448.5029x10633,Technical,False
2402,948,Karen Mendez,xatkins@example.net,238-611-7598,Finance,False
2403,948,Robert Rhodes,xcastilloexample.net,(809)211-9545x0624,Decision Maker,False
2404,948,Christine Stevens,jennifer18@example.net,5499645982,Finance,False
2405,949,Shannon Allen,danielanderson@example.org,(772)661-9677x6572,Finance,True
2406,949,Erin Estrada,nicholas16@example.com,+1-739-742-8222,Technical,True
2407,950,Kimberly Lawson,samuelpratt@,656.676.4220x55966,Procurement,False
2408,950,Mary Mathis,carpenterchristopher@example.net,(849)987-7109x89751,Decision Maker,False
2409,950,Erica Freeman,kjones@example.com,(268)287-9377x4689,Procurement,True
2410,950,Anna Henderson,rjones@example.org,+1-565-683-5846x12334,Decision Maker,True
2411,951,Matthew Collier DDS,manderson@example.org,515.612.6458,Technical,True
2412,951,Vanessa Gomez,gvelazquez@example.net,+1-224-430-6166,Finance,False
2413,951,Eugene Martin,marcusburns@example.org,658-957-4881,Finance,False
2414,951,Timothy Garcia,masonnicole@example.org,485.308.6420x0746,Technical,True
2415,952,Katrina Hayes,wesley10@example.net,+1-733-444-0698x3870,Technical,True
2416,952,Tina Morgan,john81example.net,(835)591-1948x125,Procurement,True
2417,952,Tyler Valenzuela,broberts@example.org,001-707-618-2835x253,Procurement,True
2418,952,Tina Anderson,tgarcia@example.net,(237)851-6236x11947,Finance,True
2419,953,Brenda Love,jflores@example.com,462.925.9258x2588,Procurement,False
2420,953,Brittany Gray,jessica82@example.com,+1-559-825-1178x49570,Procurement,False
2421,953,Kathryn Gibbs,hendrixanita@example.com,7905004802,Technical,False
2422,953,Kristin Young,glennjerry@example.org,285.644.3095x41414,Decision Maker,True
2423,953,Michelle Ramirez,larsondanielle@example.net,6102697062,Technical,False
2424,954,Kelly King,ethan85@example.org,+1-685-597-8997,Procurement,True
2425,954,Crystal Crawford,patrickthompson@example.org,985-443-9810,Technical,False
2426,954,Michelle Fields,heatherwu@example.net,885-522-5704,Finance,True
2427,955,Keith Anderson,frederickaustin@,868-881-1188x263,Procurement,True
2428,955,Joshua Walker,ryan25@example.net,722.672.5678x751,Finance,True
2429,955,Donald Williamson,invalid_email,(968)991-2910x40169,Finance,False
2430,956,Bruce Huff,anthonyfranco@example.net,+1-828-422-0768x74442,Technical,False
2431,956,Scott Thompson,angelarasmussen@example.com,001-624-605-9512x3187,Technical,False
2432,956,Christopher Brown,joshua04@example.com,001-591-869-0640x164,Procurement,False
2433,956,Jennifer Harrington,vcampbell@example.com,(974)244-5143,Technical,False
2434,959,Henry Murphy,jeffrey97@example.org,+1-319-409-8263,Decision Maker,True
2435,959,Jennifer Henderson,livingstonbenjamin@example.com,(949)908-2147x191,Procurement,False
2436,959,Michael Jones,gregory58@example.org,427.421.6123x0743,Finance,True
2437,961,Stacy Newman,vernon86@example.org,(504)222-8951x70338,Decision Maker,False
2438,961,Angela Nunez,davisnicholas@example.net,434-594-8076x3299,Procurement,False
2439,961,Kristina Li,amandahill@example.org,+1-319-383-5495x762,Finance,True
2440,961,Matthew Berry,kevinmeza@example.com,(584)418-4143,Finance,True
2441,962,Gary David,simmonsmicheal@example.org,001-249-301-6196x1010,Technical,False
2442,962,Douglas Holmes,reeddavid@example.org,001-656-985-8211x39022,Decision Maker,True
2443,963,Teresa Tucker,jonathanfrey@example.org,675-411-5184,Finance,True
2444,963,Michael Bates,parkerkristin@example.net,001-395-911-7744x31684,Finance,True
2445,965,Ariana Weaver,glenn84@example.com,(841)225-6628x45956,Decision Maker,False
2446,965,Nathan White,briansmith@example.org,498.868.6431,Finance,False
2447,966,Mitchell Farrell,wware@example.com,(301)498-5694x0783,Finance,False
2448,966,William Smith,danielarmstrong@example.org,+1-629-215-6305x026,Procurement,True
2449,966,Nathan Scott MD,huangscott@example.net,001-302-502-3482x5556,Technical,False
2450,966,Brandi Johnston,jenkinslaura@example.net,(718)932-7741x8225,Procurement,True
2451,967,Raven Lee,samantha80@example.com,2934985126,Finance,True
2452,967,Micheal Williams,slarson@example.org,472-299-5417x15854,Technical,False
2453,968,Chad Alvarez,warrenjessica@example.org,(276)628-3879,Decision Maker,False
2454,968,Kevin Hale,laura66@example.com,+1-983-722-3610,Decision Maker,False
2455,968,Mr. Todd Graham DDS,taralyons@example.net,357.869.0552x82247,Technical,False
2456,968,Jennifer Pearson,christopher97@example.com,8936166159,Decision Maker,True
2457,968,Mrs. Kimberly Li,jordanmark@example.net,(504)804-9054x5904,Decision Maker,False
2458,969,Scott Cruz,nicholas75@example.net,(285)242-0968x9359,Procurement,False
2459,969,Justin Lopez,lynnjohnson@example.org,950-931-6740,Procurement,False
2460,969,Brooke Martin,rhonda52@example.org,(612)922-6902,Technical,False
2461,969,Jesse Hall DVM,johnrobbins@example.com,(561)547-7638x5992,Decision Maker,True
2462,969,Jennifer Robinson,invalid_email,753-537-3243,Finance,False
2463,970,Shawn Brady,ozamora@example.net,+1-684-680-3830,Procurement,False
2464,970,Victor Edwards,ellisonangela@example.org,641-704-0553x720,Technical,True
2465,970,James Stokes,steverivera@,(344)568-6242x71792,Technical,True
2466,971,Alyssa Johnson,robertnovak@example.com,857-339-6534,Finance,False
2467,972,David Wilson,parkerdustin@example.org,544.784.8768,Technical,False
2468,975,Micheal James,fbell@example.com,+1-255-228-3416,Finance,True
2469,975,Shannon Kirk,cruznatasha@example.org,(657)314-3851,Technical,True
2470,975,Brandon Reyes,sstokes@example.net,990.732.2326x8392,Decision Maker,True
2471,975,Stephen Wolf,frank36@,+1-484-839-6758x79827,Technical,True
2472,975,Christopher Mann,bryantdavid@example.com,+1-736-638-5357,Finance,True
2473,976,Adam Nielsen,leahjohnson@example.com,+1-318-484-3166x131,Procurement,True
2474,976,Joseph Liu,hartmanrobert@example.com,(673)745-1800,Decision Maker,True
2475,976,Donna Miller,annacox@example.org,2995435908,Technical,False
2476,977,Taylor Thomas,gdurham@example.com,(846)631-1949,Technical,True
2477,978,Jesse Obrien,patrick80@example.com,(295)879-7914x4508,Procurement,False
2478,978,Heather Chambers,cshort@example.net,584.539.6978,Procurement,True
2479,980,Natalie Simmons,alyssa44@example.org,+1-496-522-4486x4904,Technical,True
2480,982,Ashley Lane,james28@example.com,001-801-964-2962,Decision Maker,False
2481,982,Patricia Russell,madison23@example.org,(674)739-2436x176,Finance,True
2482,982,Teresa Williams,markduran@example.net,001-988-716-5203x23955,Finance,False
2483,983,Sandra Rogers,zhughes@example.net,293.976.5972,Decision Maker,True
2484,984,Jason Martinez,debbiefernandez@example.com,(989)651-2769,Procurement,False
2485,984,Denise Lane,uarmstrong@example.org,342.715.6661x917,Finance,False
2486,984,Emma Morris,jacobsjennifer@example.net,836-873-3572x249,Decision Maker,False
2487,985,Brittany Jimenez,ycervantes@example.org,001-888-936-1000x9232,Decision Maker,False
2488,985,Karen Black,jason46@example.org,001-786-908-0295x1825,Decision Maker,True
2489,985,Anthony Mahoney,adoyle@example.com,814.640.1592,Procurement,True
2490,985,Jeffrey Morris,xgonzales@,7502008532,Finance,False
2491,985,Gina Hall,kaylee44@example.net,495-893-8699,Finance,False
2492,986,Susan Kennedy,nmathis@example.com,454.810.4385x102,Decision Maker,True
2493,986,Elizabeth Wallace,john94@example.com,794-362-4662,Decision Maker,True
2494,987,Joshua Kim,morrisjoseph@example.org,(711)420-4607x67947,Technical,False
2495,987,Amy Curtis,stephanie39@example.net,(610)561-8242,Finance,True
2496,988,Michael Smith,richard31@example.org,001-561-827-7377x26722,Decision Maker,True
2497,989,Amanda Powers,mark89@example.com,+1-592-666-9565x80003,Decision Maker,False
2498,989,Christina White,tracy67@example.org,001-724-676-2485x576,Procurement,False
2499,989,Helen Davis,samantha97@example.net,879-866-3640x020,Decision Maker,False
2500,989,Harold Perez,danielsjohn@example.net,+1-703-520-0263x99312,Decision Maker,True
2501,989,Patricia Glover,kevinwang@example.org,(444)583-8087,Procurement,False
2502,990,Linda Thompson,qbrown@example.net,919-518-4773x1723,Decision Maker,True
2503,990,Erin Walton,kristi45@example.net,+1-655-776-8816x7171,Technical,True
2504,990,Alex Barrett,thomas03@example.net,718-851-5509x6568,Procurement,False
2505,990,Timothy Obrien,timothyhawkins@example.com,295-395-2230,Finance,True
2506,990,Jonathan Scott,jsimpson@example.net,801-622-8349x061,Decision Maker,True
2507,991,Bruce Harris,hintonmonique@example.org,(395)973-0640x1848,Decision Maker,False
2508,991,Sandra Lopez,rebekahrodriguez@example.org,+1-601-921-5481x287,Decision Maker,True
2509,991,Rachel Kelly,ymyers@example.net,(848)894-6937,Procurement,True
2510,992,Cynthia Watson,steven71@example.net,476-311-3882x24966,Decision Maker,False
2511,992,Anthony Reynolds,lewisdevin@example.com,001-523-776-1847,Procurement,True
2512,992,Ryan Harris,scharles@example.org,4305308851,Technical,True
2513,992,Allison Schneider DVM,landrymichael@example.org,001-511-726-7015x216,Finance,True
2514,992,Kayla Salinas,ztaylor@example.com,6844261552,Technical,False
2515,993,Deborah Meyer,colonantonio@example.org,7386032687,Technical,False
2516,993,Jessica Williams,npotter@example.com,750.246.9204,Finance,True
2517,993,Lori Irwin,david68@example.com,6912878721,Technical,False
2518,993,Jeremy Ray,eric84@example.com,409.254.7594,Finance,True
2519,994,Mr. Gary Sims,williammercado@example.net,792.956.1698,Finance,True
2520,994,Ashley Bell,wooddiamond@example.com,319-628-0962,Technical,False
2521,994,Lucas Jackson,denisestanton@example.net,439.232.3144x70725,Finance,False
2522,994,Brian Thompson Jr.,allisonherrera@example.net,001-758-455-7963x71698,Procurement,True
2523,995,Kristopher Barrera,ashlee10@example.net,717-303-1887,Procurement,True
2524,995,Natasha Raymond,andreamitchell@example.com,001-740-270-6905x11601,Finance,True
2525,995,Michael Fritz,elizabeth56@example.net,291-241-1968,Decision Maker,False
2526,995,Edward Hall,smithbethany@example.com,(763)263-3228x553,Technical,True
2527,996,Tammy Arnold,lisa03@example.net,001-650-671-2628x1652,Finance,True
2528,996,Casey Young,michaeljohnson@example.org,001-878-278-0044x10239,Procurement,False
2529,996,Bradley Perkins,leachjoseph@example.net,+1-767-769-7607x523,Finance,True
2530,996,Frederick Burgess,alice25@example.net,(676)867-1827x3914,Decision Maker,False
2531,997,Dillon Hartman,jeremy79@example.net,(804)292-3862x167,Technical,False
2532,997,Michael Harris,kingrandy@example.com,978-219-1359x5914,Technical,False
2533,999,Stephanie Griffin,pparker@example.com,+1-503-629-4050,Decision Maker,False
2534,999,Whitney Rodriguez,whitakertimothy@example.net,8095578545,Finance,True
2535,1000,Jessica Johnson,eatonnatalie@example.org,236-957-7188x81559,Finance,False
2536,1000,Jordan Abbott,dturner@example.com,7576482322,Decision Maker,False
2537,1001,Jessica Thompson,carrrebecca@example.net,242.351.9785x0000,Decision Maker,True
2538,1002,Cynthia Cisneros,jonesmatthew@example.com,+1-411-500-8618x121,Decision Maker,False
2539,1002,Brittany Richard,franklindonna@example.net,+1-344-795-5544,Procurement,False
2540,1002,James Cardenas,alicheryl@example.net,677-853-2470,Procurement,False
2541,1002,Robert Duncan,jessicamorgan@example.net,(749)781-4204,Decision Maker,True
2542,1003,Shane Diaz,ijames@example.com,(708)625-4014,Procurement,True
2543,1004,Donna Thomas,masseytonya@example.org,8289239777,Technical,False
2544,1005,Matthew Griffin,gthompson@example.com,671-677-1673x831,Procurement,False
2545,1005,Meredith Ellis,melaniebrooks@example.net,(968)646-5114,Finance,False
2546,1005,Jillian Lee,leonardtate@example.net,321-466-7453,Technical,False
2547,1005,Charles Davis,tmcbride@example.net,387.708.9630x8886,Decision Maker,False
2548,1006,Julie Williams,leekevin@example.net,(427)438-7695,Finance,False
2549,1006,Danielle Cox,brianbowen@example.com,409.943.0696,Technical,True
2550,1006,Cynthia Nguyen,tracymason@example.com,+1-683-889-4366x1823,Technical,True
2551,1006,Daniel Coleman,zkirk@example.com,+1-574-934-3150x207,Finance,True
2552,1006,Christopher Walker,fbentley@example.org,001-285-204-2967x86551,Finance,True
2553,1007,Kathy Stevenson,timothywatkins@example.org,+1-825-785-3904x93382,Finance,True
2554,1008,Brian Shaw,ymccormick@example.org,327-382-1560,Procurement,False
2555,1010,Carla Freeman,lauren85@example.net,644.964.6385,Procurement,True
2556,1010,Rebecca Stewart,matthewrice@example.org,(416)747-2035x055,Technical,True
2557,1010,Lisa Duffy,strongeric@example.net,615.344.0159x7245,Decision Maker,False
2558,1010,Theresa Stewart,woneal@example.org,793.869.7066x2448,Procurement,False
2559,1011,Kathleen Burke,amontoya@example.com,639.728.2244x5452,Technical,True
2560,1012,Matthew Andrade,vanessamullins@example.org,(231)867-8239,Decision Maker,True
2561,1012,William Wilkerson,ricelisa@example.org,893-939-7444,Decision Maker,True
2562,1012,Ellen Pitts,invalid_email,(383)459-8403x579,Technical,True
2563,1012,Steven Davis,josephhall@example.com,732.994.3765x24530,Decision Maker,True
2564,1013,Jillian Jones,robinsonbrian@example.org,+1-469-797-3108x40235,Decision Maker,True
2565,1013,Mrs. Diana Rasmussen,dhall@example.com,572-210-1784x42494,Decision Maker,False
2566,1017,Rachel Rocha,kellyrebecca@example.net,(600)473-6278x386,Decision Maker,False
2567,1017,Lori Clark,renee30@example.org,6865641480,Procurement,False
2568,1017,Noah Warner,robinsonsarah@example.org,2265399611,Decision Maker,False
2569,1017,Frank Fleming,sheltonkristina@example.org,001-973-961-8890x229,Decision Maker,True
2570,1018,Ivan Garcia,melissahayes@example.com,001-756-863-8077x5893,Finance,True
2571,1019,Joseph Rogers,hendersonbrett@example.com,574-745-9837x8076,Technical,False
2572,1019,Crystal Ward,morrisonlawrence@example.net,237-438-9962,Technical,True
2573,1020,Matthew Campbell,burnsamanda@example.net,(881)431-3002,Technical,False
2574,1021,Frank Liu,tschneider@example.com,(657)585-9778x282,Finance,True
2575,1021,Micheal Price,weisskenneth@example.org,+1-226-603-2042x853,Finance,True
2576,1021,Ricardo Sullivan,corey94@example.net,001-277-750-1629,Decision Maker,False
2577,1022,Mark Dixon,michelerogers@example.net,+1-469-219-3050x972,Finance,True
2578,1022,Jessica Burns,wilsontheresa@example.net,848-845-5695x8604,Finance,False
2579,1022,Bonnie Garcia,michele79@example.com,(732)636-6860x426,Decision Maker,False
2580,1022,Ryan Franklin,ldaniel@example.net,(709)696-5326,Decision Maker,True
2581,1022,Maria Parker,melissa25@example.org,503.663.6702,Decision Maker,True
2582,1023,Howard Flynn,frazierkelly@example.org,810.370.8923,Procurement,False
2583,1023,Sheila Brown,stephenthomas@example.net,001-601-964-9510,Procurement,False
2584,1023,Jennifer Ayala,jonathanshields@example.com,989-946-0678x0034,Finance,True
2585,1023,Benjamin Mills,wavila@example.org,550.457.8944,Technical,True
2586,1026,Alicia Allen,jerry71@example.net,693-657-9304x44165,Technical,False
2587,1026,Jennifer Smith,tiffany63@example.net,(975)546-7066x67878,Technical,False
2588,1026,Brittany Flores,hannamartin@example.net,001-408-471-1371x0546,Procurement,False
2589,1027,Brian Cabrera,nnorman@,(473)656-0674x95945,Technical,False
2590,1029,Jorge Scott,samantha71@example.org,(448)573-7036x0585,Decision Maker,False
2591,1029,Daniel Vazquez,kevinaguilar@example.org,(403)994-9028x1538,Technical,True
2592,1029,Breanna Harris,rwilliams@example.com,371.973.2427x246,Decision Maker,True
2593,1030,Kevin Navarro,jcrawford@example.com,260.315.7483,Procurement,False
2594,1030,Carolyn Williams,henrytracy@example.org,472.528.0608x47426,Decision Maker,False
2595,1031,Gary Jacobs,eturner@example.org,(399)295-6185x833,Decision Maker,False
2596,1031,Hannah Thornton,jdrake@example.com,9772273159,Decision Maker,False
2597,1031,Mrs. Erica Saunders,tmccarthy@example.net,988-832-7680x90512,Procurement,True
2598,1031,Emily Herrera,weavermichael@example.org,(853)791-1958x53832,Procurement,True
2599,1033,Jason Atkinson,courtney58@example.com,001-348-856-7428,Procurement,False
2600,1033,Joseph Terrell,haydenbowman@,001-332-583-7483,Technical,True
2601,1033,Christopher Martinez,aguilarjasmin@example.com,001-668-892-8556,Procurement,False
2602,1033,Peter Romero,carl46@example.org,001-651-403-5297x05458,Finance,False
2603,1034,David Hopkins,mariaevans@example.net,448-304-7968x75441,Decision Maker,True
2604,1034,Cody Brown,shawn46@example.net,314.991.3366x924,Technical,False
2605,1034,John Walters,hwillis@example.org,708-846-8474,Finance,False
2606,1034,Gregory Schwartz,laura74@example.net,+1-607-918-2644,Decision Maker,False
2607,1035,Stacy Hoffman,moralesjessica@example.net,206.325.7057,Finance,True
2608,1035,Jared Ayala,amandasmith@example.net,(577)427-3263,Decision Maker,True
2609,1036,Sheila Hill,nayala@example.com,744.762.4033x7215,Procurement,True
2610,1036,Ariel Mejia MD,karen09@example.net,2527145684,Decision Maker,False
2611,1036,James Nash,amanda45@example.org,7762783084,Procurement,True
2612,1036,Pamela Knight,ryan34@example.org,+1-679-576-3520x7959,Finance,False
2613,1037,Ryan Sharp,omartin@example.org,+1-534-279-8394,Finance,False
2614,1038,Holly Macdonald,arichardson@example.org,388.499.8757x3628,Finance,False
2615,1038,Oscar Ruiz,zmarsh@example.net,222-315-8608x7983,Decision Maker,False
2616,1038,Amber Williams,rebeccachavez@example.org,001-880-342-6802,Finance,True
2617,1038,Brittany Bradley,invalid_email,001-521-218-9372x021,Finance,False
2618,1039,Jonathan Gonzalez,ericgomez@example.net,325-954-1560x4274,Decision Maker,True
2619,1040,Martin Bender,mcdonaldjeffrey@example.net,(798)714-5353,Decision Maker,True
2620,1041,Michael Spears,darmstrong@example.net,352.531.9663,Technical,False
2621,1043,Jonathan Kelley,johnny66@example.org,+1-768-291-2131x570,Decision Maker,False
2622,1043,Joel Bauer,felicia12@example.net,+1-233-357-4834,Procurement,True
2623,1043,Rebecca Rodriguez,hollyacosta@example.org,816.244.6864,Technical,True
2624,1043,Benjamin Medina,joelfowler@example.net,001-680-623-0940x64864,Decision Maker,True
2625,1044,Cynthia Boyd,bryanmorrison@example.org,565.847.7814x5555,Finance,False
2626,1044,Matthew Matthews MD,alexiswilliams@example.org,5155342183,Technical,True
2627,1045,Matthew Rojas,sierra09@example.com,001-955-454-3657x9809,Technical,True
2628,1045,Linda Mcbride,osborngrace@example.com,846.321.1079x375,Finance,False
2629,1046,Benjamin Brock,matthewcarr@example.net,001-367-828-7029x7569,Decision Maker,True
2630,1048,Gary Boyer,mcmillanjudy@example.com,773-554-2824x650,Technical,False
2631,1048,Robert Daniel Jr.,carterjudith@example.org,(722)854-6601,Procurement,False
2632,1049,Richard Hill,invalid_email,510.509.0292,Finance,True
2633,1049,John Fernandez,invalid_email,001-905-487-7979x4115,Procurement,False
2634,1050,Andrew Mosley,timothy76@example.com,8736955608,Procurement,True
2635,1050,Thomas Sanchez,tasha40example.org,912-930-2662x56104,Technical,True
2636,1051,Amanda English,davidromero@example.com,9582759119,Decision Maker,True
2637,1052,John Jackson,ajames@example.org,609.377.8212x53472,Finance,True
2638,1052,Eric Smith,joshua63@example.com,(592)316-7615,Decision Maker,False
2639,1052,Mary Haney,margaret93@example.com,(355)364-5796,Procurement,True
2640,1052,Matthew Brown,laurenwebb@example.net,(644)859-0693x722,Decision Maker,True
2641,1053,Rick Hamilton,ymcdonald@example.com,692-279-8903x6314,Procurement,True
2642,1053,Jessica Peterson,sandrasmith@example.com,+1-456-423-1902x879,Procurement,True
2643,1053,Stephanie Hernandez,andrew92@example.com,435-797-0872,Procurement,False
2644,1053,Timothy Rodriguez,davidlopez@example.org,9712636822,Decision Maker,False
2645,1053,Brandon Mcgee,ryanpetty@example.org,001-763-896-8472x04240,Procurement,True
2646,1055,Misty Young,invalid_email,001-827-625-2037,Finance,True
2647,1055,Mrs. Terry Porter,mullinsmark@example.com,(843)438-2543x26909,Technical,True
2648,1055,Heather Martin,jessica14@example.org,001-968-405-6651x6502,Finance,True
2649,1055,Mr. Christopher Carey,kevin30@example.org,+1-260-399-0522x68386,Procurement,True
2650,1056,Suzanne Miller,kimberlygonzalez@example.net,449-446-5950,Procurement,True
2651,1058,Dylan Patrick,mtownsend@example.net,968-347-8580x79281,Procurement,False
2652,1058,Lisa Butler,gregorygonzalez@example.com,806.559.1738,Procurement,True
2653,1058,Jared Higgins,bradley78@example.net,871-789-5488,Decision Maker,True
2654,1059,Nicholas Andersen,trevorfarmer@example.com,+1-706-796-8887x55543,Technical,True
2655,1059,Katrina Ramirez,william95@example.org,954-257-7841,Procurement,False
2656,1059,Kristy Nash,barbara45@example.com,(831)647-4226x755,Decision Maker,False
2657,1059,Brian Ramirez,alowe@example.org,(685)450-7529x49510,Decision Maker,False
2658,1059,Erik Moore,dcase@example.net,001-912-523-5263,Finance,True
2659,1060,Christine Burke,justindiaz@example.org,+1-956-815-2307x20190,Procurement,True
2660,1060,Rhonda Watson,steven68@example.net,298-323-0644x09653,Technical,True
2661,1060,Garrett Hoover,harrisonchristopher@example.org,+1-594-756-1070x47868,Decision Maker,False
2662,1060,Curtis Decker,hgonzalez@example.com,521.216.8315x7494,Technical,False
2663,1060,Sandra Jackson,wsolomon@example.net,698.751.4621x726,Procurement,False
2664,1061,Amy Fischer,ojames@example.net,549-863-2219,Finance,False
2665,1061,Travis Ramos,hbest@example.com,+1-754-724-2025x54769,Decision Maker,True
2666,1061,James Martin,kristinacarroll@example.com,680-982-9314x087,Technical,True
2667,1061,Nicholas Garrett,johnsoncasey@example.net,994.952.9928x5977,Decision Maker,True
2668,1061,Christopher Kelly,martha82@example.com,(459)600-6366,Procurement,False
2669,1062,Frederick Berry,wilsonscott@example.org,001-394-922-2895x1213,Finance,True
2670,1063,Barbara Garza,dmendoza@example.org,001-628-906-0838x832,Technical,False
2671,1064,Brian Wood,jamespalmer@example.com,2669501845,Finance,False
2672,1064,Jacqueline Nguyen,clarktrevor@example.net,571-974-6057,Procurement,True
2673,1064,Austin King,zturner@example.org,001-851-748-0292x8405,Decision Maker,True
2674,1064,Tiffany Sheppard,morenojames@example.net,466-818-4395x844,Technical,True
2675,1064,Jessica Valdez,tvargas@example.com,+1-273-859-3266x0204,Procurement,True
2676,1065,Lisa Wolf,rodriguezmichael@example.com,537.330.2922,Procurement,True
2677,1067,Teresa Hooper,amyschaefer@example.org,358.531.1966,Finance,True
2678,1067,Ashley Sharp PhD,brian74@example.net,683.261.4378x640,Finance,False
2679,1067,Makayla Lee,george15@example.com,803.577.0329x7046,Technical,False
2680,1067,David Whitney,holtwendy@example.net,331-715-7508x040,Finance,False
2681,1069,Nathaniel Carr,schroederkyle@example.org,581.351.5049x97676,Decision Maker,True
2682,1069,Tyler Morris,terrybillyexample.org,2353850370,Procurement,True
2683,1070,Mr. Zachary Adams,phamwilliam@example.net,001-740-743-1033,Procurement,True
2684,1070,Jeffrey Drake,crystal42@example.com,733-330-8911,Technical,True
2685,1070,James Marsh,duncankatherine@example.net,001-695-459-2514,Finance,True
2686,1071,Derek Brewer,youngomar@example.net,381.672.0807x74686,Decision Maker,False
2687,1071,Tyler Cortez,fwilliams@example.com,001-223-709-6697x5165,Finance,True
2688,1071,Diana Mccoy,normanfrank@example.net,230.773.1915x67322,Decision Maker,True
2689,1072,Adam Reed,ashleybailey@example.net,001-371-879-0160x48872,Procurement,False
2690,1072,Katherine Combs,davilakristen@example.org,3717351011,Technical,True
2691,1073,Jennifer Hernandez,qwilliams@example.com,780.535.8036,Finance,True
2692,1073,Anthony Rhodes,fowlercarrie@example.org,(907)997-9165x94104,Finance,False
2693,1075,Nicole Stokes,brian12@example.net,738-482-4957,Technical,True
2694,1075,Suzanne Perez,john89@example.net,001-615-642-2889x0810,Decision Maker,False
2695,1075,Aaron Gibson,rhall@example.com,(489)304-3147,Decision Maker,False
2696,1075,Molly Bailey,aliciaweber@example.net,001-584-837-7997,Technical,False
2697,1075,Timothy Palmer,courtneysmith@example.com,977.280.4437,Decision Maker,True
2698,1076,Douglas Diaz,hebertsherri@example.org,(521)378-3524,Procurement,False
2699,1076,Alice Stanley,mariawilson@example.org,+1-463-369-5065,Finance,False
2700,1077,Christy Delgado,fishermichelle@example.org,001-547-521-7252x74715,Decision Maker,False
2701,1078,Eric Sims,janice10@example.com,685-258-5759x710,Finance,True
2702,1079,Shannon Howard,jacksonapril@example.com,+1-260-449-7921x66295,Technical,False
2703,1079,Emily Hawkins,thomasgardner@example.net,(465)760-3781x19256,Procurement,True
2704,1079,Donald Berger,jeffreyberg@example.org,+1-505-666-5324x813,Technical,True
2705,1079,Jose Rivera,ikennedy@example.com,578.599.6020x11374,Finance,False
2706,1079,Stacey Beltran,amanda39@example.com,(596)719-1893x3215,Procurement,True
2707,1080,Ronnie Lawrence,sthompson@example.org,(894)212-0706x4539,Procurement,False
2708,1080,Megan Carpenter,brian86@example.org,001-264-480-9062x387,Decision Maker,True
2709,1081,Lisa Lewis,derrick58@example.net,001-923-550-5956x71783,Decision Maker,False
2710,1081,Erik Woods,yjones@example.org,001-218-228-5278,Procurement,True
2711,1081,Michael Andrews,collinsdenise@example.net,(790)254-7343x9545,Technical,False
2712,1081,Larry Schwartz,brenda70@example.net,(546)791-7440x58834,Decision Maker,True
2713,1082,Richard Padilla,ckrause@example.net,9946113364,Finance,False
2714,1082,Larry Rios,jose44@example.org,+1-378-610-0265x155,Decision Maker,False
2715,1082,Jade Tate,burtonmark@example.org,001-206-481-7435x6690,Technical,True
2716,1082,Mitchell Rios,garciawilliam@example.net,847.693.8848,Technical,True
2717,1082,Kevin Prince,davenportjon@example.org,2329913497,Procurement,True
2718,1083,Sheri Phillips,daniel27@example.net,7336385259,Decision Maker,True
2719,1085,Edward Long,david46@example.com,(476)244-9687,Technical,False
2720,1085,Richard Cross,ischwartz@example.com,001-223-883-4288x0117,Procurement,True
2721,1085,Lauren Baker,qkramer@example.org,+1-553-332-1567x544,Decision Maker,True
2722,1086,Ryan Adams,codybrewer@example.com,891-484-4470x1745,Procurement,False
2723,1086,James Burns,erin93@example.org,(394)282-8544x64015,Technical,True
2724,1086,Shannon Adkins,alexismitchell@example.org,652.696.3919,Decision Maker,False
2725,1088,Steven Wilson,tamara57@example.org,+1-928-636-7593,Decision Maker,False
2726,1088,Kelly Hudson MD,nicholas60@example.org,879-641-1190x258,Finance,True
2727,1089,Kimberly Campbell,owenslisa@example.com,359-902-1973x48192,Technical,True
2728,1089,Thomas Martin,snyderalicia@example.org,001-606-999-5439,Technical,False
2729,1089,Mr. Aaron Burke,gabriel57@example.net,2622152673,Procurement,True
2730,1089,Ryan Davis,aaroncastillo@example.com,969.975.9100,Procurement,True
2731,1090,Karen Miller,tbecker@example.com,(685)837-0817,Procurement,True
2732,1090,Kyle Palmer,martinezmary@example.org,+1-832-316-8886x47807,Decision Maker,False
2733,1090,Thomas Howard,estewart@example.net,+1-644-408-1724x1353,Technical,True
2734,1090,Marissa Brandt,bethgraham@example.net,792.798.7645,Technical,False
2735,1091,Jason George,gray@example.org,467-928-7050x872,Decision Maker,False
2736,1091,Margaret Wood,tiffanycook@example.org,8802616165,Finance,False
2737,1091,Tracy Hill,louis31@example.com,(807)562-2292x2023,Decision Maker,False
2738,1092,Victoria Santana,yperry@example.org,001-284-773-3501x5087,Decision Maker,True
2739,1092,Shane Wilson,jose42@example.com,648-579-0503,Finance,True
2740,1092,Debra Schmidt,david77@,8612365025,Finance,True
2741,1092,Julie Sanchez MD,alicia57@example.net,(484)231-0509x94970,Finance,False
2742,1093,James Cantrell,sarah73@example.com,(492)374-6216,Technical,False
2743,1093,Sabrina Williams,murphyroy@example.org,+1-937-917-1193x638,Technical,False
2744,1094,Jimmy Sullivan,bryce31@example.net,887-995-9300x0370,Finance,True
2745,1094,Tammy Jones,samanthasmith@example.com,3547520328,Decision Maker,True
2746,1094,Natalie Williams,mcdanielmelanie@example.com,(378)220-6572x70373,Finance,True
2747,1095,Amber Harris,brandiwilson@example.org,001-764-273-8229,Finance,False
2748,1095,Robert Fisher,fcisneros@example.com,001-351-883-5622x6575,Finance,False
2749,1096,Russell James,georgevaughan@example.net,+1-220-499-2456x23088,Finance,True
2750,1096,Grant Stewart,donaldcook@example.org,9046032947,Technical,False
2751,1096,Lynn Sherman,martindevin@example.com,720-741-2697x93934,Decision Maker,False
2752,1096,Stephen Gonzales,rebeccapeterson@example.net,(790)887-1167,Finance,False
2753,1097,Jason Lane,carol83@example.net,554.785.9846,Decision Maker,False
2754,1097,Kimberly Hogan,brittanymerritt@example.net,842.582.6753,Technical,True
2755,1099,Keith Ryan,martinpatrick@example.net,469.725.5028,Procurement,False
2756,1099,Pamela Miller,chase15@example.org,8525258305,Finance,True
2757,1099,Julie Lopez,ycampbell@example.net,213.464.8270x410,Technical,False
2758,1099,Samantha Blevins,colleen91@example.net,987-703-7054x88361,Procurement,True
2759,1099,Matthew Smith,joecampbell@example.com,479.201.9381,Technical,True
2760,1100,Norma Rodriguez,maxwelllucas@example.com,(605)407-5034,Decision Maker,True
2761,1101,Kenneth Ball,terrymurphy@example.net,+1-843-222-1421x27284,Finance,False
2762,1102,Eddie Morrow,stevenlee@example.org,+1-326-669-4077x9374,Decision Maker,False
2763,1102,Michelle Aguilar,brian37@example.org,7582176700,Procurement,True
2764,1103,Jacqueline Hardy,timothyevans@example.net,(936)372-1656,Technical,False
2765,1103,Erik Riley,cookkurt@example.org,001-837-398-1954x064,Technical,False
2766,1103,Ronald Warren,rebecca88@example.org,414-666-9204x8936,Procurement,False
2767,1105,Julie Vasquez,cunninghamjennifer@example.net,212.291.2854,Procurement,False
2768,1105,Monica Ramos,xvincent@example.com,+1-523-921-1913x3276,Technical,False
2769,1105,Katherine Underwood,ggray@example.com,+1-274-500-8485,Procurement,False
2770,1105,Jaime Kim,nelsontimothyexample.com,882-350-2825,Procurement,False
2771,1105,Linda Johnson,david31@example.com,001-712-555-3624,Technical,True
2772,1106,James James,juliaberg@example.com,737-454-5703x424,Technical,True
2773,1107,Samuel Fisher,pfitzpatrick@example.net,9087116046,Procurement,False
2774,1109,Jared Smith,gregoryblack@example.com,3606685095,Decision Maker,True
2775,1109,Juan Riggs,vknight@example.com,470.548.0957,Procurement,False
2776,1109,Rachel Sutton,webstersarah@example.com,979-952-9499x1621,Technical,True
2777,1109,Ashley Tran,david49@example.com,331.230.2104x26355,Decision Maker,False
2778,1110,Lauren Perez,megan83example.org,(244)584-1939,Finance,False
2779,1110,Ronald Mills,benjamin55@example.net,(384)465-0710,Procurement,False
2780,1111,Brandy Miller,zacharyneal@example.net,(275)269-4208,Technical,False
2781,1111,Gina Howard,shane35@example.net,960-869-8973,Finance,False
2782,1111,Brenda Stafford,jason77@example.org,871-974-8881x526,Technical,False
2783,1111,Melody Roberts,robertsallen@example.net,001-516-452-0675x7302,Finance,True
2784,1112,Kelli Parker,nathan24@example.net,001-710-372-4060x6112,Decision Maker,False
2785,1112,Ian Morris,allenhayley@example.org,898.462.0041x1301,Finance,True
2786,1112,Sara Reed,daniellesmith@example.com,9889238990,Procurement,True
2787,1112,Marcus Gordon,powersjohn@example.net,+1-220-463-8338,Finance,False
2788,1113,Laura Hobbs,wjimenez@example.net,718-657-3775x49103,Procurement,False
2789,1113,Zoe Allen,elijah29@example.net,001-626-641-4281x610,Decision Maker,True
2790,1113,Tonya Simpson,alee@example.net,904.718.0565,Decision Maker,False
2791,1114,Jennifer Thompson,sandovaljoseph@example.net,(600)317-6682,Technical,True
2792,1114,Mrs. Jodi Mcdaniel,billyclark@example.org,764-661-4521x23180,Procurement,True
2793,1114,Juan Garcia,tjohnson@example.net,361.521.0995x2296,Technical,True
2794,1114,Christopher Rivera,juliefrank@example.org,001-904-287-5840,Procurement,True
2795,1117,Juan Walters,loriolson@example.org,326-951-0705x472,Finance,False
2796,1117,Rhonda Carson,wayne95@example.org,001-680-327-9772x6638,Technical,True
2797,1117,Stacey Pena,whitesara@example.com,+1-999-558-8867x601,Finance,False
2798,1117,Tammy Sellers,miguelbradford@example.org,767.577.4036x3909,Procurement,False
2799,1118,Brian Hubbard,amandapearson@example.org,5046926999,Finance,False
2800,1118,Kimberly Carter,mcdanielaaron@,238-988-5346x65779,Procurement,False
2801,1118,David Hansen DVM,johnmoore@example.org,001-633-929-9392x355,Technical,True
2802,1120,Lindsay Baker,rebeccagamble@example.org,4268748336,Technical,True
2803,1120,Grant Martin,ivincent@example.net,(392)626-6901,Technical,True
2804,1120,Alan Dudley,jmatthews@example.net,7769358233,Procurement,False
2805,1120,Daniel Jones,invalid_email,(774)682-9619,Decision Maker,True
2806,1121,Daniel Jones,orobinson@example.org,495-738-9924,Finance,False
2807,1121,Christian Baker,hansendeborah@example.net,(932)904-2387x15568,Finance,False
2808,1121,Kimberly Murray,vincentcollins@example.com,+1-731-936-4890,Procurement,True
2809,1121,Nicholas Smith,invalid_email,+1-675-993-4847,Finance,True
2810,1122,Anthony Wiley,tyronechavez@example.net,+1-437-516-5688x7560,Decision Maker,True
2811,1124,Michael Simon,ralphgreen@example.net,324.410.5899x675,Procurement,False
2812,1124,Alexander Anderson,invalid_email,(650)379-7961x481,Technical,True
2813,1124,Amanda Ewing,nsmith@example.net,+1-771-866-4544,Technical,False
2814,1124,James Ortiz,dwilson@example.org,6744881383,Decision Maker,True
2815,1124,Jennifer Hayes,thomasrobertson@example.com,(355)582-0389x167,Procurement,False
2816,1125,Jessica Evans,caitlin35@example.net,001-611-839-1060x65355,Decision Maker,True
2817,1125,Kathy Novak,crystal00@example.net,(916)616-7763x92449,Decision Maker,False
2818,1125,Christine Walton,slin@example.org,672-203-5241x02416,Procurement,True
2819,1126,Amy Barnes,jasmin00@example.com,+1-681-379-0719,Finance,False
2820,1126,Philip Simmons,jamesballard@example.org,+1-718-325-8812x3146,Technical,True
2821,1126,Monica Kim,marquezglenda@example.net,(213)827-4074x920,Decision Maker,True
2822,1126,Katie Rivera,jonesjessica@example.com,911.807.3966x763,Finance,True
2823,1127,Cynthia Nixon,whitekim@example.net,780-598-2441x231,Finance,False
2824,1127,Dustin Diaz,vincentcindy@example.net,665-408-3127x670,Technical,True
2825,1127,Elizabeth Powell,anthonylaura@,(213)951-4693,Technical,True
2826,1127,Richard Hill,leonardjoseph@example.org,001-549-665-4324,Finance,True
2827,1128,April Hayes,michael97@example.net,(938)410-4573,Procurement,False
2828,1128,Brianna Jones,rachael13@example.com,+1-261-476-9614x579,Technical,False
2829,1129,David Patton,kathryn52@example.net,753.365.8265,Technical,False
2830,1129,Lori Wilson,daviddavila@example.net,3316178861,Finance,True
2831,1129,Leslie Owens,msmith@example.net,7699565280,Decision Maker,True
2832,1129,William Carter,ryan72@example.org,+1-271-805-4411x14591,Technical,False
2833,1130,Connor Whitehead,jquinn@example.org,(657)656-5088x02362,Procurement,False
2834,1132,Justin Torres,zacharytrevino@example.org,(816)434-0992,Technical,False
2835,1132,Kenneth Simmons,philipfrank@example.com,268.320.0863x9530,Procurement,False
2836,1134,Joshua Henderson,tanyaharmon@example.com,935-217-1944x012,Procurement,True
2837,1134,Bobby Martin,dylan10@example.com,719-432-5378x94784,Decision Maker,False
2838,1134,Isaac Cole,stewartrichard@example.com,(766)241-9471,Technical,False
2839,1134,David Garcia,burtoncarlos@example.com,9377952262,Finance,False
2840,1134,Jared Woodward,ayalamelinda@example.net,835.897.8810x552,Decision Maker,True
2841,1135,Jesse Donovan,allenshawn@example.com,+1-220-764-0622x12483,Decision Maker,True
2842,1135,Justin Morgan,jwilcox@,519.855.3095x91344,Finance,False
2843,1136,Erik Mcdowell,riosdaniel@example.net,912.908.4972x97858,Technical,False
2844,1136,Erin Dickson,maldonadodana@example.com,8668201593,Finance,False
2845,1136,Nicole Morris,twalker@example.net,(753)751-8559x46655,Procurement,False
2846,1136,David Bell,garymeyers@example.org,(950)840-3599,Procurement,True
2847,1136,Jason Juarez,matthew05@example.org,645-775-0597,Procurement,False
2848,1137,Emily Allen,walkershannon@example.com,(426)574-6864,Finance,False
2849,1137,Patricia Rodriguez,christopherhill@example.org,(592)852-5363,Procurement,False
2850,1137,Craig Elliott,john59@example.com,(723)242-1900x14846,Procurement,True
2851,1137,Marissa Dominguez,allenjonathan@example.org,+1-663-774-7850,Technical,False
2852,1138,Mark Parker,fthomas@example.com,(773)748-7628x935,Technical,False
2853,1138,Eric Gray,elizabethjones@example.org,(559)303-2430,Finance,False
2854,1139,Dawn Cortez,robert52@example.net,522-578-7596,Technical,True
2855,1139,Devon Vaughn,jamesmartin@example.net,(547)513-8843x9266,Decision Maker,True
2856,1139,Amy Rodriguez,parsonsjulia@example.org,946.442.4871,Technical,False
2857,1139,Caitlin Mendez,hernandezdavid@example.org,755.210.9663x213,Finance,False
2858,1140,James Smith,robinsonmelissa@example.net,565.582.3064,Decision Maker,True
2859,1140,Joseph Reed,smithadam@example.net,(492)847-7280,Technical,True
2860,1140,Jennifer Jones,benjamin52@example.org,+1-993-591-4729x7020,Decision Maker,False
2861,1140,Nicole Rogers,spope@example.net,(378)995-1751,Technical,False
2862,1140,Jonathan Cain,barryanthony@example.com,5068118018,Decision Maker,True
2863,1141,Shelby Carter,rebecca77@example.com,(987)715-5391,Decision Maker,False
2864,1141,Scott Coleman,paulbarber@example.net,001-237-856-6953,Procurement,True
2865,1141,Jennifer Wood,caldwellkristyexample.org,001-818-836-9236,Procurement,False
2866,1141,Sheila Vargas,qmorton@example.net,001-405-205-0357x98474,Technical,False
2867,1141,Pamela Thomas,charles11@example.net,898-776-0534,Decision Maker,False
2868,1142,Patrick Stewart,stacey27@example.net,(987)430-8160,Technical,True
2869,1142,Mary Reese,donaldsmith@example.net,2214756547,Decision Maker,True
2870,1142,Christine Reeves,lindsayharris@example.org,642-499-8514x22926,Technical,False
2871,1143,Michelle Wilson,jordankathryn@example.com,393-494-6009x35333,Technical,True
2872,1143,Michael Rivera,ddavis@example.net,768.388.4584x6890,Technical,False
2873,1143,David Walsh,mhart@example.org,(429)588-7009,Decision Maker,True
2874,1143,Dave Floyd,emorgan@example.net,469-988-9835x87923,Decision Maker,True
2875,1144,Terry Jones,beckycrawford@example.com,+1-767-631-2903x970,Technical,True
2876,1145,Brian Lindsey,calvin34@example.org,711.514.4620x0238,Finance,True
2877,1145,Cameron Davidson,maddenrobert@example.com,2816282695,Technical,True
2878,1145,Debra Adams,katiejones@example.org,001-668-326-4319x46135,Technical,True
2879,1145,Danny Adams,michael76@example.com,+1-874-247-8324x5008,Decision Maker,False
2880,1147,Candice Willis,scottwatson@example.net,399.611.3440x24448,Finance,False
2881,1147,Dwayne Cruz,kevin95@example.net,875.227.7698x136,Technical,False
2882,1147,Charles Moses,turnermark@example.com,2683199670,Technical,False
2883,1147,Veronica Jones,michellefuentes@example.org,(834)501-1403x302,Finance,True
2884,1147,Eric Curry,mike22@example.org,+1-279-656-4938x334,Finance,False
2885,1148,Craig Navarro,xburke@,+1-598-841-1670,Procurement,False
2886,1148,Marcia Thomas,lauramelendezexample.org,(500)944-9695,Technical,True
2887,1148,Joyce Sims,palmererika@example.org,6978679275,Procurement,False
2888,1149,Joseph Houston,garymorris@example.org,001-801-640-2027x19852,Decision Maker,True
2889,1149,Joy Taylor,tmiller@example.net,355.613.8350,Finance,False
2890,1150,Patricia Robinson,barkerjohn@example.org,9885732697,Finance,False
2891,1151,Maria Compton,ethanwoods@example.com,732.841.1920x9607,Finance,True
2892,1151,Faith Norris,francismaxwell@example.org,(341)380-5501,Decision Maker,False
2893,1151,Austin Cooper,pnicholson@example.net,8926808193,Decision Maker,True
2894,1151,Fernando Murphy,rachel10@example.com,446-901-1085x43165,Decision Maker,False
2895,1151,Steven Hunt,xmiller@example.org,+1-919-273-7373x46994,Finance,True
2896,1152,Jessica Porter,todd72@example.com,+1-482-617-8640x3872,Decision Maker,True
2897,1152,William Flowers,peterlopez@example.com,+1-923-698-4967,Finance,False
2898,1152,Rachel Marshall MD,kim75@example.org,(727)225-6094,Finance,False
2899,1152,Maureen Woodard,cassidy23@example.com,(366)598-8026,Procurement,True
2900,1153,Nathan Moore,nmiller@example.com,001-780-975-1558x577,Procurement,False
2901,1154,Rachel Martin,michaelcontreras@example.net,282-707-9735,Decision Maker,False
2902,1154,Henry Jones,qberry@example.net,714-684-7039,Procurement,True
2903,1154,Alison Fields,robertroberts@example.net,729.300.1217x971,Technical,False
2904,1154,Dr. John Rubio,catherinewhiteexample.com,+1-622-580-7758x943,Procurement,True
2905,1155,Johnny Hunt,amybrown@example.net,(571)863-2827,Decision Maker,False
2906,1155,Nicole Gill,brianna26@example.net,(733)834-0317,Decision Maker,False
2907,1159,Mr. Christopher Flowers Jr.,sancheznicholas@example.com,+1-627-682-7701x5979,Procurement,False
2908,1159,George Hood,vadams@example.net,001-947-410-8841x866,Decision Maker,False
2909,1160,Emily Young,dale07example.org,359-869-6059x348,Procurement,False
2910,1160,Mark Jensen,trevor37@example.com,+1-679-904-8642x81466,Decision Maker,False
2911,1160,Katrina Cox,kbrooks@example.net,(968)498-2661,Finance,False
2912,1160,Crystal Carter,cgarcia@example.org,429.500.2278x322,Finance,True
2913,1161,Shannon Stewart,ryanharvey@example.com,750-247-0530x77918,Decision Maker,False
2914,1161,Amy Lee,asims@example.com,+1-879-628-7623x114,Decision Maker,False
2915,1161,Brenda Henderson,jacobriley@example.org,+1-586-256-3773,Procurement,True
2916,1161,Jerry Hill,ovazquez@example.com,670.677.9285,Finance,False
2917,1161,George Taylor,yvonnethornton@example.net,934.452.1879x3885,Technical,True
2918,1162,Kyle Jordan,tcoleexample.com,825-945-6300x1352,Procurement,False
2919,1162,Charles Smith,invalid_email,(432)433-9347x716,Technical,False
2920,1162,Antonio White,eknapp@example.com,756-843-9372,Finance,False
2921,1162,Benjamin Jones,martinezryan@example.com,940-637-8478,Procurement,False
2922,1162,Leonard Wright,pbaker@example.org,001-208-277-4293x95697,Technical,True
2923,1163,Shelby Murillo,mcbrideedwardexample.org,(370)412-3327,Procurement,False
2924,1163,David Mckay,xrichard@example.com,001-778-769-5887x30663,Finance,True
2925,1163,Craig Greene,nancymiller@example.com,899-931-2273,Technical,True
2926,1163,Rebecca Jackson,steven12@example.com,4886728644,Decision Maker,True
2927,1164,Kaitlyn Orozco,michael07@example.net,(739)329-4266x49713,Decision Maker,True
2928,1165,Justin Hartman,dawn78@example.com,(604)596-6393x363,Technical,False
2929,1165,Jennifer Reid,rbennett@example.org,696.485.5695,Procurement,True
2930,1167,Connie Parks,avasquez@example.org,(896)761-9113x139,Finance,False
2931,1167,Rhonda Palmer,cabreranathan@example.net,001-901-585-2915x3648,Technical,False
2932,1167,Stephanie Wong,masonjason@example.net,(552)681-4294,Technical,True
2933,1167,Anita Obrien,ronald01@example.net,619.483.2666,Finance,True
2934,1167,Kirsten Bradshaw,hawkinsnatalie@example.org,001-298-293-4550x91847,Finance,True
2935,1168,Megan Ryan,matthewsmith@example.net,(280)986-4368x94069,Decision Maker,False
2936,1168,Joshua Neal,jamesjennifer@example.com,6666343169,Finance,False
2937,1168,Ethan West,kleindavid@example.com,+1-296-952-0276,Finance,True
2938,1168,Melissa Sharp,dominguezrobert@example.org,+1-689-377-1951x18988,Decision Maker,True
2939,1169,Wanda Gonzalez PhD,emilytorres@example.org,+1-779-781-8150x61204,Technical,False
2940,1170,Jennifer Roberts,adamsmichael@example.com,+1-388-282-9602x4506,Finance,True
2941,1170,Sharon Glover,james31@example.net,+1-914-389-7558,Procurement,True
2942,1170,Amanda King,hurstsandra@example.com,(461)832-1254x925,Decision Maker,True
2943,1171,Miranda Nguyen,swatkins@example.net,+1-231-388-0140x1199,Technical,True
2944,1171,Clayton Henderson,melanie84@example.com,(255)492-8076x4440,Decision Maker,True
2945,1171,Lori Ortega,jferguson@example.net,496-363-2948x668,Finance,False
2946,1171,Lisa Mcclain,cabrerajudith@example.net,001-295-745-7648x41351,Procurement,False
2947,1171,Harold Butler,invalid_email,982.508.6048x456,Finance,True
2948,1172,Jordan Cantu,myersjessica@example.org,001-579-511-5475,Finance,True
2949,1172,Kathleen Waters,heather66@example.com,001-821-643-7325x4316,Procurement,False
2950,1172,Zachary Church,davidyang@example.org,541-916-7904x5036,Technical,False
2951,1172,Bonnie Bailey,fmiller@example.com,001-528-337-9867x2610,Procurement,False
2952,1172,Mason Davis,troy04@example.net,001-730-368-4757x6555,Finance,True
2953,1174,Brianna Nichols,jennifer29@example.net,479.661.7856x21727,Decision Maker,False
2954,1174,Ronald Harris,davislance@example.org,001-881-606-0856x414,Decision Maker,False
2955,1174,Lori Villanueva,christopherhansen@example.com,815-602-8147x3523,Finance,False
2956,1175,Bryan Stone,hubbardnicole@example.org,(683)328-6713,Decision Maker,False
2957,1175,Natalie Munoz,pamelabaker@example.org,001-967-526-1904,Finance,True
2958,1175,Michelle Rose,carpenterlori@example.net,227-557-9593,Finance,False
2959,1175,Julian Porter,vjackson@example.org,554.704.5472x6331,Decision Maker,False
2960,1176,Caleb Smith,samantha60@example.org,(882)397-7446x9626,Finance,False
2961,1176,Dr. Richard Lam DVM,erodriguez@example.com,001-397-265-2318x4093,Finance,True
2962,1177,Nicole Velasquez,sonya59@example.org,708-520-8981x7969,Decision Maker,False
2963,1177,Donna Lopez,grahammariah@example.com,336.744.5813x155,Procurement,True
2964,1177,Rebecca Henderson,julie16@example.com,001-732-286-2388x6731,Technical,True
2965,1178,Barbara Barker,vzimmerman@example.net,407-420-8624,Finance,True
2966,1178,Jesse Parker,deborahgray@example.org,+1-669-675-9118x80351,Decision Maker,False
2967,1178,Anthony Boyer,invalid_email,+1-499-226-2427x309,Finance,False
2968,1179,Alexis Kelley,bakermichele@example.com,001-358-742-8112x23563,Technical,False
2969,1179,Samantha Moore,gary98@example.org,634-802-7537,Finance,True
2970,1179,Nicholas Ward,smason@example.com,+1-490-415-6349x8808,Procurement,True
2971,1179,Thomas Barnett,walterharmon@example.net,001-670-866-2482x4343,Finance,False
2972,1180,Aaron Lopez,gchang@example.com,(868)641-0964x28167,Decision Maker,True
2973,1180,Joshua Terrell,charlesclarke@example.com,799-780-8338x8015,Technical,True
2974,1181,Destiny Smith,rodriguezdeanna@example.org,525-947-4414,Finance,False
2975,1182,Thomas Nunez,thompsonmark@example.com,235.457.4032,Technical,False
2976,1182,Gary Stanley,elizabethwilson@example.com,415.832.7522,Decision Maker,True
2977,1183,Derrick Schneider,gina93@example.org,(760)314-8494,Technical,False
2978,1183,Emily Brown,danielpowell@example.org,+1-305-978-9579,Finance,False
2979,1183,Jocelyn Miller,xobrien@example.com,465-585-1295x9232,Technical,True
2980,1183,Michael Nash,pamelawest@example.org,491.895.1132,Finance,False
2981,1183,Jerry Lopez,kevin15@example.net,(499)569-4742x5083,Technical,True
2982,1184,Eric Esparza,qbutler@example.net,962-686-4049x4672,Procurement,True
2983,1184,Matthew Miller,brookscameron@example.com,946.318.6513,Finance,False
2984,1185,Brian Arnold,davisandrea@example.org,493.820.4283,Decision Maker,False
2985,1185,Gregory Chavez,aaron20@example.com,588-676-5187x0683,Technical,False
2986,1185,Victor Larson,marisa94@,734-882-8630,Procurement,True
2987,1185,Richard Jacobs,wmoore@example.net,+1-240-570-5321x064,Procurement,True
2988,1187,Jane Booth,schaeferrichard@example.net,001-964-307-6908x2835,Finance,True
2989,1187,Kevin Calderon,chadtorres@example.org,(621)481-2677,Technical,True
2990,1187,Jared Carrillo,kingvictor@example.org,(206)771-5125x07438,Finance,True
2991,1187,Heather Smith,foxchelsea@example.com,666.303.3012x6075,Technical,True
2992,1188,Jane Humphrey,alexanderwallace@example.net,648-375-3345,Technical,True
2993,1188,Russell Peterson,toni86@example.com,(661)892-3344,Technical,False
2994,1188,Patrick Lee,ghill@example.net,921.274.4182x6300,Technical,True
2995,1188,Justin Richardson,frankcunningham@example.com,4414808835,Finance,False
2996,1189,Kelly Maldonado,pjacobs@example.com,940.867.9874x394,Procurement,False
2997,1189,Mckenzie Anderson,mckinneywendy@example.org,+1-559-842-3689x63037,Procurement,False
2998,1189,Robert Evans,gonzalezrussell@example.com,974.920.7180x5751,Decision Maker,False
2999,1190,Kimberly Thompson,sbarnes@example.com,+1-789-877-8703x369,Technical,False
3000,1190,Grace Yang,wgriffin@example.com,001-479-878-2602x7047,Decision Maker,True
3001,1190,James Meyer,barbara20@example.com,(241)474-2346,Procurement,False
3002,1190,Christopher Weaver,xbush@example.com,(290)966-9998,Decision Maker,False
3003,1191,Margaret Hays,pskinner@example.org,483-389-9192x838,Finance,True
3004,1191,Erin Mccarty,howardcharlotte@example.org,+1-983-513-4354x0991,Decision Maker,True
3005,1191,James Edwards,jmoore@example.org,759-693-0933x09880,Technical,False
3006,1192,Laura Lewis,christopherruiz@example.org,9998408752,Decision Maker,True
3007,1192,Daniel Nelson,miguelbarber@example.net,+1-454-671-4925,Procurement,True
3008,1192,Tara Cook,william77@example.net,376.849.4722x9414,Finance,True
3009,1192,Trevor Eaton,haysglenn@example.net,291-408-9021,Procurement,True
3010,1194,Anthony Smith,phamsara@example.net,001-951-670-6765x29274,Procurement,False
3011,1195,Olivia Perry,jimmyrodriguez@example.org,001-697-205-8558x2917,Decision Maker,True
3012,1197,Becky Harris,vickierichardson@example.com,679-608-8756,Procurement,False
3013,1197,Brittany Lucas,daykathryn@example.net,220.289.0966,Decision Maker,True
3014,1197,Margaret Holland,ospears@example.net,9177879763,Technical,False
3015,1197,Daniel Ward,kevin96@example.com,(648)331-0166x262,Finance,True
3016,1198,Catherine Mcbride,georgereid@example.net,240.953.4717,Procurement,False
3017,1199,Dana Clark,cummingstimothy@example.net,251-856-4458x6528,Procurement,False
3018,1199,Bradley Estrada,nrayexample.com,(727)442-0982,Technical,False
3019,1200,Ashley Mitchell,michellewilson@,731-660-6101x1062,Decision Maker,True
3020,1201,Deborah Miranda,michelle50@,270.932.7659x739,Decision Maker,True
3021,1202,Donald Jones,kenneth73@example.com,(415)374-9445,Decision Maker,True
3022,1202,Aaron Ortiz DVM,derrick30@example.com,901.962.4104,Decision Maker,True
3023,1202,Melissa Vasquez,diana32@example.org,533.958.3740x843,Technical,True
3024,1202,Carol Hernandez,garciakatrina@example.com,(293)308-7088x2623,Technical,True
3025,1202,Angela Tyler,justin00@example.com,(724)327-1479x725,Decision Maker,False
3026,1203,Kevin Simon,juan23@example.org,(815)323-5158x084,Finance,False
3027,1203,Tina Martin,tony61@example.org,(515)868-8532x2803,Procurement,False
3028,1204,John Edwards,nataliesanchez@example.com,985.328.6696x393,Technical,False
3029,1204,Autumn Griffith,xwebb@example.net,629.786.0298,Procurement,True
3030,1208,Thomas Olson,fharrison@example.com,838.464.0986x916,Procurement,True
3031,1208,Ross Mooney,ujohnson@example.org,787.288.4120x243,Decision Maker,False
3032,1209,Pamela Andrade,jeffmendoza@example.com,(249)497-5294,Technical,True
3033,1209,Robert Sheppard,anthonywolfe@example.net,557.706.4267x859,Procurement,False
3034,1209,Benjamin Woods MD,xbrown@example.org,(336)964-1125x7917,Technical,True
3035,1209,Johnny Mcpherson,kristy39@example.net,(771)204-6587,Procurement,True
3036,1209,Leah Webb,patrick94@example.org,(773)299-7939x793,Decision Maker,False
3037,1210,Cynthia Mitchell,allison09@example.com,907-661-3286x455,Procurement,True
3038,1211,Tyler Ballard,rebekah30@example.org,718.403.7776x363,Decision Maker,False
3039,1212,Kaitlyn Jimenez,watkinslinda@example.org,(691)555-0718,Procurement,False
3040,1213,Daniel Olsen,gthornton@example.net,001-440-216-3275x224,Decision Maker,True
3041,1214,Justin Christensen,andrewayers@example.net,+1-517-373-2392,Finance,False
3042,1214,Melanie Williams,taylorjohn@example.com,492.562.7490,Finance,False
3043,1214,Terry Chavez,burtonshannon@example.net,001-307-999-6553x38498,Procurement,False
3044,1214,Joshua Hansen,jessejohnson@example.org,(357)861-2659x366,Procurement,False
3045,1215,Lisa Hernandez,palvaradoexample.net,309-681-2383,Technical,False
3046,1215,Steve Reese,weaverian@example.org,001-459-397-6127,Technical,True
3047,1215,Brandon Hood,handerson@example.org,001-563-641-3096x12794,Decision Maker,True
3048,1215,Christina Conway,sdodson@example.net,9976543887,Finance,False
3049,1219,Taylor Baird,kristintaylor@example.net,262.512.7109,Procurement,False
3050,1219,Pamela Barr,hailey80@example.com,602-258-0689x0640,Procurement,True
3051,1219,Brian Mccormick,whitney42@example.org,3236435123,Finance,False
3052,1219,Samantha Ayala,ebeasley@example.net,001-570-915-7965x2382,Finance,True
3053,1219,Edward Robertson,invalid_email,+1-627-712-6902x22008,Finance,False
3054,1220,Matthew Cross,harrisjoseph@example.com,557.991.9429,Procurement,False
3055,1220,Jeffrey Torres,sullivanellen@example.com,+1-579-704-1277x29344,Procurement,True
3056,1222,Vincent Lee,invalid_email,694.203.1332,Finance,True
3057,1223,Peter Wade,evansangel@example.net,554.417.4168x8515,Procurement,True
3058,1224,Patrick Castro,melanienorman@example.net,639.477.4262x991,Finance,True
3059,1224,Kimberly Sullivan,bowmanmichael@,949.288.9636,Procurement,True
3060,1227,Hannah Wall,david69@example.com,+1-371-556-7159x5124,Finance,False
3061,1228,Cesar Baker,mercerdavid@,752-637-0791x62219,Decision Maker,True
3062,1229,William Stephens,amy78@example.net,655-377-4415x71923,Technical,True
3063,1229,Christina Taylor,james19@example.com,+1-475-519-3949x69942,Finance,True
3064,1229,Amber Rojas,ericcampbell@example.net,761-585-6763,Procurement,False
3065,1230,Alexander Thomas,sandovalphilip@example.org,(384)410-1269x84233,Decision Maker,True
3066,1230,Stephen Ramirez,sandra81@example.net,+1-343-223-2190x57445,Finance,True
3067,1231,Amanda Alvarez,hayesjohn@example.net,(957)370-4543x44532,Technical,False
3068,1231,James Mack,edward40@example.com,209.650.3428,Procurement,True
3069,1231,Anthony Murray,smithjudy@example.com,+1-487-646-0663x843,Technical,True
3070,1232,Andrew Jordan,jasonswanson@example.com,001-664-541-7679x0918,Finance,False
3071,1232,William Long,robert20@example.org,(584)557-7080,Decision Maker,True
3072,1232,Jeanette Raymond,taylordakota@example.net,+1-781-506-6602,Procurement,False
3073,1232,Robert Gibson,hollandruth@example.org,(356)284-1392x5340,Procurement,False
3074,1233,Colleen Evans,hhood@example.com,3285243693,Procurement,True
3075,1233,Kenneth Stevens,wigginsdevin@example.com,+1-432-921-6474x76030,Procurement,False
3076,1233,Ryan Anderson,dominiquehogan@example.com,+1-395-306-7551x1917,Finance,True
3077,1233,Timothy Harmon,youngjonathan@example.org,491.342.4588x4908,Procurement,False
3078,1233,Brenda Thompson,hernandezbrandi@example.com,001-433-596-9355,Finance,False
3079,1235,Stacey Jackson,sherry01@example.net,720-822-6568x883,Finance,True
3080,1236,Mary Duncan,humphreyjames@example.net,226-775-4046x621,Technical,True
3081,1236,Rachel Moreno,amyherman@example.net,+1-869-400-4126,Technical,False
3082,1236,Tracy Ramos,gstevenson@example.net,837-311-9370,Decision Maker,True
3083,1236,Cheryl Wilson,jacquelinemitchell@,(944)253-3963x76210,Finance,True
3084,1237,Kari Garza,robertsrobert@example.org,636.465.7484,Procurement,True
3085,1237,Allison Wood,matthew45@example.org,446.572.4328,Decision Maker,True
3086,1237,Damon Anderson Jr.,reedbrian@example.com,838.752.1774,Procurement,True
3087,1238,Judith Lucero,billylee@example.org,+1-271-344-4756x81727,Procurement,False
3088,1238,Michael Blair,millsmelissa@example.com,(371)519-5581,Technical,False
3089,1238,Steven Barnes,fwilliams@example.com,215.499.3275x098,Finance,True
3090,1238,Elizabeth Robinson,daniel63example.org,430.713.5326x4629,Decision Maker,True
3091,1238,Joanna Anderson,bparsons@example.net,(803)859-9580x7092,Decision Maker,True
3092,1239,Michael Simpson,gonzalezvictor@example.com,643.481.1953x2849,Decision Maker,True
3093,1239,Bill Cook,bcasey@,548.705.5993x8090,Decision Maker,False
3094,1239,William Ryan,ericmeyer@example.net,001-511-356-1702x919,Decision Maker,False
3095,1240,Sarah Black,alicia59@example.com,001-859-616-1080x64574,Decision Maker,False
3096,1241,Frank White,rflores@example.net,+1-722-515-7645,Finance,False
3097,1241,Tristan Hall,stevenslinda@example.com,001-401-776-9094x676,Finance,True
3098,1241,Terri Anderson,christinadavis@example.com,001-775-506-7060x22493,Finance,True
3099,1241,Zachary Mann,allenronald@example.net,552-526-6935x0732,Technical,False
3100,1241,Tina Rasmussen,wlove@example.org,(777)681-3184,Finance,True
3101,1243,Sandra Harris,johnsonkent@example.org,001-740-209-1025x05337,Technical,True
3102,1243,Connie Gomez,sgreen@example.com,767-722-7473x9291,Decision Maker,True
3103,1245,Melissa Gilmore,julian76@example.com,557-995-6676,Decision Maker,True
3104,1245,William Butler,lisasmith@example.org,977-402-4702,Procurement,False
3105,1245,Anthony Dunlap,vhoffman@example.com,+1-821-916-7596x381,Technical,True
3106,1245,Lori Baker,walter84@example.com,+1-455-981-6569,Technical,True
3107,1245,Andrea Johnson,matthewhendricks@example.net,+1-351-505-0764,Finance,False
3108,1246,Joseph Smith,rebeccasmith@example.net,9667663544,Technical,False
3109,1246,David Lopez,jonathanhamilton@example.net,299-796-3291x746,Decision Maker,True
3110,1246,Amy Webb,michael61example.org,+1-689-882-1340x653,Decision Maker,False
3111,1246,Daniel White,krogers@example.net,643.997.2736x90479,Decision Maker,False
3112,1246,Lisa King,eedwards@example.net,001-290-729-9200x48487,Finance,False
3113,1248,Jodi Watkins,turnerthomas@example.org,926.974.7960x997,Procurement,False
3114,1248,Danny Smith,qrasmussen@example.org,001-280-969-1856x734,Finance,True
3115,1250,Amanda Ford,jaimehernandez@example.org,001-886-476-4929x4381,Technical,False
3116,1250,Barbara Moran,invalid_email,(854)425-0352x04138,Procurement,False
3117,1250,David Dixon,ashleyjimenez@example.org,+1-374-339-4714x413,Finance,True
3118,1250,Colleen Allen,johndavis@example.net,001-287-872-4821,Finance,True
3119,1253,Ruben Chen,dnewton@example.org,(236)794-3214x34722,Decision Maker,False
3120,1254,Keith Huynh,whitemark@example.net,7032885156,Finance,False
3121,1254,Nancy Bryan,powersearl@example.net,+1-603-403-3191,Finance,False
3122,1254,Susan Medina DDS,mwright@example.net,231-725-3120x569,Decision Maker,False
3123,1254,Veronica Munoz,christopher50@example.net,269.669.6468x7528,Finance,True
3124,1254,Kristina Bentley,robinsonmichael@example.com,+1-335-688-2982x698,Procurement,False
3125,1255,Crystal Ray,bowerserik@example.net,348-886-6260x767,Procurement,True
3126,1256,Erica Hicks,palmerrebecca@example.net,+1-220-999-0182x453,Procurement,True
3127,1256,Renee Anderson,cardenaseric@example.net,946.715.7471x865,Technical,True
3128,1256,Dale Barry,asalazar@example.org,001-297-578-1584x510,Decision Maker,False
3129,1257,Kimberly Crawford,daniel47@example.com,001-505-202-8924x1280,Finance,False
3130,1257,Vicki Obrien,brianna79@example.org,5762809678,Decision Maker,True
3131,1257,Sarah Sutton,rmitchell@example.org,001-621-923-3451x9835,Finance,False
3132,1257,Gregory Simmons,kayla97@example.org,4276879964,Procurement,False
3133,1258,Joshua Ferguson,nicholslinda@example.com,434-577-7055x84798,Decision Maker,False
3134,1258,Arthur Ryan,john38@example.net,811-635-7467,Finance,False
3135,1259,Kayla Myers,harrisjustin@example.com,+1-726-305-5986,Procurement,True
3136,1259,Bryan Osborn,invalid_email,610-690-5552,Finance,False
3137,1259,Tracie Ashley,danielle32@example.net,+1-518-251-3874x68129,Technical,True
3138,1260,Edward Caldwell,humphreyaustin@example.org,(721)301-9726x42963,Technical,True
3139,1260,Rachel Baird,richardwalker@example.com,(539)563-7951x21012,Technical,True
3140,1261,Kathleen Campbell,charlotte11@example.com,001-791-612-7859x5871,Procurement,False
3141,1261,Stephanie Rivera MD,tcook@example.com,6564531245,Procurement,False
3142,1261,Anthony Humphrey,nparker@example.org,(537)232-1564x27086,Finance,False
3143,1264,Susan Norman,stacy72@example.net,001-917-906-4491x90791,Procurement,False
3144,1265,Steven Donaldson,henry25@example.com,870-657-0395,Procurement,True
3145,1265,Jacob James,tphillips@example.com,363-878-7185,Finance,True
3146,1266,Andrew King,joshua85@example.org,001-945-377-6508x97983,Technical,False
3147,1267,Jordan George,weaverellen@example.com,(550)874-2235x88638,Finance,False
3148,1267,Alyssa Hill,hreedexample.com,001-245-437-3577x4096,Technical,False
3149,1267,Daniel Owen,oyork@example.net,001-349-628-3052,Technical,True
3150,1268,Diana Stanton,vdaniels@example.net,+1-454-478-0829x352,Technical,False
3151,1268,Karen Gutierrez,clementssarah@example.org,996-223-7524x3247,Finance,True
3152,1268,Emily Washington,staceyperez@example.com,001-808-960-6543x190,Decision Maker,True
3153,1268,Tammy Alvarez,davidmcdonald@example.org,933.898.8078,Procurement,True
3154,1268,Kevin Wright,lisa03@example.org,842.903.7287,Technical,True
3155,1269,Christopher Watkins,forbeskaren@example.org,449.609.2326,Decision Maker,True
3156,1269,Jonathan Brown,michaellynn@example.com,911-466-5450x24114,Procurement,False
3157,1269,Miranda Mcmillan,gregory68@example.com,569.634.0010x7804,Technical,False
3158,1269,Melissa Gordon,alicia93@example.org,(531)848-6262,Decision Maker,True
3159,1270,Faith Brown,robertohouse@example.org,001-289-328-4601,Technical,False
3160,1270,Lauren Zamora,brandoncherry@example.org,+1-965-961-1180x2895,Decision Maker,True
3161,1270,Stephanie Olson,foxjacob@example.net,253-829-4171,Finance,False
3162,1271,Zachary Fry,taylordarryl@example.com,458-471-2684x002,Decision Maker,False
3163,1272,Lori Lopez,ellen66@example.org,653-899-7885x6750,Finance,True
3164,1272,Jodi Martinez,susangraham@example.com,5685181367,Finance,False
3165,1272,Nicholas Valdez,ashleysingleton@example.net,(625)388-5445,Procurement,False
3166,1273,Kelsey Briggs,daniellittle@example.org,001-547-764-3298x4455,Procurement,True
3167,1273,Amanda Hudson,stephanie35@example.net,+1-804-450-9457,Finance,False
3168,1274,John Flores,olivia06@example.net,480-778-6008x23539,Finance,False
3169,1274,Ashley Martinez,invalid_email,(824)597-8345x56945,Decision Maker,False
3170,1274,Shawn Schwartz,ylee@,802.345.8854x6605,Technical,False
3171,1274,Stephanie Callahan,andrewcoleman@example.net,8939145192,Decision Maker,False
3172,1275,David Campbell,richardsonjames@example.net,001-843-912-3945x73186,Finance,False
3173,1275,Brian Stevens,joseph71@example.org,964.448.4925x244,Technical,True
3174,1277,Lori Johnston,desireebishop@example.org,851.782.1461,Technical,False
3175,1277,Travis Johnson,rogersnathan@example.org,+1-627-273-9405x0585,Technical,False
3176,1277,Scott Lewis,hamiltonjohn@example.net,314.715.7233,Decision Maker,True
3177,1277,Sean Ellis,cartermartin@example.net,623-400-6448x19568,Procurement,True
3178,1277,John Hughes,aellison@example.com,001-495-336-2094,Decision Maker,True
3179,1278,Charles Perez,jamiefischer@example.org,+1-832-759-9133x75354,Decision Maker,False
3180,1278,Carolyn Camacho,davidjones@example.com,6852440157,Decision Maker,True
3181,1278,Kayla Barber,mikayla41@example.org,(989)718-3662x3175,Technical,False
3182,1278,Patrick Hughes,imcconnell@example.net,8792712066,Decision Maker,False
3183,1278,Megan Anderson,alove@example.org,+1-200-488-0588,Technical,True
3184,1279,Christopher Duncan PhD,yflores@example.com,001-394-625-7983x6889,Procurement,False
3185,1280,Melissa Rodriguez,lonniegilbert@example.org,(972)502-5732,Decision Maker,False
3186,1280,Jeffrey Perry,lynn92@example.com,758.764.7723x9619,Procurement,False
3187,1280,Michael George,roy50@,+1-482-805-1922x9430,Finance,False
3188,1280,David Cobb,derrickobrien@example.com,2955980693,Finance,False
3189,1280,Vanessa Carlson,bradybrandy@example.com,001-870-708-9306,Procurement,False
3190,1281,Brian Meyer,teresa11@example.com,001-307-356-6931x7524,Procurement,False
3191,1282,Logan Clark,gary48@example.com,001-310-345-3909,Decision Maker,False
3192,1282,Christopher Fernandez,littlemary@example.com,+1-483-691-7813x702,Technical,True
3193,1283,Brenda Lewis,callen@example.org,001-621-435-5903x4105,Procurement,False
3194,1283,Steven Walker,johnriddle@example.com,+1-200-260-3184x0156,Finance,False
3195,1283,George Schneider,lori16@example.com,(749)797-6255,Finance,False
3196,1283,Melissa Combs,pcardenas@example.com,(948)913-7549,Technical,False
3197,1283,Mark Scott,qrivera@example.com,238-978-0000x7459,Decision Maker,False
3198,1284,Jessica Brock,shannondouglas@example.org,(912)937-1509x64500,Technical,True
3199,1284,Mr. Gary Burns MD,andrew15@example.net,001-671-792-3604x2305,Finance,False
3200,1284,Mr. Nathan Nolan,adam35@example.com,(934)858-7779x40870,Decision Maker,True
3201,1284,Connor Stevenson,shane23@example.org,209.241.5021x897,Procurement,False
3202,1284,Cynthia Jimenez,djohnson@example.org,+1-648-620-3812x9848,Procurement,False
3203,1285,Katherine Gamble,wyattregina@example.com,260.279.4817,Decision Maker,True
3204,1285,Michelle White,mgolden@example.com,797.922.9732,Decision Maker,True
3205,1285,Kevin Brown,shawn04@example.com,+1-557-452-1101,Finance,False
3206,1285,Angel Henderson,paulbullock@example.org,815-906-4818x562,Finance,False
3207,1287,Ashley Howard,heatherbradley@example.org,753.228.6612x250,Procurement,True
3208,1287,Scott Lewis,uhanson@example.net,(764)591-6472x83367,Procurement,False
3209,1287,Joanna Livingston,romanpatrick@example.net,+1-763-695-8690,Procurement,True
3210,1287,Michael Smith,debbie79@example.org,813.430.7983,Decision Maker,False
3211,1288,Mr. Samuel Green,wdickersonexample.org,600-718-6399x410,Decision Maker,False
3212,1289,Jacob Barrett,wattskimberlyexample.net,826-995-9292,Decision Maker,False
3213,1290,Michael Wilson,mlynn@example.org,(703)807-6419,Technical,False
3214,1291,Jose Morales,taraclark@example.org,785-999-3304,Procurement,True
3215,1291,Christopher Munoz,dylansteele@example.com,001-654-312-9525,Decision Maker,True
3216,1291,Christine Warren,sherrygordon@example.net,827.858.0956x56027,Decision Maker,True
3217,1291,Gary Parker,stephanie98@example.net,391-365-2901,Finance,True
3218,1292,Amber Wood,zmurphy@example.org,6084184888,Finance,False
3219,1292,Sharon Johnson,jonesvanessa@example.com,740-915-9999x6221,Decision Maker,False
3220,1292,Jessica Davis,leonsharon@example.com,238-402-8893,Finance,False
3221,1292,Lindsay Reynolds,williamsbonnie@example.com,001-884-436-7859x424,Procurement,False
3222,1293,Tyler Walker,jeffrey83@example.org,+1-701-454-5568,Procurement,False
3223,1293,Jeffrey Fernandez,hstrickland@example.com,670.608.4199,Finance,True
3224,1293,Bill Martin,irichards@example.net,907-697-9280x61877,Finance,True
3225,1293,Mark Garcia,qjohnson@example.net,594-559-0333x005,Procurement,True
3226,1294,Andrew Dawson,kim19@example.org,551-660-4902,Technical,True
3227,1294,Antonio Price,fhernandez@example.org,332.770.8066,Finance,True
3228,1294,Jose Miller,cwatson@example.org,702-230-6694x93016,Finance,False
3229,1294,Dennis Kelly,peggyvilla@example.org,366.929.9807x514,Technical,False
3230,1294,Jessica Gomez,dsmith@example.net,716-941-8264x8429,Finance,False
3231,1295,Brandon Vasquez,nicholastaylor@example.net,001-699-870-2895x009,Procurement,True
3232,1295,Natalie Robles,harrismark@example.org,001-805-255-8849x232,Finance,True
3233,1296,Emily Price,destiny79@example.com,(773)485-6731,Procurement,False
3234,1296,Jason Smith,alyssa77@example.org,+1-389-443-4535,Technical,True
3235,1296,George Rodriguez,catherinewalsh@example.org,349.365.5950,Decision Maker,False
3236,1297,Stephanie Bailey,vmartin@example.com,(840)513-8864x681,Technical,True
3237,1297,Christopher Chavez,elijahmooneyexample.org,+1-384-378-5199x90145,Technical,True
3238,1299,Kyle Wilson,sharonanderson@example.org,001-854-516-4891x0146,Technical,True
3239,1300,Elizabeth Sanchez,jeffrey99@example.org,(359)894-3819x82666,Procurement,True
3240,1300,Shawn Henry,hornjames@example.net,+1-731-921-4873x85113,Finance,True
3241,1300,Leah Mcneil,johnkramer@example.org,+1-997-624-7427x45894,Finance,True
3242,1300,Patricia Harding,john30@example.org,+1-573-647-8608x64322,Finance,False
3243,1301,Monica Simmons,qrodriguez@example.com,666.708.1010,Technical,True
3244,1301,Eric Thomas,john44@example.net,+1-516-245-1020x0196,Technical,False
3245,1301,Monique Hopkins,eowen@example.com,(539)734-0492x245,Decision Maker,False
3246,1302,Connor Mueller,kevin92@example.com,946-495-3184,Procurement,False
3247,1302,Christopher Jones,moralesgabrielle@example.org,+1-326-567-1437,Finance,True
3248,1303,Sergio Leon,fowens@example.com,(508)222-2701x56315,Technical,False
3249,1304,Nicole Williams,alexisshaffer@example.com,761.331.2993x2099,Decision Maker,True
3250,1305,Daniel Hill,ssimpson@example.net,975.861.6719,Procurement,False
3251,1305,Maria Anderson,davidpayne@example.org,769.522.0125x1096,Decision Maker,False
3252,1305,Vickie Johnson,wcontreras@example.org,7528202446,Procurement,False
3253,1305,Teresa Gray,edward57@,566.923.1347x9604,Decision Maker,True
3254,1306,Arthur Torres,alewis@example.com,001-537-742-9810x08795,Finance,True
3255,1306,Kirsten Stein,campbellroberto@example.net,634.793.4025,Procurement,False
3256,1306,Stephen Bell,antonio87@,(867)796-5067,Technical,False
3257,1306,John Weaver,xwatson@example.org,760-204-0068x33650,Finance,False
3258,1307,Amy Campbell,jesserojas@example.org,312-246-1721x284,Procurement,True
3259,1307,Kristin Franklin,invalid_email,+1-220-407-1996x697,Finance,True
3260,1307,James Rodriguez,jodi56@example.com,+1-800-468-7715,Finance,True
3261,1307,Mark Owen,nicole64@example.org,001-642-317-1262x09923,Technical,False
3262,1307,John Ball,joshuawilliamson@example.net,575.328.8139,Procurement,True
3263,1310,Donna Stevens,pcole@example.org,860.713.6095,Finance,True
3264,1310,Alexandra Gomez,ryanlivingston@example.org,+1-211-455-0851x7872,Procurement,False
3265,1310,Becky Foster,fosterdebra@example.net,(895)411-5265,Finance,False
3266,1310,Sean Allen,mwarren@example.com,+1-622-770-3478x8020,Finance,True
3267,1311,Sarah Leonard,luisbaker@example.com,792.770.0190,Finance,True
3268,1311,Heather Hayes,denisehamilton@example.com,277.420.3478x8299,Decision Maker,False
3269,1311,Jack Salinas,sriley@,(902)683-3992x23389,Technical,False
3270,1311,John Knight,andrea29@example.com,960.676.2229,Technical,True
3271,1311,Sandra Alvarez,lmanning@example.com,001-224-407-0499x6587,Technical,False
3272,1312,Stacey Barnes,brownstephen@example.org,979.334.2562,Technical,False
3273,1312,Shannon Miller,lclark@example.org,+1-499-470-2890,Technical,True
3274,1312,Anthony Diaz,kristybradford@example.com,301-432-1021x0715,Procurement,True
3275,1312,Jennifer Meyer,james94@example.org,(932)286-1994,Decision Maker,True
3276,1312,Alexis Gross,robert10@example.net,+1-878-204-6350x9303,Technical,True
3277,1315,Thomas Garcia,scottcaldwell@example.net,(456)313-6666,Finance,False
3278,1318,John Blair,sara68@example.net,821.580.4782,Procurement,True
3279,1318,Hannah Thompson,epeterson@example.net,001-938-230-8980,Procurement,False
3280,1318,Shannon Cruz,coxcandace@example.net,401-297-6928x9760,Decision Maker,True
3281,1318,Adam Moore,arroyocody@,(375)614-6760,Procurement,True
3282,1319,Michael Gray,ronald94@example.net,+1-836-265-0303x5559,Procurement,False
3283,1319,John Meyer,ularson@example.com,576.954.7210x520,Finance,False
3284,1319,Amy Payne,robert24@example.com,(205)274-0694,Decision Maker,False
3285,1320,Heather Garcia,invalid_email,(906)792-1791,Procurement,False
3286,1320,Morgan Williams,mcneilbenjamin@example.org,609-734-1259,Technical,True
3287,1320,William West,belljohn@example.net,781-363-0201,Decision Maker,True
3288,1320,Shannon Wright,christopherhess@example.org,747-974-2090x662,Finance,True
3289,1321,Katrina Smith,merrittlindsay@example.org,701-833-0140,Finance,True
3290,1321,Pamela Blackwell,dana85@example.com,(682)327-8329x6787,Technical,True
3291,1321,Sarah Coleman,rknight@example.com,+1-766-807-3669x95820,Finance,False
3292,1321,Justin Brown,jacoblucas@example.org,(634)696-9281x5324,Finance,False
3293,1321,Meredith Gordon,diazdenise@example.com,(573)776-5335,Finance,True
3294,1322,David Dorsey,heatherrivers@example.net,701.970.7208x0871,Decision Maker,True
3295,1323,Christine Coleman,valeriearnold@example.com,+1-586-594-8522x42705,Decision Maker,False
3296,1325,William Gay,rivaswanda@example.com,(275)766-9610,Technical,False
3297,1325,Daniel Buck,piercemichael@example.net,998-498-2172x1245,Decision Maker,True
3298,1325,Joseph Huffman,andreasosa@example.net,+1-546-792-3613x09396,Technical,True
3299,1325,James Rodriguez,kmurphy@example.org,001-951-355-1158,Decision Maker,False
3300,1325,Sherri Walsh,smithcarla@example.org,9089312880,Finance,True
3301,1326,Jessica Mann,jennifer94@example.net,975-449-5962x06048,Technical,False
3302,1326,Tyler Johnson,awatson@example.com,403.456.9721x4387,Decision Maker,True
3303,1326,Matthew Baird,berrycaitlin@example.org,(464)826-9655,Procurement,False
3304,1326,Cynthia Walker,urussell@example.org,495.935.9185x108,Technical,True
3305,1327,Marcus Lewis,kirbystevenexample.net,(253)738-0564,Finance,False
3306,1327,Kimberly Davis,clayjoanna@example.org,+1-428-807-5321x2077,Finance,True
3307,1327,Audrey Harris,eric56@example.org,001-504-472-9248x217,Procurement,True
3308,1328,Samantha Sanders,susan83@example.org,+1-476-701-5480x412,Technical,True
3309,1329,Pamela Rodriguez,david54@example.org,(759)715-3509x0727,Procurement,False
3310,1329,Hunter Holt,sfreeman@example.net,(543)847-7783,Decision Maker,False
3311,1330,Heather Gordon,fgreer@example.org,(262)725-0686,Decision Maker,True
3312,1330,Stephen Roberson,barnettdustin@example.org,001-327-727-2937,Decision Maker,True
3313,1330,Victoria Wagner,mark48@example.net,743-257-5687,Technical,False
3314,1331,Stacy Golden,christina63@,(483)574-1533x0499,Finance,False
3315,1331,Jason Benitez,sarahmorgan@example.net,(280)909-0461,Finance,False
3316,1331,Andrew Holt,valdezzacharyexample.com,851.411.8395x4772,Procurement,False
3317,1331,David Wilson,ryankevin@example.com,(522)686-8770x7348,Decision Maker,True
3318,1331,Shelia Wolfe,lperry@example.com,(615)329-6236,Procurement,False
3319,1332,Paul Washington,christineortiz@example.org,673.207.2160x10331,Finance,True
3320,1332,Gary Hernandez,anthonythompson@example.com,525-637-9969,Decision Maker,True
3321,1332,David Navarro,karen17@example.com,001-512-636-6081,Technical,False
3322,1332,Jessica Cooper,kellyperkins@example.org,001-507-628-9958x8420,Decision Maker,False
3323,1332,Matthew Day,uandersonexample.com,543-417-5642x9790,Procurement,False
3324,1333,Kimberly Carter,james35@example.com,8108462768,Decision Maker,False
3325,1333,Jeremy Holloway,coxdavid@example.net,373.350.7775x66960,Technical,False
3326,1333,Melissa Roberts,invalid_email,001-831-432-9238x42283,Technical,False
3327,1333,Margaret Taylor,ugordon@example.com,(444)467-0659,Technical,True
3328,1333,Sherry Vega,kdelacruz@example.org,763.548.0504x179,Procurement,False
3329,1335,Jennifer Lopez,invalid_email,(330)338-5205,Decision Maker,True
3330,1335,Robert Lyons,carriehutchinson@example.com,001-699-913-7891x856,Procurement,True
3331,1336,Laurie Arnold,mbrown@example.org,(359)897-4946x14695,Decision Maker,False
3332,1336,Savannah Hawkins,alejandro92@example.com,760-818-5750x80102,Finance,True
3333,1336,Barbara Perez,hamptonnicole@example.com,2935514216,Decision Maker,False
3334,1337,Erin Foster,stephenstevens@example.org,361-726-9272x994,Finance,False
3335,1338,Madison Gregory,showard@example.org,865-920-4586,Decision Maker,False
3336,1338,Lori Miller,vasquezmeghan@example.org,430.432.7390,Finance,False
3337,1338,Nancy Salazar,qjackson@example.org,(422)601-1805x959,Technical,True
3338,1338,Amy Johnson,rochastephanie@example.org,(607)813-6692x7142,Procurement,True
3339,1338,Randall Hull,linda14@example.com,662.453.7066,Finance,True
3340,1339,Garrett Young,colinjoyce@example.org,+1-648-335-0079x4925,Finance,False
3341,1339,Diane Woods,kimberlyerickson@example.org,518-339-9164x341,Procurement,True
3342,1339,David Adams,cathyperez@example.org,(748)537-5789x2473,Technical,False
3343,1341,Jessica Taylor,jeffreyroberts@example.net,001-370-291-8620x399,Decision Maker,False
3344,1341,Christopher Mejia,jamesbrown@example.com,342.670.2474x91739,Technical,False
3345,1341,David Nelson,kyle64@example.net,+1-594-765-7812x135,Finance,False
3346,1341,Crystal Mcbride,pattersonjanet@,+1-695-864-0095x41329,Procurement,False
3347,1341,Stephanie Olson,marie19@example.net,001-706-610-8018,Decision Maker,True
3348,1342,Stephanie Griffin,gomezjohn@example.org,001-917-489-3558x7165,Decision Maker,True
3349,1342,Andrea Lindsey,michael92@example.com,001-436-820-1144x15032,Procurement,True
3350,1342,Julie Elliott,emilyherrera@example.org,445.666.3897x42709,Finance,False
3351,1342,Tabitha Jackson,kirkkathleen@example.com,572.462.7535,Technical,False
3352,1343,Nathan Long,ramirezbrandon@example.org,481.931.1959x19279,Finance,False
3353,1343,Brittney Reed,robin27@example.org,552.452.3562x142,Procurement,True
3354,1343,Karen Lopez,hooveramy@example.net,(457)233-1075x5261,Decision Maker,False
3355,1343,Jeffrey Nguyen,dawngarcia@example.org,965.896.6072,Technical,True
3356,1343,Claire Garner,ahanson@example.org,(346)316-8460x92494,Decision Maker,False
3357,1344,Kara Hansen,brent71@example.org,308-647-5561x1261,Procurement,False
3358,1344,Elizabeth Taylor,williamroberts@example.net,831-857-2591x01945,Technical,False
3359,1344,Shane Roberts,boydtonya@example.net,4842264088,Procurement,True
3360,1344,Mary Young,dpark@example.com,+1-884-987-3622x50534,Procurement,True
3361,1344,Karen Sanders,shaun91@example.org,(366)442-4717,Decision Maker,False
3362,1346,Jose Watkins,romerobenjamin@example.org,(253)833-9092x681,Decision Maker,True
3363,1347,Bradley Matthews,nortiz@example.org,001-983-843-2040,Technical,False
3364,1347,Mike Acevedo,garyellis@example.net,494.409.9614,Procurement,True
3365,1347,Stephanie Woodard,rdiaz@example.org,(861)993-9890,Technical,False
3366,1348,Christopher Mcguire,obaker@example.org,001-618-564-0719x273,Procurement,True
3367,1348,Teresa Campbell,invalid_email,(200)200-1101x794,Procurement,True
3368,1348,Jacqueline Gates,swansonmichael@example.org,701-441-1457x717,Technical,False
3369,1349,Martin Matthews,wbailey@example.org,650.365.7510,Decision Maker,False
3370,1349,Jason Little,benitezsusan@example.org,284-451-9874x9326,Finance,False
3371,1349,Amanda Johnson,sandra67@example.net,3997247370,Finance,True
3372,1349,Elizabeth Miller,jeffreymckinney@example.org,(717)272-0830x0909,Technical,True
3373,1350,Robert Walker,kelleycarlos@example.org,5599170148,Technical,False
3374,1350,Miranda Parker,angelabaker@example.org,238-713-0239,Technical,True
3375,1351,Kelli Hartman,gfernandez@example.net,(743)281-9761x9201,Decision Maker,True
3376,1351,Cynthia Sanders,teresa70@example.net,797-256-9413x988,Decision Maker,True
3377,1351,Susan Daniels,krichardson@example.net,440-304-4795x399,Procurement,True
3378,1352,Matthew Miller,cassandrasantana@example.net,001-246-831-2924x75699,Finance,True
3379,1352,Jonathan Vargas,kelly49@example.net,309.752.4657x2658,Decision Maker,True
3380,1352,Lynn Ward,mosleypeter@example.org,6856458650,Technical,False
3381,1352,Susan Reese MD,kaylasimpson@example.net,(814)361-1944x723,Technical,True
3382,1352,William Merritt,obriennicole@example.net,001-554-984-5868,Procurement,False
3383,1353,Bradley Martinez,laurieconway@example.net,6982406144,Technical,True
3384,1353,Emma House,wlara@example.com,917.509.6567,Procurement,True
3385,1354,Brandi Walters,devans@example.com,(993)998-2215,Decision Maker,False
3386,1354,Taylor Madden,marypena@example.org,001-573-712-3442x2905,Procurement,True
3387,1354,Patricia Edwards,obennett@example.net,+1-777-871-4300,Finance,False
3388,1355,Melissa Moore,johndunlap@example.org,+1-672-657-6008x3670,Technical,True
3389,1355,Andrew Woods,cwoodsexample.net,398-479-6862x9415,Procurement,True
3390,1356,Arthur Nelson,sean26@example.com,824.511.8738x91001,Procurement,False
3391,1356,Brandon Williams,chelsea59@example.org,+1-840-657-6058x484,Finance,False
3392,1356,Jennifer Hunt,amandafisher@example.com,001-987-697-4321x0657,Technical,False
3393,1357,Duane Robinson,jefferylawsonexample.com,(982)377-7173,Decision Maker,False
3394,1357,Veronica Reed,invalid_email,001-300-662-6773,Finance,False
3395,1358,Christian Vargas,brian43@example.net,+1-275-544-9221,Decision Maker,True
3396,1358,Heather Hall,mary65@example.net,+1-561-717-9265x1236,Decision Maker,True
3397,1358,Haley Barber,suzannearroyo@example.org,469.805.2447,Decision Maker,True
3398,1358,John Quinn,pooleamanda@example.com,+1-931-783-8637,Procurement,False
3399,1358,Gregory Fleming,monicajohnson@example.org,001-664-470-0806x37171,Finance,False
3400,1360,Eddie Wilson,smithjill@example.com,379-997-9307,Decision Maker,True
3401,1360,Kelsey Huerta,iberg@example.org,843.354.8878,Finance,False
3402,1360,Jill Richmond,nsmith@example.net,001-308-618-4317,Decision Maker,True
3403,1360,Andrea Ford,twalls@example.org,+1-755-706-2274x9000,Procurement,True
3404,1360,Larry Barr,thomaswilliams@example.net,+1-234-952-0814x5816,Decision Maker,False
3405,1361,Abigail Brown,emily12@example.com,001-253-823-0238x52027,Procurement,True
3406,1361,Deborah Martinez,barronmark@example.com,557.991.7408,Decision Maker,False
3407,1361,Melissa Barker,ywatson@example.org,+1-768-876-8280,Technical,True
3408,1361,Maurice Carr,marybell@example.com,385.211.7367,Decision Maker,True
3409,1362,Sharon Mclaughlin,alyssa87@example.com,+1-419-969-9913x52230,Finance,False
3410,1362,Sheri Martin,alyssa59@example.net,688-869-4629,Finance,True
3411,1362,Susan Maynard,iduran@example.com,(323)463-8073,Procurement,False
3412,1362,Elizabeth Collins,washingtondebra@example.com,001-899-574-6251,Technical,True
3413,1362,Brandon West,daniel14@example.org,+1-537-760-5445x89810,Technical,True
3414,1363,Katherine Salazar,amandachavezexample.org,001-723-866-0915x54806,Decision Maker,False
3415,1364,Jessica Schultz,olsonalan@example.com,911-676-0917x40402,Procurement,False
3416,1364,Samantha Reid,xgreen@example.net,509.326.9607,Finance,True
3417,1364,Shannon Long,deanmichelle@example.net,001-904-431-7027x1860,Finance,False
3418,1364,Matthew Dalton,madisonochoa@example.net,849.413.9179x634,Technical,True
3419,1365,Devin Rich,jeremyellis@example.com,(516)277-0624x8769,Procurement,False
3420,1365,Elizabeth Williamson,richard63@example.net,+1-417-219-7125x47227,Procurement,False
3421,1366,Ashley James,bowmanstephanie@example.org,+1-986-504-6259x8589,Procurement,False
3422,1366,Danny Perkins,amygallagher@example.com,(496)728-4555x184,Finance,False
3423,1366,Robert Yang,adamssean@example.com,724.588.7739,Decision Maker,False
3424,1366,Cameron Hansen,wilcoxrobert@example.net,759.361.3405x829,Decision Maker,True
3425,1366,Michael Bailey,hwhite@example.com,001-719-623-5571x0817,Technical,False
3426,1367,Lindsay Parks,albert25@example.net,613.348.1657x601,Finance,True
3427,1369,Darren Shelton,melissadavis@example.net,001-834-957-7028,Decision Maker,False
3428,1369,Gabriel Robinson,wrightcharles@example.org,001-818-264-2722x33950,Technical,True
3429,1369,Tonya Keith,amy49@example.net,240-744-2603x2121,Decision Maker,True
3430,1369,Shawn Madden,sarahhardin@,001-752-671-0992x672,Procurement,False
3431,1369,Logan Morgan,edwardsbrian@example.net,+1-924-856-0096x118,Technical,True
3432,1370,Matthew Greene,alexander87@example.net,+1-561-831-4472,Procurement,False
3433,1370,Samantha Johnson,bernardjon@example.org,728.404.8815,Procurement,True
3434,1371,Anne Davis,pattersonandre@example.org,366.861.5577x408,Technical,False
3435,1371,Andrea Palmer,valerie98@example.org,+1-305-899-2215x67986,Decision Maker,False
3436,1372,John Cobb,julie61@example.org,6756486840,Finance,True
3437,1372,Dennis Walsh,joseph10@example.net,001-481-952-7019,Finance,True
3438,1372,Deborah Ryan,tsalazar@example.org,910-529-4763x34083,Finance,True
3439,1372,Catherine Edwards,johnsonchristopher@example.org,8129535159,Technical,True
3440,1373,Christina Gibbs,umacdonald@example.org,703.403.7897x171,Finance,True
3441,1373,Richard Zamora,sramirez@example.com,4566059410,Finance,False
3442,1373,Connie Vasquez,goodmansandra@example.com,+1-539-546-1991x1058,Procurement,True
3443,1374,Joshua Mitchell,hsmith@example.net,(357)221-4220,Decision Maker,True
3444,1374,Anna Hill,ashleyperez@example.org,744.422.2745x73889,Decision Maker,True
3445,1374,Brianna Koch,hillrichard@example.com,+1-209-400-6586,Finance,False
3446,1374,Ann Gilbert,austinsabrina@example.net,(397)838-7635x763,Finance,False
3447,1374,Amanda Romero,hernandezkimberly@example.net,001-743-404-9031,Decision Maker,True
3448,1375,Sara Ward,kathyfrank@example.org,592.999.6320x03812,Decision Maker,False
3449,1375,John Kramer,vperry@example.org,+1-353-510-7954x9621,Procurement,True
3450,1375,Madison Bennett,gswanson@example.com,9809771395,Procurement,True
3451,1377,Anna Mendez,edwarddavis@example.com,572-227-3938x4898,Finance,False
3452,1377,Joe Little,qbarr@example.net,3968347161,Procurement,True
3453,1377,Veronica White,cynthiamcdonald@example.com,+1-879-916-8534,Technical,True
3454,1377,Stephen Johnson,laurarodriguez@example.net,399.516.1366x4240,Procurement,False
3455,1377,Claire Davis,lcasey@example.com,001-756-291-6203,Technical,False
3456,1378,Richard Garcia,patrickbauer@example.com,696-579-9375x22968,Finance,False
3457,1378,Sherry Richardson,sandycarpenter@example.com,001-227-722-2067x687,Finance,False
3458,1378,Lonnie Wolf,hphillips@example.org,+1-547-677-3177,Decision Maker,True
3459,1378,Hannah Ramsey,lauren34@example.org,420-375-5930,Decision Maker,False
3460,1380,Nicole Gallegos,cynthiafreeman@example.com,(401)962-3943x74398,Decision Maker,False
3461,1380,John Hammond,flewis@example.org,397.387.0087,Finance,False
3462,1381,Benjamin Waters,michelle11@example.org,529-774-6974x83494,Procurement,False
3463,1381,James Young,gbrown@example.org,5582698414,Decision Maker,True
3464,1381,Dana Baker,andersonsamantha@example.org,001-258-854-7943,Decision Maker,False
3465,1382,Joseph Jackson,sharon01@example.org,(215)563-9765x9843,Procurement,True
3466,1382,Sharon Solis,cheryl19@example.com,(508)283-7135,Decision Maker,True
3467,1382,Angel Taylor,janet58@example.org,(925)858-8857x64873,Finance,False
3468,1384,Jenna Fox,richardsmith@example.com,001-381-398-0646x3453,Decision Maker,False
3469,1384,Christopher Wall,lnunez@example.com,(933)906-8169x827,Decision Maker,False
3470,1386,Terri Marshall,kathleen58@example.net,8656255028,Technical,False
3471,1387,Jeffrey Hanson,williamskellie@example.com,813.950.2157,Decision Maker,False
3472,1387,Angel Evans,rogersjim@example.org,8815403840,Finance,True
3473,1387,Melanie Wolfe,nicoleanderson@example.net,+1-811-331-4939x083,Decision Maker,False
3474,1387,Carrie Lopez,kaitlynalvarez@example.com,(944)337-7837,Decision Maker,True
3475,1387,David Hays,natashagilmore@example.com,+1-363-689-9185x56427,Decision Maker,True
3476,1389,Kristin Russo,wilkinstracy@example.org,(690)745-7175x2264,Procurement,False
3477,1389,Matthew Hartman,sarahdavis@example.com,2553007953,Procurement,True
3478,1390,Kayla Simpson,tracy26@example.net,(996)758-0618x3407,Finance,True
3479,1390,Brenda Townsend,sharon22@example.org,+1-284-602-7556x62153,Procurement,True
3480,1390,Teresa Mahoney,bhaley@example.net,403-864-1297,Technical,True
3481,1391,Linda Yang DDS,vperez@example.net,880.290.1679x63139,Decision Maker,True
3482,1391,Rachel Webb DDS,chungjoseph@example.net,+1-708-408-1498x1415,Finance,True
3483,1391,Kathy Murphy,stantonstefanie@example.org,(374)936-8806x1189,Decision Maker,True
3484,1391,Bryan Williamson Jr.,rebeccatorres@example.net,001-942-331-6032,Finance,False
3485,1392,Daniel Jones,nathanbradley@example.com,001-740-506-9870x696,Procurement,False
3486,1392,Lisa Harris,wilcoxapril@example.com,(420)707-2660x719,Procurement,False
3487,1392,Troy Torres,robinvaughnexample.net,001-823-390-6214,Technical,False
3488,1393,Victoria Clark,larrydoyle@example.org,+1-936-378-9044x99965,Technical,True
3489,1393,Martin Howard,kathleensmith@example.org,508.899.9577,Decision Maker,False
3490,1393,Holly Kelley,mitchellholloway@example.net,304.939.1790x0624,Decision Maker,True
3491,1394,Kathy Hunt,nancypena@example.org,258-892-6421,Procurement,False
3492,1395,Paul Clark,pateledwinexample.com,(674)795-6312x8598,Technical,False
3493,1395,Cody Cox,melissa89@example.net,001-585-668-2493x660,Technical,True
3494,1396,Kimberly Harvey,invalid_email,424.449.3008x2507,Procurement,True
3495,1396,David Smith,kserrano@example.com,3665716435,Decision Maker,True
3496,1396,Mary Schneider,derek83@example.com,(373)659-4303,Decision Maker,True
3497,1398,Anthony Sanchez,timcarney@example.org,417-480-7391x3634,Finance,False
3498,1398,Mark Greer,michaelwolfe@example.com,(399)431-4200x0077,Finance,True
3499,1398,Angela Waller,morganstephanie@example.net,001-638-628-3284x7762,Decision Maker,False
3500,1398,Walter Robles,houstondiana@example.net,001-825-633-5000,Technical,False
3501,1398,Peter Taylor,davidlewis@example.net,796.256.8775,Decision Maker,True
3502,1399,Carlos Haynes,greentonya@example.com,(709)985-9737x1404,Decision Maker,True
3503,1399,Mrs. Sara Lloyd,wrightedwin@example.com,(935)673-1504x92234,Technical,True
3504,1399,Danielle Swanson,caleb59@example.com,985.296.5758x01432,Decision Maker,True
3505,1399,Shane Douglas,hannah46@example.net,444-913-8732x07529,Finance,True
3506,1400,Mark Rangel,rhodessherry@example.com,243-567-3002,Technical,False
3507,1401,Janice Peters,christian12@example.com,+1-765-398-8308,Procurement,False
3508,1401,Adrienne Goodman,brian51@example.org,001-257-662-9391x455,Procurement,False
3509,1401,Jacob Cabrera,angelaraymond@example.net,564-468-9880x096,Finance,True
3510,1401,Gary Morgan,derrickanderson@example.org,(723)560-4738,Procurement,True
3511,1401,Anthony Perkins,adavidson@example.com,990-702-6653x500,Procurement,True
3512,1403,Jennifer Fernandez,kristina08@example.org,9773364169,Decision Maker,False
3513,1403,Antonio Martin,russelltanya@example.net,(681)568-4750x91175,Finance,False
3514,1403,Jorge Meyer,lauramcneil@example.com,+1-833-371-4958,Decision Maker,False
3515,1404,Rachael Robinson,cynthia72@example.net,+1-854-929-0195x346,Finance,False
3516,1404,Michelle Rosales,stacyreyes@example.net,976.900.1502x5137,Procurement,False
3517,1404,Alison Esparza,robertandrews@example.org,001-435-951-2495x4778,Decision Maker,True
3518,1404,Brian Padilla,mendeztraci@example.net,649.474.7250x9265,Decision Maker,True
3519,1404,Jeffery Molina,vanessamiller@example.org,527-723-6451x640,Finance,True
3520,1405,Wendy Sloan,carlos62@example.com,(852)823-5744x0632,Technical,True
3521,1405,Mark Smith,susan38@example.com,(749)721-8857,Decision Maker,False
3522,1405,Tara Coleman,edavis@example.com,3742880354,Decision Maker,True
3523,1406,Jeffrey Shields,michaeltaylor@example.org,001-955-848-4513x28389,Procurement,False
3524,1406,Victor Haynes,thomasrandall@example.com,8567457825,Decision Maker,True
3525,1406,Elizabeth Bennett,debbie84@example.org,001-357-293-6319,Technical,True
3526,1406,Daniel Cole,kramerzachary@example.org,001-579-727-1515x094,Decision Maker,False
3527,1408,David Pena,invalid_email,4497336044,Finance,False
3528,1408,Amy Cortez,shelia87@example.org,486-278-6673x41471,Finance,True
3529,1409,Dr. Allen Larson,jpark@example.net,(455)912-3483x52797,Decision Maker,False
3530,1409,Ralph Wise,jonesdiane@,824-630-6363x0727,Decision Maker,False
3531,1409,Robert Mendoza,jessicawardexample.org,001-409-839-2854x631,Procurement,False
3532,1410,Cynthia Choi,anthonysutton@,001-381-673-5442,Finance,True
3533,1410,Isaiah Diaz,invalid_email,864-361-1864,Decision Maker,False
3534,1410,Dennis Snyder,ecunningham@example.net,463.729.6028,Technical,True
3535,1410,Joel Elliott,palmeradrian@example.org,+1-212-522-7560x301,Procurement,False
3536,1410,Edward Yang,martinezdavid@example.net,676-281-8290x8683,Finance,False
3537,1411,Daniel Brown,james23@example.org,+1-383-929-1790x6374,Technical,True
3538,1411,Stephanie Dean,wgarcia@example.org,463.594.6744,Procurement,False
3539,1411,Dawn George,cfrazier@example.net,8338596928,Technical,False
3540,1411,Lisa Vargas,michaelbutler@example.org,960.455.8145x5374,Procurement,False
3541,1412,Heather Campbell,aliciasmith@example.org,001-563-796-5198x149,Procurement,False
3542,1412,Angela Reeves,hodgeskayla@example.com,518-963-3248,Procurement,True
3543,1412,Angela Kerr,gina02@,001-386-758-7415x442,Decision Maker,False
3544,1413,Jennifer Wilson,raymondjames@example.org,352.600.9931,Decision Maker,False
3545,1413,Ronald Davis,abowman@example.net,339-538-9692x7782,Technical,True
3546,1414,Tiffany Nolan,robertsimpson@example.org,(221)634-1653x952,Decision Maker,False
3547,1414,Martin Evans,wilkinsjeremy@example.net,806.868.6658x9944,Finance,True
3548,1414,Rebecca Lee,wilsonkirk@example.net,640-619-1846,Decision Maker,True
3549,1414,Lisa Blair,vdonaldson@example.org,369.930.3271,Procurement,False
3550,1414,Jason Cortez,michaelayala@example.com,341.582.3920,Technical,False
3551,1416,Jeremy Floyd,molinajames@example.org,951.804.0934x85142,Technical,True
3552,1416,Misty George,sara91@example.com,001-383-615-6667x64349,Technical,True
3553,1416,Christopher Frank,riverarebecca@example.com,453-861-0265,Procurement,True
3554,1417,Christopher Young,elliottcarrie@example.net,492-832-4203x510,Finance,False
3555,1417,Victoria Mcclure,jonesstephanie@example.net,286-606-4910x56380,Finance,True
3556,1417,Patricia Hart,welchbeth@example.org,001-826-760-0766x02321,Finance,True
3557,1417,Amanda White,alexandersusan@,911-656-9164x91127,Technical,True
3558,1417,Barbara Richardson,tarahuffman@example.org,+1-759-489-9410x6474,Technical,True
3559,1418,Jeremy Smith,heatherpowell@example.org,001-338-320-6535x6050,Decision Maker,True
3560,1419,Justin Wilson,gordoncarl@example.org,401-938-2593,Finance,False
3561,1419,Jose Johnson,jennifer05@example.net,(636)657-6758,Decision Maker,False
3562,1419,Christopher Skinner,stonelindsey@example.org,001-487-823-9673x11777,Technical,True
3563,1419,Cameron Hayes,cooperlauren@example.net,746-498-1895,Finance,True
3564,1419,Cody Diaz,andrewalexander@example.net,453.740.0144,Technical,True
3565,1421,Mary Maxwell MD,john81@example.org,+1-963-901-5493x813,Decision Maker,False
3566,1421,Steven Giles,whammond@example.org,642-931-1810,Procurement,False
3567,1421,Timothy Davis,pamelarichardson@example.org,(444)276-3958x12587,Decision Maker,True
3568,1422,Donna Kennedy,lharris@example.com,8276712616,Procurement,False
3569,1422,Mr. Robert Crawford,reidashley@example.org,272-772-4365x1411,Decision Maker,False
3570,1423,Scott Martinez,lisawalters@example.net,958-267-5778,Technical,False
3571,1423,Andrea Smith,klloyd@example.org,001-634-996-5473,Decision Maker,False
3572,1423,Thomas Meyers,pguzman@example.com,510.250.7746,Decision Maker,True
3573,1423,Kimberly Huff,antonio34@example.net,001-254-852-3782x6281,Procurement,False
3574,1424,Julie Moore,gnichols@example.net,(740)480-9152,Finance,False
3575,1424,Brittany Garcia,richmichael@example.net,(360)916-2018x7963,Technical,True
3576,1424,Kathy Johnson,dianewood@example.net,538-853-8756x03238,Finance,False
3577,1424,Dr. Susan Jacobs,jgarcia@example.com,+1-413-606-0709x78090,Technical,True
3578,1425,Tanya Wise,youngmark@example.org,302-776-5425x1423,Technical,True
3579,1425,Laura Zamora,michaelmarshallexample.com,954-724-9298x65168,Decision Maker,True
3580,1425,Nathan Rowe,skinnerrhonda@example.net,226.980.4534,Procurement,True
3581,1425,Tracy Brown,ericrichard@example.net,001-951-306-8755x9742,Decision Maker,True
3582,1426,Charles Smith,brian49@example.net,569.603.6971,Procurement,True
3583,1426,Deborah Smith,katelynmorales@example.net,+1-944-667-6111x46589,Procurement,False
3584,1426,Alicia Coleman,klineashley@example.org,382-354-9623,Technical,False
3585,1426,Joshua Giles,christinesnyder@example.org,585.399.7854x690,Procurement,True
3586,1427,Jared House,qmedina@example.org,312-985-1105x37430,Procurement,False
3587,1427,Alexis Mercado,sharon78@example.com,284-368-2761,Technical,True
3588,1427,Julia Lynch,lindsaywaters@example.net,(654)394-8971x78988,Decision Maker,False
3589,1427,Sara Downs,gallagherlaura@example.net,001-876-687-5563x67229,Decision Maker,True
3590,1428,Michelle Jennings,samanthahudson@example.com,(652)932-0347x3841,Finance,False
3591,1429,Linda Henderson,invalid_email,5046809521,Procurement,False
3592,1429,Todd Hawkins,bryanmark@example.org,530-756-6135,Finance,True
3593,1429,Debbie Larson,daniel76@example.com,238-253-5536x9003,Technical,False
3594,1429,Matthew Wheeler,ymartinez@example.org,532-534-1659x13570,Procurement,False
3595,1430,Daniel Williams,sosamaureen@example.org,(215)864-9269x78110,Decision Maker,True
3596,1430,Grant Williams,oliverdawn@example.org,476-657-1834x928,Procurement,False
3597,1430,Robin Kent,brichardson@example.org,410.817.7972x17428,Procurement,False
3598,1430,Jodi Adams,barnettdavid@example.org,660-864-4257x26582,Procurement,False
3599,1431,Amber Acosta,clinesheena@example.net,201-364-1576,Decision Maker,False
3600,1431,Ronald Wilkins,pricehenry@example.net,565-717-7232x704,Decision Maker,True
3601,1432,Michelle Schaefer,gjohnson@example.com,362-997-2449x51218,Technical,False
3602,1432,Mallory Floyd,qfrazier@example.com,001-437-829-0754,Technical,True
3603,1433,Michael Lee,sandra84@example.net,8025019378,Technical,True
3604,1433,David Clayton,jonesgarrett@example.com,252-559-6466,Decision Maker,False
3605,1433,Bethany Pena,hornbrian@example.org,7125182224,Technical,False
3606,1433,Timothy Graham,invalid_email,001-876-738-8385x298,Decision Maker,False
3607,1434,Christine Young,bharrison@example.org,990-895-2212x67610,Decision Maker,True
3608,1434,Hannah Porter,wburton@example.com,(337)412-5771x21417,Decision Maker,True
3609,1434,Michelle Cantrell,zthompson@example.org,+1-372-846-8151x96896,Finance,False
3610,1434,Dominic Li,colemandonna@example.net,+1-454-238-4595x836,Technical,False
3611,1435,Robert Holloway,brooke34@example.org,8143497046,Technical,True
3612,1435,Melissa Velez,zjordan@,2272348040,Finance,False
3613,1435,Megan Hill,jefffarmer@example.net,509.252.5075x362,Finance,True
3614,1435,Benjamin Garcia,josephjones@,(268)595-2896x40552,Technical,False
3615,1439,Christopher Jackson,michael29@example.org,261.592.2864x243,Finance,True
3616,1439,Christopher Hill,johnsondana@example.com,(680)398-1751x40333,Decision Maker,True
3617,1439,Carol Estrada,karla17@example.com,(345)890-1885,Procurement,True
3618,1440,Tammy Friedman,colleenking@example.net,001-886-956-9019x986,Decision Maker,False
3619,1440,Christine Ross,romerojeffrey@example.net,860-211-5686,Procurement,True
3620,1440,Tony Smith,margaretgraham@example.net,789-513-1153,Technical,False
3621,1440,Hailey Fisher,jonescynthia@example.com,+1-754-760-9516x970,Procurement,True
3622,1440,Savannah Smith,asmith@example.com,479-822-5957x96035,Decision Maker,False
3623,1442,Stephanie Pitts,angeladavis@example.net,(504)709-3411x1291,Technical,False
3624,1442,Melissa Church,kaitlinbeasley@example.net,753-367-4061x4671,Technical,True
3625,1442,Timothy Willis,leejeremy@example.com,459-223-1760x674,Technical,False
3626,1442,Latasha Coffey,lucasbishop@example.com,001-278-963-1990x837,Procurement,True
3627,1443,Dale Castillo,thomas42@example.net,508-453-7109,Procurement,True
3628,1443,Tamara Luna,ssims@example.net,+1-378-712-6580,Finance,False
3629,1443,Caroline Thomas,geraldtaylor@example.org,870.830.8386,Finance,False
3630,1443,Mr. Dustin Phillips,vbaker@example.com,638.875.9991x182,Decision Maker,True
3631,1443,Jacob Hale,robert64@example.net,2559772697,Procurement,False
3632,1444,Jaime Brewer,ramirezalice@example.com,+1-990-574-5834x41153,Technical,False
3633,1444,Mr. Jack Morgan DVM,pmorris@example.com,+1-206-515-2901x721,Finance,False
3634,1444,Elizabeth Lee,afox@example.net,(967)505-2964,Procurement,True
3635,1446,Janice Stewart,kylie96@example.net,+1-854-386-5086x6041,Procurement,True
3636,1446,Pedro Taylor,ethompson@example.org,+1-554-281-5041x986,Decision Maker,True
3637,1446,Patricia Burns,brandon59@example.com,997-351-7851,Technical,True
3638,1446,Debra Mahoney,mitchellbrittany@example.com,731-838-9260,Decision Maker,False
3639,1446,Alice Reynolds,alexroy@example.org,418-945-8260x519,Technical,False
3640,1447,Joshua Aguilar,martinezderrick@example.net,001-201-901-2790x0110,Procurement,False
3641,1447,Alec Hughes,zturner@example.org,(385)350-1441,Decision Maker,True
3642,1448,Victoria Nelson,shannonholt@example.org,(937)790-4130x911,Technical,True
3643,1448,Luis Brooks,andersondaniel@example.org,727.363.3294,Procurement,False
3644,1448,Jessica Gonzalez,april66@example.com,864.214.9733,Technical,True
3645,1449,Dr. Christy Livingston,brendamartin@example.com,8345152687,Procurement,True
3646,1450,Nichole Mercer,kwalker@example.com,001-566-279-1819x55425,Finance,True
3647,1450,Rachel Barajas,stephensonallison@example.com,338.658.7126x42207,Procurement,True
3648,1450,Jacqueline Williams,ybishop@example.org,(450)423-6678,Decision Maker,True
3649,1451,Matthew Johnson,andrewwatts@example.org,(510)499-6061x5137,Procurement,True
3650,1451,Elizabeth Moore,santosbrandon@example.org,(306)481-7310,Finance,True
3651,1451,Patricia Joseph MD,ehale@example.net,(774)582-2361x7292,Finance,True
3652,1451,Jasmine Lopez,gibsonjennifer@,001-871-380-9566x4508,Technical,True
3653,1453,Dustin Baker,jdunn@example.com,(745)320-1961x5658,Technical,True
3654,1453,Dylan Frost,gregoryanderson@example.net,838-772-6319,Procurement,True
3655,1453,Katelyn Garcia,acasey@example.net,8283605577,Decision Maker,True
3656,1453,Brent Perez,richardsonashley@example.org,(540)249-4273x828,Finance,True
3657,1455,Michaela Willis,rowerachelexample.net,(439)322-2317x43657,Finance,False
3658,1455,Brian Dunn,amy41@example.org,+1-859-943-1428x684,Decision Maker,False
3659,1455,Savannah Rivera,lho@example.com,749-921-4121x36198,Finance,True
3660,1455,Tracey Keller,clarkallison@example.com,284.200.4527x2648,Procurement,True
3661,1455,Paul Elliott,invalid_email,5923747011,Decision Maker,True
3662,1456,Christopher Anthony,dorseyryan@example.org,932.260.6619x9636,Decision Maker,True
3663,1457,Kimberly Hogan,david11@example.net,694-220-9006,Finance,True
3664,1458,Tony Hobbs,philip02@example.com,+1-685-897-2565,Decision Maker,True
3665,1459,Jason Lopez,umarks@example.net,934-859-6085x2786,Decision Maker,False
3666,1459,Judy Hill,robersonbrandon@example.org,259.672.7477x799,Decision Maker,False
3667,1459,James Delgado,invalid_email,932.899.6003x088,Procurement,True
3668,1459,Mr. Reginald Hart,cameronbernard@example.org,536.230.3257,Technical,False
3669,1460,Alex Moore,invalid_email,207-528-6817x73415,Procurement,False
3670,1460,Laura Joseph,zachary98example.com,214-276-4443x6848,Finance,False
3671,1461,Brian Wilcox,gregoryhorne@example.net,4723598265,Procurement,True
3672,1461,Eric Castillo,kerry69@example.net,+1-875-376-8244x5597,Decision Maker,False
3673,1461,Jasmine Williams,nherrera@example.net,842.418.0170,Procurement,True
3674,1461,Maria Barrera,sara65@example.net,285-674-0522x2413,Finance,False
3675,1461,Patricia Hernandez,eric33@example.com,001-877-403-9007x6800,Decision Maker,False
3676,1462,Cassandra Jones,markharris@example.com,833-442-7181,Procurement,True
3677,1462,Stacey Harrell,erickim@example.org,(762)365-9538x867,Procurement,True
3678,1462,Alexander Mitchell,zbarber@example.com,(273)235-2950,Decision Maker,True
3679,1463,Vincent Barton,gibsonkatie@example.net,001-872-748-3735x740,Finance,True
3680,1464,Anne Orozco,duranchristopher@example.net,+1-812-422-5970,Finance,False
3681,1464,Sarah Wall,yvonne16@,001-364-571-5083x59946,Technical,False
3682,1464,Jessica Mcintosh,lineric@example.net,693-887-9543,Technical,True
3683,1464,Miss Cheryl Crawford,melindagriffin@example.com,(659)614-0202x8964,Technical,False
3684,1464,Brandon Martinez,xbrewer@example.com,(860)295-3176,Decision Maker,True
3685,1466,Mary Hamilton,jacqueline01@example.com,8465654783,Technical,False
3686,1466,Christopher Kane,dgarrett@example.net,+1-533-827-3141x248,Procurement,True
3687,1466,John Norris,brianlee@example.com,939-331-8528x78516,Procurement,True
3688,1467,Jacob Dawson,michelle56@example.org,001-868-678-9302x213,Technical,False
3689,1467,Zachary Strickland,barbara91@example.com,001-350-556-3161x75708,Technical,True
3690,1467,Kylie Green,lking@example.org,401.237.3629,Procurement,True
3691,1468,Richard Woods,jeremyhill@example.org,(961)874-6475x98193,Finance,True
3692,1469,Teresa Castro,melissascott@example.net,783.628.8371x38948,Decision Maker,False
3693,1469,Lisa Mullen,halejennifer@example.net,+1-298-536-3460x8186,Decision Maker,False
3694,1469,Dillon Carter,michaelmeyer@example.net,001-951-829-5161x89922,Decision Maker,True
3695,1469,John Sims,hickscollin@,5642336664,Finance,False
3696,1469,Bradley Pitts,ricardo17@example.com,001-864-981-7771x01687,Procurement,True
3697,1471,Richard Decker,zpatrick@example.com,001-831-631-0920,Procurement,False
3698,1471,Veronica Perez,melendezmark@example.net,869.240.2107,Procurement,False
3699,1472,Jared Kelley,justinjordan@,+1-597-354-1515,Decision Maker,False
3700,1473,Dr. Craig Garcia,lewispaul@example.com,698-353-5899,Decision Maker,True
3701,1473,Jeffery Acosta,gwilson@example.net,001-980-709-0198x4550,Finance,True
3702,1473,Christian Hill,millerrobert@example.com,267.873.6637,Technical,False
3703,1473,Gabriella Boyd,robertwells@example.com,+1-849-239-5928x2714,Finance,True
3704,1474,Adam Hall,davismichael@example.org,001-671-929-9790x9988,Technical,False
3705,1474,Michael Thomas DVM,miguelaguirre@example.com,250.962.7464x97441,Technical,False
3706,1474,Jeffrey Moody,jennifermorris@example.net,7184979503,Finance,True
3707,1475,Nathan Green,nicole43@example.org,(897)655-3994,Technical,False
3708,1475,Donna Ford,stevecobb@example.com,(803)597-9310x4759,Decision Maker,False
3709,1476,Joshua Moore,juliemcneil@example.org,615-616-5973x57627,Technical,False
3710,1477,Cameron Ray,josepeters@example.com,(796)501-2872x285,Decision Maker,True
3711,1477,James Nguyen,wromero@example.net,(643)667-4251x251,Procurement,True
3712,1478,John Wilkins,amanda26@example.net,001-282-249-0448,Procurement,False
3713,1478,Megan Russell,lindsey39@example.net,(320)785-9940x89334,Finance,True
3714,1479,Zachary Guzman,zthomas@example.com,(448)305-8195,Finance,True
3715,1479,Joseph Gilmore,teresaortiz@example.org,+1-368-688-5033x8790,Procurement,False
3716,1479,Cody Scott,darrenjohnson@example.com,307-474-9273x3239,Finance,True
3717,1479,Derek Acevedo,valeriemuellerexample.org,+1-960-867-5177,Technical,True
3718,1479,Catherine Guzman,richardpoole@,(732)819-5402,Finance,False
3719,1480,Haley Ward,nathantrevino@example.org,+1-386-813-8423x02972,Technical,False
3720,1480,Robert Mendoza,gregoryromero@example.org,001-231-259-4838x8342,Procurement,False
3721,1480,Joseph Church,jeffrey66@example.org,9586763956,Decision Maker,False
3722,1480,Mary Flowers,parkerjose@example.net,(629)200-7348x39509,Procurement,False
3723,1481,Bryan Schultz,brownolivia@example.net,001-202-683-0304,Finance,True
3724,1481,Lauren Davis,jacquelinegilbert@example.net,6604183550,Technical,False
3725,1481,Barbara Elliott,kristinaperkins@example.org,(405)511-3193x048,Procurement,True
3726,1481,Rhonda Johnson,dleonard@example.com,+1-856-678-1815x715,Technical,True
3727,1482,Sandra Benton,sarahrivera@example.org,001-345-651-4666x19139,Procurement,True
3728,1482,Mrs. Taylor Burnett,whiteanthony@example.com,331-587-8158x4216,Finance,False
3729,1482,Natasha Stout,ashlee75@example.net,+1-304-400-0841,Finance,False
3730,1482,Jeffrey Blevins,ramseytyler@example.net,(420)716-6088,Finance,True
3731,1483,Carl Davis,shannonlindsay@example.net,(330)284-5104,Decision Maker,True
3732,1484,Jessica Bradshaw,andersonjoshua@example.org,887.664.7456x649,Decision Maker,False
3733,1484,Richard Hicks,brittany55@example.com,773-437-6949x5495,Decision Maker,True
3734,1484,Tammy Salinas,alexis34@example.net,+1-580-503-6820x4424,Finance,True
3735,1484,Julie Reyes MD,carol54@example.com,+1-624-553-5068x4313,Technical,True
3736,1484,Casey Ramirez,sgonzalez@example.com,898-928-3673x32955,Decision Maker,False
3737,1485,Sara Banks,eric08@example.net,(475)834-1525x66205,Technical,False
3738,1485,Eric Owen,donaldjones@example.org,394.886.2884,Decision Maker,False
3739,1486,Erik Williamson,lisa29@example.net,720-609-8342x5102,Technical,False
3740,1486,James Wilson,osavage@example.net,459-299-9604x69574,Decision Maker,True
3741,1487,Justin Jimenez,nstewart@example.net,+1-447-449-9148,Technical,True
3742,1487,Michael Ball,dwoodward@example.net,001-639-909-4959x41920,Finance,True
3743,1489,Andrew Mcdonald,nicholasgarcia@example.net,001-854-325-8870,Procurement,False
3744,1489,Dave Stewart,kimberlyryan@example.net,+1-797-765-9422x55673,Technical,False
3745,1490,Mark Silva,craneteresa@example.com,001-240-276-5586x6421,Procurement,True
3746,1490,Mark Olsen,victoria52@example.com,635.272.5417x5974,Procurement,True
3747,1490,Jacob Jarvis,murphymichael@example.net,632-238-7798,Decision Maker,False
3748,1491,Isabella Owens,qsmith@example.org,471.931.3257x7714,Technical,True
3749,1491,Carrie Dougherty,ecross@example.org,001-334-417-4178x28902,Finance,True
3750,1491,Kimberly Cole,stephenpatrick@example.net,361-353-0370x7937,Procurement,True
3751,1491,Patrick Suarez,david72@example.org,882-684-4779x49830,Finance,False
3752,1491,Shane Gomez,mackenziewhite@example.net,(214)782-1129,Technical,True
3753,1492,Desiree Rodriguez,savagemark@example.org,(810)430-4716x97275,Finance,False
3754,1492,Lisa Farley,fcantu@example.com,7292236271,Finance,True
3755,1492,Bryan Campbell,lshannon@example.net,(349)602-3514x3456,Finance,False
3756,1492,Teresa Brown,sarasmith@example.net,001-736-448-6255x52863,Procurement,True
3757,1493,Michelle Berry,morganbrenda@example.net,852-707-2860,Decision Maker,False
3758,1493,Alexandria Blackwell,christianberry@example.net,001-378-900-5832,Finance,False
3759,1493,Paula Hunter,denise33@example.com,7045876165,Finance,True
3760,1494,Ronnie White,jacksonkyle@example.net,698.269.7212x15805,Decision Maker,True
3761,1494,Suzanne Long,hortonmary@example.org,783-701-5593x07073,Finance,False
3762,1495,Amanda Fletcher,reidjohn@example.org,001-645-943-2282x924,Decision Maker,True
3763,1495,Teresa Valencia,parkbrandon@example.com,862-767-5538,Procurement,True
3764,1497,Jessica Valdez,qhill@example.org,+1-368-542-7593x0950,Technical,True
3765,1497,Patrick Phillips,carolynhunter@example.net,(587)317-4755x4023,Decision Maker,True
3766,1497,Caitlyn Ford,brandi49@example.com,704.360.9737,Finance,True
3767,1498,Carol Robinson,omarsh@example.com,(458)865-7077,Decision Maker,True
3768,1499,Eric Turner,sarah19@example.net,(206)827-1153x29411,Decision Maker,False
3769,1499,John Hammond,rmullen@example.org,611-561-7861x950,Technical,False
3770,1500,Lauren Kramer,millerchristina@example.com,001-979-848-2159,Finance,True
3771,1500,Zachary Holder,wrowe@example.net,854-431-1605x6813,Technical,True
3772,1500,Tammy Snyder,meyersmark@example.org,484-374-2290x2616,Procurement,False
3773,1501,Christian Clarke,invalid_email,605.479.9997,Technical,True
3774,1501,Johnny Santiago,yramirez@example.org,248.284.3468,Procurement,True
3775,1501,Tommy Carney,cassandrakoch@example.org,001-256-356-3766x7076,Procurement,False
3776,1501,Cheryl Church,wgoodwin@example.net,+1-646-679-0230,Procurement,True
3777,1501,Stephanie Martinez,wmcgee@example.org,+1-248-571-4810x82331,Technical,False
3778,1502,Rose Cortez,lisa16@example.com,(677)940-8893,Technical,False
3779,1502,Nancy Good,matthew53@example.net,(788)331-6392,Decision Maker,False
3780,1503,Emily Hunter,qlucero@example.net,433-385-5447,Decision Maker,False
3781,1504,Amanda Lozano,michaelmcfarland@example.com,645.544.8874x38300,Technical,True
3782,1504,Marco Garcia,bobbyduffyexample.net,001-695-498-0721,Technical,True
3783,1504,Shawn Young,xgilbert@example.org,(711)963-7856x9035,Procurement,True
3784,1504,Mandy Bauer,invalid_email,001-696-283-2605x415,Decision Maker,True
3785,1504,Thomas Andrews,emmaperry@example.com,266-444-7875,Procurement,False
3786,1505,Kevin Crawford,bernardcompton@example.net,(893)204-9717x307,Procurement,False
3787,1505,Kathy Smith,marcbrown@example.net,+1-214-683-5636x62470,Finance,False
3788,1506,William Collins,hallapril@example.org,001-685-543-6778x49044,Technical,True
3789,1507,Richard Zamora,angelicaknight@example.net,(657)897-1053x8279,Technical,False
3790,1507,Erin George,erin47@example.org,9462395540,Technical,True
3791,1507,Kenneth Ramirez,torresbryan@example.com,262-491-4253x9814,Procurement,True
3792,1508,Robert Williams,johnsonheidi@example.com,346-483-9159x7916,Decision Maker,False
3793,1508,Lucas Williams,mcfarlandjames@example.net,001-332-914-3623x780,Decision Maker,False
3794,1508,Brian Ferguson,ctorres@example.org,(722)770-4489x64899,Technical,True
3795,1508,Miss Melissa Olson,christine27@example.com,001-394-208-7203x14919,Decision Maker,True
3796,1509,Mary Bell,erikamcdaniel@example.net,+1-866-239-4014x53646,Decision Maker,True
3797,1509,Ryan Turner,ugonzalez@example.org,413.285.9128x23232,Decision Maker,True
3798,1509,Gary Pearson,qturner@example.com,001-602-271-4124,Finance,True
3799,1509,Karen Perez,swansonalexander@example.org,001-640-716-2829x6536,Technical,False
3800,1509,Melissa Gilbert,ywells@example.com,7298499977,Procurement,False
3801,1510,Melissa Johnson,invalid_email,456-949-8402,Finance,False
3802,1512,Kayla Morales,victoriablack@example.com,478.212.0470,Finance,True
3803,1512,Wendy Moore,ycarter@example.org,566.275.9129,Decision Maker,False
3804,1512,Robert Mcconnell,chandlerjoel@example.net,492.244.3714,Decision Maker,False
3805,1512,Cheryl Thompson,hmcmahonexample.net,268-760-5695x8974,Technical,False
3806,1513,Robin Lee,vbennett@example.org,889.522.7468,Finance,True
3807,1513,Carol Macdonald,ramosalexander@example.org,503-632-8078,Finance,False
3808,1513,Christopher Medina,invalid_email,(699)927-1704x55259,Technical,False
3809,1514,Kim Young,katelyn67@example.net,515-733-8892x2410,Technical,True
3810,1515,Katherine Gonzalez,ejohnson@,(483)230-2566,Finance,True
3811,1515,Candice Stafford,lopeztammy@example.com,+1-370-981-1347x6605,Technical,False
3812,1515,Sheila Morris,karenpage@example.org,001-608-939-8371x613,Decision Maker,False
3813,1516,John Hill,georgegriffin@example.com,001-857-285-7272x8253,Finance,False
3814,1517,Tyler Higgins,vchurch@example.net,(305)679-3718x97349,Decision Maker,True
3815,1517,James Webb,marissa81@example.org,+1-219-565-1013,Decision Maker,False
3816,1518,Daniel Smith,taylorbarbara@example.net,397-992-4705x76221,Procurement,True
3817,1518,Wayne Stone,sawyeradrian@example.org,3797651932,Decision Maker,True
3818,1519,Mr. Jesus Francis,baileymichelle@example.com,001-444-471-2210x767,Decision Maker,True
3819,1519,Bridget Saunders,williamfreeman@example.org,(387)382-1980x65873,Decision Maker,False
3820,1519,Allison Peterson,vrivera@example.net,896.290.1786,Technical,False
3821,1520,Carrie Hopkins,hortonbrian@example.net,3112269949,Procurement,False
3822,1520,David Lewis,john89@example.org,220-704-7054x83649,Technical,True
3823,1520,Wayne Shaw,danamann@example.net,486.626.5294x14007,Procurement,False
3824,1520,Lori Houston,jack41@example.net,(625)887-7800x531,Technical,True
3825,1520,Corey Riddle,invalid_email,001-237-836-1903,Technical,True
3826,1521,Henry Carlson,frank72@example.com,001-727-319-2739x694,Finance,False
3827,1521,James Austin,micheal25@example.com,(302)872-2019,Finance,False
3828,1521,Angela Sullivan,alison22@example.org,499.306.6739,Technical,False
3829,1522,Dustin Woodward,natashaherrera@example.net,429-233-9268x88919,Decision Maker,True
3830,1523,Craig Collins,michaelatkins@example.com,9012580612,Technical,True
3831,1523,Donald Wright,galvandonald@example.org,+1-943-553-2773x73927,Decision Maker,False
3832,1523,Hannah Green,invalid_email,(267)668-7575x792,Finance,False
3833,1523,April Walters,hernandezlindsay@example.net,540-559-5885,Finance,True
3834,1523,Chris Smith,sloanjared@example.net,(600)225-6066,Technical,False
3835,1524,Patricia Owens,kdaniels@example.org,663-203-5125,Technical,False
3836,1524,Anthony Stone,zwalker@example.org,(837)200-2577,Finance,True
3837,1524,David Tran,joshuaarroyo@example.org,001-222-367-1350x1082,Decision Maker,True
3838,1524,James Hernandez,jasonwilliams@example.org,431.501.1649x921,Technical,True
3839,1525,Mr. Seth Collins,adkinssheri@example.net,+1-626-820-4610x84212,Technical,True
3840,1525,Michael Johnson,dsantiago@,588-326-3606x4147,Finance,True
3841,1525,Jeffrey Young,thompsonronald@example.com,919.368.2830,Finance,False
3842,1527,Christopher Richard,stewartgerald@example.org,(844)869-7158x002,Procurement,True
3843,1527,Thomas Bishop,delgadojocelyn@example.org,001-582-882-2723x769,Procurement,False
3844,1527,Samantha Ortiz,bdavis@example.com,779.990.5482x134,Technical,True
3845,1527,Michelle Jackson,montgomeryamy@,+1-260-462-7147x088,Technical,False
3846,1527,Christopher Lambert,earlvazquez@example.org,3155711270,Technical,False
3847,1528,Nichole Marsh,cking@example.net,(628)680-8750,Finance,True
3848,1528,James Gomez,cynthiaharper@example.com,408.384.6677,Technical,True
3849,1529,Julie Carroll,kathy35@example.org,386.608.7007,Procurement,False
3850,1529,Timothy Keller,robinsonphillip@example.org,(680)777-2070x9356,Procurement,False
3851,1529,Mark Douglas,lisapatterson@example.org,805.949.1291x672,Finance,True
3852,1529,David Shannon,jpitts@example.com,464.929.9745,Procurement,True
3853,1530,Jaime Cherry,heatherlong@,580-334-3292x4823,Procurement,True
3854,1530,Lauren Byrd,candacecampbell@example.net,968.884.5920x5949,Decision Maker,True
3855,1531,Mark Kim,phowell@example.com,001-599-726-9266x7297,Decision Maker,False
3856,1531,Rebecca Morris,floresphillip@example.net,001-244-371-4055x0237,Finance,False
3857,1531,Brittany Cole DDS,vcole@example.net,461-890-7682,Finance,False
3858,1531,April Moore,watsonsteven@example.com,527.828.3221,Procurement,True
3859,1531,Angela Dean,jacquelinemiller@example.com,799-561-0318,Decision Maker,False
3860,1532,Brooke Rivera,briananeal@example.org,001-787-740-0124x71769,Finance,False
3861,1532,Bruce Richard,ubryant@example.com,001-389-659-6256x585,Finance,False
3862,1532,Jessica Molina,nicholasthompson@example.com,523.658.9006x44358,Technical,False
3863,1533,Nancy Williams,josephhouse@example.com,399.774.3083x06573,Finance,False
3864,1533,Daniel Davis,leslierowland@example.org,+1-866-828-4840x213,Decision Maker,True
3865,1533,Keith Henry,austinmoses@example.org,+1-597-509-3859x31212,Finance,False
3866,1534,Tina Powell,hrivas@example.net,819.552.0031x2094,Technical,False
3867,1535,Melissa Brown,bowersrandy@example.net,969-342-9989,Decision Maker,False
3868,1536,Christopher Kennedy,bparrish@example.org,705-784-4613x953,Procurement,True
3869,1536,Stacy Ross,samantharamirez@example.com,+1-782-397-8778x8615,Finance,True
3870,1537,Tabitha Leonard,washingtonnichole@example.net,+1-814-781-1932x67352,Technical,False
3871,1538,Loretta Bailey,markmorgan@example.com,(579)408-1593,Procurement,True
3872,1538,Christine Luna,tsmith@example.net,001-601-261-8010x5681,Technical,False
3873,1538,Dr. Sarah Berry MD,hallrachel@example.com,+1-957-592-1768x9062,Procurement,True
3874,1539,Alexandria Crawford,collinsangel@example.com,001-431-913-9472x793,Decision Maker,False
3875,1539,Mr. Willie Alexander,jwhite@example.com,848.868.5984,Finance,True
3876,1539,Ronald Freeman,jbryant@example.net,(986)633-2651x84278,Technical,False
3877,1540,Bridget King,nicolelopezexample.com,395.382.7939x92832,Finance,False
3878,1540,Kimberly Carpenter,garciaeric@example.com,916.792.3987x2691,Procurement,True
3879,1541,Evan Mccoy,jessica92@example.org,997.999.5000x96114,Technical,False
3880,1541,Ryan Ward,smullen@example.org,+1-438-837-8301,Finance,False
3881,1542,Alexandra Simmons,rwhite@example.org,001-657-921-4794x503,Procurement,False
3882,1542,Chelsey Soto,stacey07@example.org,434.798.1926x39356,Decision Maker,False
3883,1542,Holly Atkins,crystalreed@example.org,888-574-3671x2056,Technical,False
3884,1543,Jessica Johnson,catherinecrosby@example.com,495.688.7395x94194,Technical,True
3885,1543,Deanna Watkins,jacquelinepayneexample.net,622.979.9222,Decision Maker,True
3886,1544,Mr. Craig Ortiz,stephen56example.org,+1-705-511-4838x7914,Procurement,False
3887,1544,Jacob Garcia,christinawilson@example.com,+1-502-730-0103,Decision Maker,True
3888,1545,Rebecca Pace,jamesarnold@example.org,566.594.9712,Finance,False
3889,1545,April Obrien,qreeves@example.org,655.376.3479x85185,Procurement,False
3890,1545,Sherry Garcia,hcherry@example.org,218-467-4002,Decision Maker,True
3891,1545,Derek Collins,coxdenise@example.com,7388271462,Decision Maker,True
3892,1545,Martha Knight,jordanlindsey@example.com,528.573.4619x73001,Decision Maker,True
3893,1546,Scott Jones,ssalinas@example.org,001-868-907-8353x2185,Procurement,True
3894,1546,Phyllis Gonzalez,ruthstewart@example.com,(728)622-8335x67275,Decision Maker,False
3895,1546,Anthony Herrera,zdunn@example.net,+1-867-494-2926x950,Decision Maker,False
3896,1546,Ashley Goodwin,garnersean@example.net,(267)726-6922x0688,Finance,False
3897,1546,Duane Holloway,tammy60@example.net,5666499994,Procurement,True
3898,1547,Cory Rivers,patricia63@example.org,(581)226-8565,Decision Maker,False
3899,1547,Kim Garcia,michaeljames@example.net,+1-832-596-6071x1508,Technical,True
3900,1548,Sarah Delgado,trevorcervantes@example.com,(564)902-1179x8809,Finance,True
3901,1548,Krystal Davis,harriscindy@,001-398-668-7610x6172,Decision Maker,True
3902,1548,Jacqueline Carter,brookehunt@example.org,+1-805-262-8969,Technical,False
3903,1548,Nathan Payne,rodriguezsabrina@example.org,752.827.3559x629,Procurement,False
3904,1548,Autumn Kelly,invalid_email,(596)996-7047,Decision Maker,True
3905,1549,Steven Gardner,blakehawkins@example.com,334-557-8104,Decision Maker,True
3906,1550,Katherine Jones,millsmaria@example.com,7103922897,Decision Maker,True
3907,1550,Ashley Jones,racheljohns@example.com,001-235-578-8300,Procurement,False
3908,1550,Sara Bryan,smithmelissa@example.com,849.336.6320x09747,Finance,True
3909,1550,Ronald Myers,cheyenne51@example.net,628-216-1865x014,Procurement,True
3910,1551,Michele Vaughan,cherylwalker@example.net,(881)254-8379x5534,Decision Maker,True
3911,1551,Joseph Glover,randerson@example.com,569-935-9512,Finance,False
3912,1551,Peter Werner,courtney03@example.net,3189416635,Procurement,False
3913,1551,Arthur Boyd,stephanie92@example.org,404.714.0379x7394,Finance,False
3914,1551,Stacey Lopez,alangriffith@example.org,776.565.3383x85340,Decision Maker,True
3915,1552,Walter Paul,smithkelly@example.net,(506)428-9320x06367,Finance,True
3916,1552,Robert Morgan,darlene42@example.com,8744418094,Finance,False
3917,1553,Roy Schwartz,eatonlaura@example.org,+1-615-335-5236,Finance,True
3918,1553,Sara Hendrix,christineeverett@example.net,001-889-667-4787x93560,Decision Maker,False
3919,1553,John Johnson,laura33@example.net,623-289-2329,Decision Maker,True
3920,1553,Austin Robinson,jensenbrandi@example.com,688.972.3833x73896,Decision Maker,True
3921,1554,Jeffrey Mcfarland,sharonjones@example.com,(335)929-2285,Decision Maker,True
3922,1554,Christopher Owens,cbonilla@example.org,+1-263-720-8593x19468,Decision Maker,False
3923,1554,Laurie Coleman,invalid_email,7904786914,Technical,True
3924,1554,Natalie Wheeler,anthony15@example.org,001-772-202-5897,Technical,False
3925,1556,Jeremy York,zortiz@example.com,3506518408,Decision Maker,False
3926,1556,George Huffman,dfrank@example.net,+1-455-510-0624,Finance,False
3927,1556,Danielle Alexander,jtorres@example.org,321-842-9469x7219,Decision Maker,False
3928,1556,Jeanne Williamson,kaisercharles@example.net,742.998.9330,Procurement,False
3929,1557,Jeffrey Alvarez,invalid_email,(218)629-1408,Finance,False
3930,1557,Tina Schultz,donald47@example.com,852.215.7822x585,Finance,True
3931,1557,Brenda Blanchard,timothy77@example.com,+1-394-664-4549x809,Technical,False
3932,1559,Wanda Rangel,osmith@example.net,991-243-0713,Decision Maker,True
3933,1559,Patricia Myers,rileykimberly@example.com,(762)585-7340,Technical,True
3934,1559,Steven Jenkins,abeckexample.com,+1-524-424-5903x10134,Decision Maker,True
3935,1559,Jessica Leblanc,lisa65@example.com,(651)866-8073x9650,Procurement,False
3936,1559,Tony Harmon,invalid_email,001-956-704-7679x379,Finance,False
3937,1560,Joseph Jordan,gregorybullock@example.org,694-554-6324x1528,Finance,True
3938,1560,Donna Rice,denisealexander@example.org,(863)282-8759x194,Technical,False
3939,1560,Alexander Werner,taylorwanda@example.net,357.852.2741,Procurement,False
3940,1561,Elijah Cooper,brentelliott@example.com,521.896.0098x8647,Technical,True
3941,1561,John Moore,katrinagarcia@example.com,+1-247-367-0682x15298,Finance,True
3942,1561,Mrs. Melissa Fry,stephaniereeves@example.org,001-731-958-1993x180,Procurement,False
3943,1561,Holly Newman,shermanandrew@example.org,2894623416,Technical,True
3944,1561,Lisa Ellis,katherine70example.org,001-548-936-3178x933,Finance,True
3945,1562,Leslie Mccarthy,patriciawhitehead@example.com,(375)658-3418x1486,Decision Maker,False
3946,1562,Mark Rodriguez,adam19@example.com,001-696-490-2227x50304,Technical,True
3947,1562,Katherine Rodriguez,alopez@example.com,416.893.8164x049,Procurement,True
3948,1562,Stephanie Rose,caitlin67@example.org,391.286.3742,Finance,True
3949,1563,Mr. Logan Hines,sclark@example.com,+1-467-306-0186x59357,Decision Maker,True
3950,1563,Austin Ray,bgeorge@example.net,+1-687-834-0941x1697,Finance,True
3951,1563,James Matthews,samuel69@example.org,868.306.5434x869,Decision Maker,True
3952,1563,Jessica Jensen,hannah26@example.org,268-840-4152x827,Decision Maker,False
3953,1563,Mario Brown,jackie44@example.com,001-563-971-0812x39016,Procurement,False
3954,1565,Cynthia Thompson,singletonsarah@example.net,2697041193,Finance,False
3955,1565,Edward Davis,selena75@example.net,542.350.3439x590,Decision Maker,False
3956,1565,Katrina Simmons,irodriguez@example.com,790-466-6777x75595,Decision Maker,True
3957,1566,Angela Sanchez,johnsontracy@example.org,+1-715-477-9769x4776,Technical,False
3958,1566,Oscar Russell,nicholas50@example.net,+1-510-660-3313,Finance,True
3959,1566,Candice Adams,stevewatkins@example.com,418.733.6583,Procurement,True
3960,1566,Diana Sampson,ryan09@example.com,7044005129,Decision Maker,True
3961,1568,Jennifer Welch,glovertonyexample.net,(887)680-2638x152,Decision Maker,False
3962,1568,Michael Kelley,latasha91@example.org,480.626.3319,Decision Maker,False
3963,1570,Stephanie Chaney,taylor26@example.net,(359)447-3002,Procurement,True
3964,1570,Michael West,cynthia55@example.net,2139941932,Procurement,True
3965,1570,Cassandra Waters,vramos@example.com,430-287-4470x61433,Finance,True
3966,1570,Amanda Dorsey,robinreed@example.org,001-827-957-9830x845,Finance,False
3967,1571,Elizabeth Weaver,vkennedy@example.org,+1-656-733-4137x81812,Procurement,False
3968,1571,Anthony Taylor,mccormickcatherine@example.net,(552)988-0628x03907,Decision Maker,True
3969,1571,Michael Clay,arios@example.org,999-538-6961x47095,Procurement,True
3970,1572,Stephanie Kim,justincummings@,(233)386-3491x562,Technical,True
3971,1572,Sharon Baker,stewartjohn@example.com,+1-518-648-3116x26088,Procurement,True
3972,1572,Derrick Stevenson,millerjennifer@,001-204-735-5019,Finance,True
3973,1572,Lauren Miller,invalid_email,+1-446-899-8054x349,Finance,True
3974,1573,Kristen Williams,carrie66@example.com,001-812-527-9241x646,Procurement,False
3975,1573,Edgar Stevens,littlekayla@example.org,876-905-5408,Finance,True
3976,1573,Douglas Smith,bryceallen@example.net,7219305328,Technical,False
3977,1574,Brian Ellis,christopherwilliams@example.com,(796)597-0745x172,Technical,True
3978,1574,Kimberly Castillo,torrescassieexample.org,+1-891-254-8451x43999,Finance,False
3979,1576,Rodney Stanley,rjohnson@example.net,484.300.5628x17951,Procurement,False
3980,1576,Joseph Allen,cole63@example.org,3185612582,Decision Maker,True
3981,1576,Rose Franco,sherrymendoza@example.net,798-739-6296x3451,Technical,True
3982,1576,Dean Lewis,chenmichael@,+1-488-286-8832x2428,Procurement,False
3983,1578,Jose Rodriguez,mary25@example.org,361-474-7841,Finance,False
3984,1578,Ethan Powers,michaelromero@example.com,+1-429-653-7076x030,Technical,True
3985,1579,Rebecca Wright,kathy64@example.org,001-835-411-1187,Technical,False
3986,1579,Kathleen Pittman,anthony81@example.org,+1-590-464-2214x77114,Decision Maker,True
3987,1579,Philip Haynes,stevenrichardson@example.net,001-255-677-9588x70605,Finance,True
3988,1579,Christopher Romero,brandonbarnesexample.org,+1-723-945-8997x16371,Decision Maker,False
3989,1579,Erica Gonzales,smithraymond@example.net,(324)772-1780,Finance,True
3990,1580,Kelly Moore,pughkristi@example.net,(878)799-2518,Decision Maker,False
3991,1580,Tanya Arellano,martinrichard@example.com,946.843.2657x569,Decision Maker,True
3992,1582,Troy Jenkins,elizabeth73@example.com,223.344.0234,Procurement,False
3993,1582,Cheryl Campbell,hannahnelson@example.net,237.430.0761,Finance,True
3994,1582,Daniel Taylor,kristinliu@example.net,740.294.8128x47260,Procurement,False
3995,1582,Emily Adkins,reynoldschristine@example.org,+1-389-291-9316,Technical,True
3996,1582,Anna Rodriguez,robert89@example.com,3732511519,Finance,True
3997,1584,Laura Henderson,millerjesus@example.org,+1-565-569-5191x50079,Technical,False
3998,1584,Christopher Woods,karencook@example.org,364-264-3181x567,Procurement,True
3999,1584,Nancy Martinez,qgeorge@example.com,343-696-7957x964,Procurement,True
4000,1584,Tyler White,danielperez@,(612)367-4062,Decision Maker,True
4001,1584,Jamie Brown,ybarrett@example.net,+1-418-502-9631x78914,Finance,True
4002,1585,Brian Barnes,willieaguilar@example.org,001-655-406-0480,Procurement,True
4003,1585,Robert Jones,juliepetersen@example.net,(863)528-8953x226,Procurement,True
4004,1585,Kelly Jackson,aprilweaver@example.net,001-390-694-9636x608,Decision Maker,False
4005,1585,Katie Smith,michaelsimmons@example.net,001-927-506-5357x783,Technical,True
4006,1585,Matthew Mercado DDS,rebeccajohnson@example.com,+1-962-603-5039,Decision Maker,False
4007,1586,Patricia Park,nsmith@example.org,256.441.6745,Technical,True
4008,1586,Roy Ford,tylernovak@example.com,784-520-3503,Technical,True
4009,1586,Marc Richardson,kgray@example.com,652-499-2170x975,Technical,True
4010,1586,Charles Weber,williamsemilyexample.net,(796)712-9815x445,Finance,True
4011,1587,Michael Jackson,heidi14@example.org,408-977-3747x67378,Procurement,False
4012,1587,Susan Todd,jonesrebecca@example.org,(925)278-8442,Finance,True
4013,1587,Mr. Marcus Lang,tmcdonald@,601.642.2542,Procurement,True
4014,1587,Jason Johnson,bryanramirez@example.org,001-386-761-7875x6216,Decision Maker,False
4015,1588,Ryan Martin,cmartinez@example.com,001-325-200-3179x15426,Finance,True
4016,1588,Sara Turner,summersamanda@example.org,+1-427-919-1816,Procurement,True
4017,1588,Matthew Briggs,ahensley@,392-760-7356,Finance,False
4018,1588,Stacy Hendricks,markcarney@example.org,+1-675-285-1696x0662,Procurement,True
4019,1589,Linda Anderson,xkelly@example.net,(490)849-3840,Procurement,False
4020,1589,Miss Lauren Cox,bellashley@example.net,324-645-4842x7837,Finance,True
4021,1589,Robert Olsen,brianmatthews@example.org,(987)996-4330,Technical,False
4022,1589,Timothy Joseph,christine53@example.com,001-675-433-0289,Decision Maker,False
4023,1589,James Blankenship,william98@example.net,2016472430,Technical,False
4024,1590,Maria Lucas,nvega@,+1-654-525-1024x80569,Decision Maker,False
4025,1590,Gregory Carson,victoria58@example.net,243-420-6311,Finance,True
4026,1590,Christine Evans,donald71@example.net,+1-496-531-2299x054,Technical,False
4027,1591,Dwayne Thornton,villanuevaroberto@example.org,+1-369-709-9127x0733,Decision Maker,False
4028,1591,Linda Herrera,susanprice@example.org,+1-448-679-7720x64022,Finance,True
4029,1591,Katherine Francis,michelehansen@example.org,244.485.1453,Technical,False
4030,1591,Juan Carter,schmidtjames@example.net,001-463-796-1099x2987,Procurement,False
4031,1593,Erica Hughes,jacob46@example.com,+1-545-523-0383x56053,Procurement,False
4032,1593,Frederick Martin,raymondmassey@example.org,946-699-3684x5635,Procurement,True
4033,1593,Cody Haley Jr.,michaeltorres@example.net,(508)650-0489x9361,Technical,False
4034,1593,Michael Smith,qmartin@example.org,331-424-1685,Procurement,False
4035,1593,Ashley Scott,stevenkim@example.org,987.973.5665,Procurement,True
4036,1594,Jeffrey Blackwell,qroy@example.com,867-795-8925x017,Decision Maker,True
4037,1594,Joseph Griffin,lynn04@example.org,001-833-990-2149,Finance,True
4038,1594,Kevin Erickson,nguyenanna@,(700)411-9674,Technical,False
4039,1594,Michael Maxwell,brett85@example.net,218-601-7100x56797,Decision Maker,False
4040,1595,Kristin Jacobs,johnsonandrew@example.org,001-602-689-6661x38510,Technical,False
4041,1595,James Martin,stephensmichael@example.com,566-304-9909x9068,Procurement,True
4042,1595,Raymond Hunt,justin47@example.org,+1-932-944-4388x97981,Procurement,False
4043,1595,John Scott,hallen@example.org,001-848-588-1347x9817,Finance,True
4044,1595,Joshua Foster,michaelmann@example.net,4053574651,Procurement,False
4045,1596,Megan Perez,zwhite@example.net,375.337.4228,Procurement,False
4046,1596,Anna George,lewispam@,(548)729-6064x30521,Finance,True
4047,1596,Mitchell Jones MD,ucarlson@example.net,+1-236-317-1964x968,Finance,True
4048,1596,Debbie Martinez,carolynlong@example.net,(696)730-0627x83487,Procurement,False
4049,1597,Seth Harris,brianabarker@example.org,973.356.6219,Technical,True
4050,1597,Michelle Davis,perezsteve@example.org,(383)443-5617,Decision Maker,True
4051,1597,Ellen Allison,nwilliams@example.net,(908)419-3957x58374,Finance,True
4052,1597,Jennifer Smith,paynebenjamin@example.net,(901)782-2426x7233,Decision Maker,True
4053,1597,Randy Hart,judy08@example.com,985.470.8398,Finance,True
4054,1598,Roberta Pitts,lewischristine@example.org,+1-447-979-9680x9049,Technical,False
4055,1598,Adrienne Lindsey,millsmadison@example.org,+1-561-571-1980x313,Decision Maker,False
4056,1598,Cody Peterson,lsnyder@example.org,+1-398-398-6483x2433,Technical,False
4057,1599,Andrew Elliott,znguyen@example.com,803.391.3018,Decision Maker,False
4058,1599,Timothy Patterson,debbie15@example.com,467.294.9083x051,Technical,True
4059,1599,Elizabeth Mitchell,invalid_email,(979)224-6370x780,Finance,True
4060,1599,Andrew Aguirre,fdavis@example.org,824.617.5527,Technical,False
4061,1600,Haley Crawford,caitlin95@example.org,+1-924-411-7327x76879,Decision Maker,True
4062,1600,Christina Coleman,mezaernest@example.com,+1-586-447-0840x5324,Finance,False
4063,1600,Manuel Sanders,elizabeth90@example.com,6506683524,Decision Maker,True
4064,1601,Mariah Williams,gutierrezmichelle@,8144789818,Finance,True
4065,1601,Pamela Gray,bpreston@example.org,687.531.9580x51531,Procurement,True
4066,1601,Ricky Owens,holly45@example.net,8073480077,Procurement,True
4067,1602,Robert Bennett,melindajones@example.org,001-947-346-7803x4235,Finance,True
4068,1603,Xavier Hughes,brian70@example.org,5887357131,Decision Maker,False
4069,1603,Noah Kim,james48@example.net,+1-338-315-7598,Procurement,False
4070,1603,Sabrina Lopez,uberger@example.com,+1-668-732-3786x368,Procurement,False
4071,1603,Kenneth Wright,shannonlevy@example.com,2123822094,Finance,False
4072,1603,Stephanie Weaver,richard22@example.com,341-382-5275x3871,Finance,True
4073,1604,Michael Turner,imcfarland@example.net,001-606-993-8173x559,Procurement,True
4074,1604,Richard Thomas,manndeanna@,546-972-9013,Finance,True
4075,1604,Kimberly Cuevas,michael67@example.org,+1-350-618-8215x2029,Procurement,True
4076,1604,Cathy Martin,derek92example.com,957-743-0197x2867,Technical,False
4077,1604,Kathy Villa,hillstephen@example.org,551-280-5191x948,Technical,False
4078,1605,Amy Craig,ericgreen@example.net,(434)688-3633,Technical,True
4079,1605,Victoria Benson,brandynelson@example.net,(749)582-5399,Procurement,True
4080,1606,Joshua Scott,ncarroll@example.org,+1-573-939-0035x6438,Procurement,True
4081,1606,Melinda Cole,xellis@example.com,620-222-1109x360,Technical,False
4082,1606,Bradley Allen,matthew21@example.org,341-406-7257,Technical,True
4083,1606,Dale Fleming,taylorwalsh@example.net,406-454-4833,Finance,True
4084,1606,Joshua Levine,susanmelton@example.org,+1-977-667-4328x593,Decision Maker,True
4085,1607,Dana Clay,avilasheryl@example.net,+1-577-764-2281x64019,Technical,False
4086,1607,Thomas Clark,brandonadams@example.net,845-721-8069,Procurement,False
4087,1608,Nicole Craig,zsmith@example.net,+1-878-264-7414x11284,Finance,True
4088,1608,Megan Rice,stephenbrown@example.org,750.477.1187,Finance,True
4089,1609,George Long,robert11@example.net,5125214890,Finance,False
4090,1609,Robert Morris,parsonstodd@example.org,(726)561-2146,Procurement,False
4091,1609,Lacey Romero,iwade@example.net,336.790.3923x90143,Finance,True
4092,1609,Sandra Whitaker,mindysimpson@,995.362.0678x12269,Decision Maker,False
4093,1609,Melissa Jones,invalid_email,762.775.9147x7502,Finance,False
4094,1610,Rachel Hurst,audreywallace@example.org,744-990-5168,Decision Maker,True
4095,1611,Gina Vargas,lawsonjennifer@,943.380.3073x03835,Technical,True
4096,1611,Timothy Smith,cory32@example.com,+1-478-606-5173x2680,Procurement,False
4097,1611,Collin Grant,johnpena@example.com,001-594-772-2051x9311,Technical,True
4098,1612,Rhonda Smith,nbates@example.com,(685)843-2697x222,Decision Maker,True
4099,1612,Mariah Nguyen,michael49@example.net,(576)779-6678x440,Technical,False
4100,1613,Deborah Neal,hobbsjoshua@example.net,376.297.9051,Procurement,True
4101,1613,Christine Jones,kristen48@example.org,528.985.6531,Decision Maker,True
4102,1613,Shawn Patrick,christyavery@example.com,001-368-612-0421x3682,Procurement,True
4103,1613,Tammy Williams,casemiguel@example.com,690.283.3945x83672,Technical,True
4104,1613,Thomas Johnson,bhill@example.net,873.246.7059,Finance,False
4105,1614,Casey Dunlap,harrismaria@example.com,(451)493-3765x12461,Technical,False
4106,1614,Jeremy Lee,hayleyjohnson@example.org,664-899-0818x40011,Finance,False
4107,1614,Ashley Hill,danielblankenship@example.net,758.939.6048,Procurement,True
4108,1614,Melinda Hogan,jillsmith@example.com,219-519-3903x23100,Decision Maker,True
4109,1614,Christopher Mitchell Jr.,aaron16@example.net,812.666.1481,Finance,True
4110,1615,Lisa Torres,dedwards@example.com,760.707.5033x7226,Technical,True
4111,1617,David Reynolds,uhill@example.net,+1-714-356-9142,Procurement,False
4112,1618,John Bautista,schmidtashley@example.com,+1-606-651-7067x96436,Finance,False
4113,1618,Daniel Garrison,patriciamiller@example.net,001-214-628-0311,Procurement,True
4114,1618,Courtney Smith,brownyvonne@example.org,619.329.5119x2222,Technical,True
4115,1618,Gregory Santiago,weaverrobert@example.com,738-831-3223x95331,Technical,True
4116,1618,Brittney Williams,brookskelly@example.net,001-534-600-9753,Procurement,True
4117,1619,Richard Gordon,rogerscatherine@example.com,971-816-2555x79845,Procurement,False
4118,1619,Jennifer Hampton,matthewperkins@example.net,+1-576-584-5266x097,Procurement,False
4119,1619,Hailey Hinton,woodjames@example.org,826.599.0768,Procurement,False
4120,1619,John Stafford,troberts@example.com,541-556-3905x6248,Procurement,True
4121,1620,Olivia Brown,patriciagarcia@example.net,3968607330,Technical,True
4122,1620,Amanda Madden,acarter@example.org,599.524.5240,Decision Maker,False
4123,1620,Rachel Watson,dmolina@example.org,694.748.6115x546,Technical,False
4124,1620,Henry Krause,jwhite@example.org,9048377775,Finance,False
4125,1620,Tracy Pugh,jmartinez@example.org,001-332-332-4079x67159,Procurement,True
4126,1621,Jeremy Turner,sandovalmatthew@example.net,715.420.1321x32493,Technical,True
4127,1621,Amy Simmons,renee08@example.net,6903494899,Decision Maker,False
4128,1621,Shannon Barrett,toddrodriguez@,(943)511-0518,Decision Maker,True
4129,1621,Sandra Paul,adrienne61@example.org,697.445.7999x534,Decision Maker,True
4130,1621,Jeffrey Hayden,qfitzpatrick@example.net,761.887.0460x4378,Technical,False
4131,1624,Carl Smith,jill37@example.com,680.392.9607x557,Technical,True
4132,1624,Ariel Spencer,farellano@example.org,903.755.0395x35868,Technical,True
4133,1624,Sherry Schmidt,csmith@example.com,280-330-4925x157,Procurement,False
4134,1624,Ariana Griffith,paul54@example.com,864-893-0846x6243,Procurement,False
4135,1625,Lisa Evans,hernandezmarco@example.net,964.471.3733,Technical,True
4136,1626,Matthew Gibbs,lisaguzman@example.com,881-261-7112x0995,Procurement,False
4137,1627,Steven Brown,sarayoung@example.org,(375)430-5111,Finance,False
4138,1631,Scott Hawkins,leblancernest@example.com,001-554-401-6488x53053,Technical,True
4139,1632,Jose Miller,troy61@example.org,(741)480-7207,Technical,True
4140,1632,Robyn Cruz,rwest@example.com,(324)285-5473x35052,Procurement,False
4141,1632,Susan Ayers,xdavis@example.com,(874)317-1863x52701,Decision Maker,True
4142,1632,Chelsea Garcia,welchkeith@example.org,(276)203-6906,Technical,True
4143,1633,Taylor Grant,sandovalmakayla@example.net,001-919-668-0249x8383,Finance,True
4144,1633,Bobby Faulkner,dakotadelgado@example.com,296-456-2869x05273,Decision Maker,False
4145,1633,Sheryl Vasquez,acampos@example.org,5499961812,Decision Maker,True
4146,1633,Maria Lopez,melissa09@example.net,+1-774-327-1380x0624,Procurement,True
4147,1634,Brenda Snyder,sandovalrebecca@example.org,001-479-284-5770x120,Technical,False
4148,1634,Heather Shelton,billyspence@example.org,6419414502,Technical,False
4149,1634,Oscar Decker,raymond74@example.net,793.676.6136,Finance,True
4150,1634,Casey Williams,uharrison@example.com,375-326-2363,Finance,False
4151,1634,Elizabeth Barry,lcarter@,499-914-2972x8003,Decision Maker,True
4152,1635,Christina Mckinney,justinshah@example.org,(409)347-2745x5863,Decision Maker,True
4153,1635,Sheila Montoya,brian13@example.net,373.527.1800,Procurement,False
4154,1636,Dylan Turner,christopher43@example.com,201.716.8334x9988,Finance,False
4155,1637,Cynthia Lee,jonesnatalie@example.net,438-469-2810x3332,Finance,False
4156,1637,John Smith,kchavez@example.com,(881)888-9511x98752,Decision Maker,False
4157,1638,Lori Torres,robinsonjohn@,547-509-3038,Finance,False
4158,1638,Nathan Rivera,fisherchristina@example.net,+1-617-629-8885x08587,Finance,True
4159,1638,John Larson,raymond76example.org,954-517-2777x13360,Procurement,True
4160,1639,Wanda Larson,beltrankimberly@example.org,495.407.8045x771,Procurement,False
4161,1639,Bradley Adkins,jessica09@example.org,(937)351-0577x52872,Technical,False
4162,1639,Felicia Smith,richardbailey@,550-439-2326x989,Technical,False
4163,1641,Christian Carr,elizabethellison@example.net,(881)743-3571x620,Procurement,False
4164,1642,Chelsey Potter,kbarrera@example.com,(388)347-3853x82082,Procurement,True
4165,1642,Carrie Bowen,markyoung@example.org,001-659-828-9226x599,Finance,False
4166,1643,William Ortiz,bergjulie@example.org,+1-557-225-6924,Decision Maker,True
4167,1643,Cynthia Mcneil,heathpatricia@example.com,(890)672-5991x3100,Decision Maker,False
4168,1643,Francisco Medina,gregoryhall@example.org,815.576.8994x81564,Technical,False
4169,1644,Ashley Garcia,ygallegos@example.com,001-519-857-8814x5675,Procurement,True
4170,1644,Kristina Burke,bmontgomery@example.org,+1-819-613-7266x91542,Technical,True
4171,1645,Paula Collier,velezbradley@example.net,677.409.4915,Finance,True
4172,1645,Keith Brown,douglas45@example.net,500.722.3267x67963,Technical,False
4173,1645,Adam Sanders,michellewilson@example.com,553-290-8324x74223,Decision Maker,False
4174,1645,Christopher Mcintyre,millerjeffrey@example.org,001-326-434-9548x94542,Decision Maker,True
4175,1646,Maria Jones,barreramelissa@example.net,(685)613-3493x50945,Finance,True
4176,1646,Mary Heath,taylorpatricia@example.org,(688)689-4175,Decision Maker,True
4177,1646,Daniel White,sherrygonzalez@example.net,001-278-789-9524x457,Procurement,True
4178,1646,Emily Ponce,floydtrevor@example.net,(747)889-8877x5028,Decision Maker,False
4179,1647,Mason Shaffer,andradekimberly@example.org,+1-993-927-9049x6510,Decision Maker,False
4180,1647,Allison Cox,elizabethwalker@example.com,+1-767-208-9257x02265,Procurement,False
4181,1647,Sarah Miller,cmayer@,501.215.0821x74687,Finance,False
4182,1647,Daniel Stevenson,robert85@example.org,7026929120,Finance,False
4183,1651,James Dixon,gomezcynthia@example.net,(715)573-5369x9394,Finance,False
4184,1651,Brendan Stewart,mitchelljennifer@example.org,7144280214,Finance,False
4185,1651,Sheila Becker,ifleming@example.com,001-307-710-7006x891,Decision Maker,True
4186,1652,Henry Turner,invalid_email,406.324.6115x96248,Technical,False
4187,1653,Lori Murphy,simsjohn@example.com,324.264.7759,Technical,False
4188,1653,Emily Charles,dustinfaulkner@example.org,4978128708,Finance,False
4189,1653,Adam Pham,zacharyhopkins@example.net,985-255-7369x20861,Technical,False
4190,1653,Ronald Villegas,stevenarroyo@example.com,+1-836-986-6852x42857,Procurement,True
4191,1654,Alicia Christensen,dalvarez@example.net,+1-850-229-8256x420,Finance,True
4192,1654,Sean Smith,mirandaamy@example.org,996-761-2640x10938,Finance,True
4193,1654,Jonathan Davis,rhondasullivan@example.org,+1-304-547-5516,Procurement,False
4194,1654,Terri Harris,hooperrobert@example.com,494.717.5932x885,Finance,False
4195,1655,Benjamin James,dixonisaiah@example.org,506.432.7388x69154,Finance,True
4196,1655,Natalie Diaz,freemanalejandra@example.com,433-953-7783,Finance,True
4197,1656,Janice Parks,andrea86@example.org,(638)713-0714,Procurement,True
4198,1656,Martha Shields,janicekelly@example.net,001-697-413-7752x67516,Technical,False
4199,1657,Carla Johnson,jimenezmary@example.org,001-759-540-9002x77486,Procurement,False
4200,1657,Ashley Garner,dawn69@example.net,516-611-2711,Procurement,True
4201,1657,Matthew Rogers DDS,kaitlyncarlson@example.org,(980)860-4110x543,Technical,False
4202,1658,Scott Bailey,brownmichael@example.net,295.293.4065x464,Decision Maker,False
4203,1658,Troy Hughes,susanmiller@example.net,001-421-533-7486x56222,Procurement,True
4204,1658,Carmen King,cody79@,(536)273-6361,Procurement,False
4205,1658,Justin Cabrera,martinchad@example.net,6157947311,Decision Maker,True
4206,1659,Gregory White,rosemargaret@example.com,+1-402-660-5217,Procurement,True
4207,1659,Amanda Carey,davisryan@example.org,+1-949-413-1998x007,Technical,True
4208,1659,Holly Armstrong,jarias@example.org,(963)897-2899x8599,Procurement,True
4209,1660,Amy Tucker,brian54@example.net,9672716330,Finance,True
4210,1660,Kimberly Cortez,courtneykramer@example.net,+1-409-247-8715,Technical,True
4211,1660,Megan Jennings,jenniferjackson@example.com,001-981-842-6908x056,Finance,False
4212,1661,Keith Vega,dominguezerika@example.com,+1-365-444-5315x942,Finance,False
4213,1661,Mr. Derek Miller,marybishop@example.com,265-567-4151x985,Technical,True
4214,1661,Brian Nicholson,rebecca52@example.com,001-389-991-8455,Finance,True
4215,1661,Lauren Greene,joshuagrimesexample.org,(226)987-6416x284,Decision Maker,False
4216,1662,Jason Villa,xperry@example.com,591.670.2978x21327,Finance,True
4217,1662,Marissa Shaw,mark28@example.net,+1-718-471-5510x903,Technical,True
4218,1662,Peter Tucker,gedwards@example.com,807.641.4685x694,Decision Maker,False
4219,1662,Connie Davis,robert72@example.net,+1-658-753-0885x63127,Technical,False
4220,1665,Michelle Webster,fjohnson@example.com,+1-925-717-6497x877,Decision Maker,False
4221,1667,Alexander Ray,anthony85@example.com,832-641-4712x1394,Finance,True
4222,1667,Stephanie Jones,jasonwells@example.net,784-333-6337,Procurement,False
4223,1667,Mathew Lawrence,christinawallace@example.org,276.229.6039,Finance,False
4224,1667,Randy May,clarksusan@example.org,001-473-453-2092,Technical,False
4225,1667,Amanda Kelly,xschwartz@example.com,+1-812-550-2622x8875,Procurement,False
4226,1668,Amanda Young,sanchezpamela@example.net,001-695-416-4633x39385,Procurement,False
4227,1668,Dana Mckenzie,richard32@example.org,730.328.6551x05257,Procurement,False
4228,1668,Krystal Osborne,carterkevin@example.net,(703)242-4759,Procurement,True
4229,1668,Krista Gordon,megannelson@example.com,+1-349-395-9156x7894,Decision Maker,False
4230,1669,William Hill,donnawhitehead@example.com,+1-528-767-1054,Technical,True
4231,1669,Gregory Snyder,mreese@example.org,222.299.0792x99990,Decision Maker,True
4232,1670,Casey Jimenez PhD,logan31@example.org,981.341.4934x25713,Technical,False
4233,1670,Amy Young,aclark@example.net,001-828-966-5705x303,Finance,True
4234,1670,Scott Williams,yudaniel@example.com,943-838-3227x866,Decision Maker,False
4235,1671,Scott Koch,roseangela@example.com,(303)233-6847,Decision Maker,True
4236,1672,Dr. Lisa Adams,michelleanderson@example.net,001-331-749-9503x6530,Finance,True
4237,1672,Charles Cantu,eric04@example.net,268-823-1992,Technical,True
4238,1672,Charles Daniel,debragriffin@example.org,(306)620-6899x3080,Decision Maker,True
4239,1673,Tyler Holmes,davidhansen@example.net,+1-940-916-2913,Finance,True
4240,1673,Jonathan Barber,porterdanielleexample.net,325-702-3808x695,Technical,False
4241,1674,Walter Barrett,ycook@example.net,4037162981,Procurement,True
4242,1674,Sheri Alvarez,melissanovakexample.net,233.383.6831x305,Procurement,True
4243,1675,Mary Hess,zkerr@example.net,+1-269-435-6321x320,Technical,False
4244,1676,Michael Stone,wrightjulie@example.org,(919)278-2578,Finance,True
4245,1676,Erica Dawson,kennedycharlene@example.com,001-403-671-8298x39653,Finance,True
4246,1676,Laura Jackson,meyersgrace@example.org,205-268-4268,Decision Maker,False
4247,1677,Nicole Hoffman,sharoncook@example.com,931.262.3161x22677,Finance,False
4248,1677,April Brown,dcortez@example.com,001-557-948-1793x61162,Finance,False
4249,1677,Kristen Moran,gjames@example.net,828.264.6721x611,Finance,False
4250,1677,Joseph Banks,bethany54@example.org,+1-206-587-5380x570,Finance,True
4251,1678,Crystal Smith,rodriguezamy@example.com,+1-770-409-9163x9168,Finance,True
4252,1678,Troy Salinas,flarson@example.net,001-750-614-9291,Technical,True
4253,1679,Steven Glover,gleblanc@example.net,620-798-4704,Technical,False
4254,1679,Angela Lee,dawnfox@example.com,9944041031,Technical,False
4255,1679,Hector Richardson,troy30@example.com,784-232-5216,Technical,False
4256,1679,Nicholas Newman,amber64@example.org,+1-699-413-3218x761,Procurement,False
4257,1679,Lisa Richardson,smcdowell@example.net,+1-645-677-8884x36033,Finance,False
4258,1681,George Ruiz,gcarson@example.com,610-900-3029,Technical,True
4259,1681,Jacqueline Reed,amyjohnson@example.org,711-602-4624,Procurement,False
4260,1681,Ashley Gutierrez,justinponce@example.com,(708)721-8823x3464,Technical,True
4261,1681,Kelly Hodges,byrdtim@example.net,001-604-868-3669x5613,Decision Maker,True
4262,1682,Nicole Campbell MD,jameswilliams@example.net,899-931-8445x985,Decision Maker,True
4263,1682,Kelly Adams,howardjustin@example.org,001-265-750-6166x9016,Technical,False
4264,1682,Katherine Walton MD,calhounchristopher@example.org,665.775.4061x4000,Technical,False
4265,1682,Kelli Adams,jameshowell@example.com,+1-232-382-5917x724,Technical,True
4266,1683,Scott Johnson,lgray@example.org,477-861-1235x694,Decision Maker,False
4267,1683,Thomas Shepherd,brucemolina@example.org,778.625.8002x6922,Finance,True
4268,1683,Emily Foster,carsonbrian@example.com,803-629-3791x1958,Procurement,False
4269,1683,Tony Russell,rogersmakayla@example.net,481.608.8100,Technical,False
4270,1683,Tina Roberts,jilladkins@example.com,+1-249-327-9398x51817,Technical,True
4271,1684,Jacob Cox,copelandbenjamin@example.net,9522011282,Finance,False
4272,1685,Carl Olson,davidfrederick@example.org,689.559.0175x8629,Procurement,True
4273,1686,Mia Hobbs,rmcgee@example.org,551-491-5667x698,Decision Maker,False
4274,1686,Patricia Jimenez,ashleykeith@example.com,(247)867-1005x1198,Finance,False
4275,1686,Kimberly Hayes,caseywilliams@example.com,316.321.3482,Finance,False
4276,1687,Timothy Sanchez,dwhite@example.org,801-290-4612,Decision Maker,False
4277,1687,Seth George,xmitchell@example.org,8613281032,Finance,False
4278,1687,Madison Brown,crawfordjeff@example.org,(469)738-1167,Procurement,False
4279,1689,Lisa Owen,robinsonjane@example.org,391.307.5697x9540,Decision Maker,False
4280,1689,Kevin Escobar,jeremydavis@example.net,227-600-5550x19706,Finance,False
4281,1690,Michael Miller,owenskyle@example.net,5825582273,Finance,True
4282,1690,John Love,sandy61@example.org,(741)959-1915x482,Procurement,False
4283,1693,James Flores,maryrobinson@example.org,001-646-631-3322x724,Finance,True
4284,1693,Yvonne Curry,vyoung@example.com,001-501-590-1741x7923,Technical,False
4285,1693,Richard Diaz,ustokes@example.net,385-286-1157,Procurement,False
4286,1693,Jeffrey Dean,washingtonaaron@example.com,(469)993-2580,Technical,False
4287,1693,Austin Thompson,hcook@example.net,3653486962,Procurement,True
4288,1694,Bryan Johns,rebeccaanderson@example.org,001-872-477-9123x511,Procurement,True
4289,1695,Colleen Li,lesliesmith@example.net,+1-204-893-9280x0981,Technical,True
4290,1695,Jennifer Cruz,ybuck@example.net,252.882.5972,Finance,True
4291,1696,Kyle Washington,adam58@example.com,(508)632-3924x953,Decision Maker,True
4292,1696,Katherine Miller,sarahsnyder@example.org,+1-216-246-4500,Finance,False
4293,1697,Dana Wallace,kristismith@example.com,(432)587-8934x66343,Finance,True
4294,1697,Peter Ryan,christopherrios@example.net,001-631-988-1263x817,Technical,True
4295,1697,Laura Short,huangmeganexample.net,5275618158,Finance,False
4296,1697,Phillip Scott MD,morenolisa@example.net,3063111427,Decision Maker,True
4297,1698,Katherine Wilkins,gmiller@example.com,(750)552-7442x65075,Decision Maker,False
4298,1698,Emily Young,christensendaniel@example.org,+1-767-634-0149x352,Decision Maker,False
4299,1698,Sierra Garcia,wberry@example.com,607-935-3172x13082,Procurement,False
4300,1698,Crystal Avila,katherinehernandez@example.com,+1-690-750-5867x90418,Technical,True
4301,1699,Linda Peterson,smedina@example.net,(979)329-6077x60421,Decision Maker,True
4302,1700,Robert Allen,tammy11@example.com,5344856907,Technical,False
4303,1700,Shelly Jones,davidshaffer@example.net,955.387.3396x83712,Technical,True
4304,1701,Joshua Smith,matthewsdebra@example.org,970.330.0571x258,Technical,True
4305,1701,Andrea Sanders,skirby@example.org,415.605.7271x10596,Decision Maker,True
4306,1702,Donna James,nathanpeters@example.org,577.206.0654x6869,Procurement,True
4307,1702,Yolanda Rubio,kayla86@example.com,992-315-9375x05017,Procurement,False
4308,1703,Kimberly Dixon,karen68@example.net,001-258-978-9959x0915,Decision Maker,True
4309,1703,Shannon Gomez,brittney94@example.org,866.218.0466,Decision Maker,True
4310,1703,Douglas Alvarez,philipwilson@example.org,+1-200-343-4122x3711,Procurement,False
4311,1704,Mr. Todd Sparks,benjamin30@example.com,+1-245-482-9295x020,Technical,True
4312,1705,Jennifer Pratt,owenscarly@example.com,9456155486,Decision Maker,False
4313,1705,Jason Watts,lkeith@example.com,541.864.9489x362,Decision Maker,False
4314,1705,Valerie Kim,henrymalone@example.net,(628)694-7286x14339,Technical,True
4315,1705,Ronald Johnson,fraymond@example.net,649.727.1942,Procurement,False
4316,1706,Jennifer Armstrong,hmurphy@example.net,+1-459-254-7438x1159,Decision Maker,False
4317,1706,Isaiah Lee,cdavisexample.com,+1-700-475-9880x2452,Technical,False
4318,1707,Kathryn Freeman,tsanchez@example.com,707-928-1444x55187,Technical,True
4319,1709,Tracy Smith,diazelizabeth@example.org,295.795.2933x16460,Decision Maker,False
4320,1709,Robert Smith,nicholasgreen@example.org,001-496-368-0812,Technical,True
4321,1709,Joseph Williams,wintersmelinda@example.net,001-481-891-3844,Finance,False
4322,1709,Stacey Garcia,lauren33@example.net,(421)738-0135,Decision Maker,True
4323,1709,Frank Reese,garciakristi@example.net,527.872.0053x996,Technical,True
4324,1710,Sherri Johnson,jennifer79@example.com,765-329-1272,Procurement,True
4325,1710,Alexandra Harrell,mdickerson@example.com,(479)790-2996x8453,Procurement,True
4326,1710,Kimberly Jackson,dodsonmargaret@example.net,930.380.7642,Decision Maker,True
4327,1710,Stephen Santos,rileytroy@example.net,337-514-3980x052,Decision Maker,False
4328,1710,Justin Bradley,craigbarbara@example.com,(692)452-5085,Procurement,False
4329,1711,Joseph Ryan,fsmith@example.org,001-434-238-8807x79290,Technical,True
4330,1711,Miss Jessica Gross,kjohnson@example.net,001-800-628-1569x3398,Technical,True
4331,1711,Samuel Davenport,mbowen@example.org,8363531960,Procurement,True
4332,1712,Andrew Paul,kristen02@example.net,386-743-7041,Finance,False
4333,1713,Zachary Blake,samuel52@example.com,663-265-5368x64467,Procurement,False
4334,1713,Michael Chan,wilsonjerry@example.org,246-634-7000x916,Procurement,True
4335,1713,Emily Macdonald,lori32@example.org,853.494.6235,Technical,True
4336,1713,Sharon Whitehead,michaelthornton@example.net,438-309-7846x15888,Technical,True
4337,1713,Sarah Smith,nealamy@example.com,+1-209-466-9963x33532,Technical,True
4338,1714,Angela Coleman,millerrebecca@example.net,323-907-3910,Decision Maker,True
4339,1714,Megan Walsh,lisalogan@example.com,+1-525-340-0883x700,Procurement,True
4340,1714,Richard Grant,sonya81@example.net,001-643-365-6599x586,Technical,False
4341,1714,Chloe Dunn,benjaminjonathan@example.net,307.419.8051x7371,Procurement,False
4342,1714,Joseph Silva,molly65@example.net,(457)434-8300,Technical,False
4343,1715,Martha Campbell,timothy68@example.com,247-561-0845x920,Finance,False
4344,1715,Melissa Armstrong,invalid_email,(362)882-3208x877,Technical,True
4345,1715,Christian Allen,crawfordkevin@example.com,284.365.3364x774,Finance,True
4346,1716,Elizabeth Johnston,orobinson@example.net,3216409664,Decision Maker,False
4347,1716,Miguel Guerrero,jonesjoseph@example.org,390.377.6163,Procurement,False
4348,1717,Mallory Newman,chad36@example.net,799.936.3203,Procurement,True
4349,1717,Caroline Jones,joshuaellis@example.net,548-487-8459x818,Finance,True
4350,1718,Sarah Stanton,christine28@example.com,001-252-742-7524,Finance,True
4351,1718,Jacqueline Peters,sanderslisa@example.com,+1-324-482-6528x07088,Technical,False
4352,1718,Gabriel Mills,sharonlewis@example.net,804.789.8678,Technical,False
4353,1718,Kirsten Conway,tmurillo@example.com,+1-689-604-4335x3817,Technical,True
4354,1719,April Hernandez,owatson@example.net,204-676-7376,Procurement,False
4355,1719,Stephanie Scott,chrisschmitt@example.net,001-555-249-6129x7191,Decision Maker,True
4356,1719,Matthew West,hgill@example.org,908.904.1904,Procurement,False
4357,1719,Roberta Gomez,murrayanna@example.org,+1-462-739-1523,Decision Maker,False
4358,1720,Chelsea Burns,sweeneyariana@example.net,739.428.2546x24617,Finance,True
4359,1720,Jamie Austin,gardnerchristine@example.net,(333)778-6319x0291,Finance,True
4360,1720,Isaac Clay,zking@example.com,+1-604-641-6894x926,Finance,True
4361,1722,Travis Gomez,sarahtorres@example.net,(806)670-2006,Decision Maker,True
4362,1722,Eric Smith,wayneriveraexample.net,412-477-8929,Finance,False
4363,1722,Sean Sanders,andreadaniel@example.com,288.268.1503x587,Decision Maker,False
4364,1722,Christopher Harvey Jr.,ericwilson@example.org,(509)569-4430x3434,Finance,False
4365,1723,Kathryn Conley,deborahcox@example.net,(400)840-0243x32102,Decision Maker,False
4366,1724,Micheal Hodges,mary99@example.com,001-949-608-2553x96580,Technical,True
4367,1724,Thomas Schultz,ygray@example.net,7449349195,Procurement,True
4368,1725,Brendan Gardner,esalinas@example.net,001-603-655-0374,Decision Maker,True
4369,1726,Kelsey Santiago,keith13@example.net,975.360.4282x54115,Technical,False
4370,1727,Daniel Allen,daisy67@example.com,+1-304-389-4634,Decision Maker,False
4371,1727,Juan Mitchell,anthony47@example.net,001-875-443-2128,Decision Maker,True
4372,1727,Savannah Campbell,alicia43@example.org,(704)298-5536,Procurement,False
4373,1727,Jessica Romero,scottwilliam@example.com,8927195364,Technical,True
4374,1727,Heidi Becker,dianemason@example.org,3783559873,Finance,False
4375,1728,Daniel Collier,teresa09@example.com,5965643424,Finance,True
4376,1728,Ian Holland,melanie87@example.net,403-417-3582,Technical,True
4377,1728,Christina Duran,harrismelissa@example.net,001-863-560-2909x830,Procurement,False
4378,1728,Dwayne Ross,brownpenny@example.org,+1-258-574-6766x717,Procurement,False
4379,1729,Kelly Arias MD,david52@example.com,(646)500-7664,Technical,False
4380,1731,Nicholas Vincent,susan75@example.com,+1-247-691-8775,Finance,False
4381,1731,Lisa Burton,hatfieldshari@example.net,674.452.6920x442,Procurement,False
4382,1732,Christina Hinton,mooneymichael@example.net,001-658-440-7911,Procurement,True
4383,1732,Megan Li,fletcherkeith@example.org,313-390-4660x073,Procurement,True
4384,1732,Joseph Hall,nataliehartman@example.com,001-756-885-9644x77959,Technical,False
4385,1732,Michelle Valdez,jenny07@example.com,(844)403-2855x0648,Procurement,False
4386,1734,Randy Tucker,christine20@example.net,(360)908-8538x4331,Technical,True
4387,1734,Elizabeth Knox,amylee@example.net,+1-445-303-8009x961,Procurement,False
4388,1734,Lauren Hunter,washingtonwilliam@example.org,+1-399-769-8821,Decision Maker,True
4389,1734,Benjamin Walker,qnewton@example.com,634-472-5593,Technical,False
4390,1735,Amy Weeks,sharonwilkinson@example.com,733.395.3816,Decision Maker,True
4391,1735,Steven Ramirez,sarah00@example.net,(811)326-0965x2327,Decision Maker,False
4392,1735,Gabrielle Barrett,nancy31@example.net,001-983-572-3396,Finance,False
4393,1735,Melissa Allen,invalid_email,522.859.8293x485,Decision Maker,True
4394,1735,Olivia Palmer,williamfreeman@example.net,(330)845-1357,Technical,True
4395,1737,Victor Dixon,xhicks@example.com,600.573.5207x316,Decision Maker,True
4396,1737,Cynthia Floyd,robin95example.net,2138785891,Decision Maker,True
4397,1739,Robert Barr,michelleanderson@example.net,+1-219-676-4686x82522,Decision Maker,False
4398,1739,Laura Alvarado,wongmichael@example.org,001-402-310-6562x226,Procurement,False
4399,1740,Tara Wilson,william96@example.com,675-674-0078,Procurement,True
4400,1740,Isaac George,reevesalexis@example.com,478.316.7999x28310,Finance,False
4401,1740,David Hardy,bethrodriguez@example.net,859-945-1214x92057,Decision Maker,False
4402,1741,Michael Powell,jenna09@example.net,7453746726,Technical,True
4403,1741,Edward Sanchez,ulong@example.net,4205090121,Decision Maker,True
4404,1741,Christine Hogan,abryant@example.org,(532)513-5516x883,Finance,False
4405,1741,Tonya Howard,woodsjuan@example.net,555.376.6685x1339,Finance,True
4406,1741,Curtis Howe,simmonslinda@example.net,(428)474-4049x7044,Finance,True
4407,1742,Courtney Castaneda,uduarte@example.org,+1-255-934-6531x441,Decision Maker,True
4408,1743,Trevor Johnson,tony23@example.net,001-663-739-9510x1891,Procurement,True
4409,1744,Michelle Johnson,jennifer62@example.com,952-756-3225x273,Finance,False
4410,1744,Joshua Murphy,abrooks@example.net,001-413-474-1407x76995,Finance,False
4411,1744,Dylan Mitchell,xnewton@example.net,880-416-6386,Finance,True
4412,1745,Justin Jones,mindy29@example.org,326-958-4018,Decision Maker,True
4413,1746,David Johnston,anita65@example.org,709-626-6567,Procurement,True
4414,1746,Amanda Smith,gloriagonzalez@example.com,(296)624-5292x2039,Finance,False
4415,1746,Dr. Amy Vaughn,jessemiller@example.net,269.923.8717x995,Procurement,False
4416,1746,Richard Flores,deborahwise@example.net,271.929.0442x25975,Decision Maker,True
4417,1747,Mary Martinez,ramirezcody@example.org,+1-346-231-5180,Decision Maker,True
4418,1747,Anna Martin,josephwalsh@example.com,(292)908-2248x3497,Decision Maker,False
4419,1747,Jennifer Thomas,apham@example.net,789.536.8738,Finance,False
4420,1747,Nicholas Nolan,roychavez@example.com,935-992-9681x436,Procurement,False
4421,1748,Clarence Brock,khall@example.org,+1-721-218-6174,Procurement,True
4422,1748,John Foster,dakotathomas@example.org,(801)614-9803,Procurement,True
4423,1749,Paul Woods,joshua36@example.org,(625)947-0019x71603,Procurement,True
4424,1749,Gary Villarreal,michellejones@example.org,(730)826-3356,Technical,False
4425,1749,Anthony Smith,jason17@,(602)872-2740,Technical,True
4426,1749,Michael Mcdaniel,johnnyjenkins@example.org,(421)431-4145x4411,Finance,False
4427,1749,William Miller,debra43@example.org,5347418330,Decision Maker,True
4428,1750,Joshua Skinner,invalid_email,3073714421,Procurement,False
4429,1750,Melissa Greene,brandondiaz@example.net,(334)316-9170x405,Decision Maker,True
4430,1751,Patrick Chavez,renee14@example.net,2115845224,Decision Maker,True
4431,1751,Mrs. Nancy Taylor,smithmichelle@example.org,882-629-7155x47308,Decision Maker,False
4432,1754,Michael Gray,brian03@example.net,7312855331,Procurement,False
4433,1754,Nicole Acosta,ginawaters@example.org,317-670-3122,Procurement,False
4434,1754,Jessica Gilmore,gilbertalicia@example.com,761-758-8332,Technical,False
4435,1757,Cameron Owens,peter49@example.com,3264986061,Decision Maker,True
4436,1757,Lindsey Simmons,reneebeck@example.net,238-486-8174x79847,Finance,False
4437,1757,Julie Johnson,parkertravis@example.net,9668384124,Procurement,False
4438,1757,Kristin Bishop,zhansen@example.com,348-635-2696x52374,Procurement,True
4439,1758,Martha Moses,mjones@example.org,345.875.8313x707,Decision Maker,True
4440,1758,Ms. Laura Mason,qtownsend@example.org,8715092021,Procurement,False
4441,1758,Sarah Jarvis,haley36@example.net,870.936.4491x62599,Technical,False
4442,1758,Michael Lucas,pcobb@example.org,379-311-5625,Decision Maker,True
4443,1758,Alan Fitzpatrick,melendezkelly@example.com,841-676-3806,Technical,False
4444,1759,Devin Jones,ngarza@example.net,693-547-0377x84186,Finance,True
4445,1759,Angela Harris,courtneymiller@example.org,706.798.6133,Finance,True
4446,1759,William Smith,invalid_email,001-986-372-0109x6629,Finance,False
4447,1759,Matthew Rogers,brian93@example.com,527.549.0107x9723,Procurement,True
4448,1760,Elizabeth Brown,hallsherry@example.net,+1-582-508-5899x58287,Technical,False
4449,1762,Carolyn Roberts,scott62@example.net,(740)786-5454x301,Technical,False
4450,1762,Jennifer Murray,cassandra24@example.net,+1-430-874-5016x12496,Decision Maker,True
4451,1762,Amy Sheppard,stephencohen@example.net,+1-997-826-2675x662,Decision Maker,False
4452,1762,Craig Walker,daniellemills@example.net,787-368-7149,Technical,False
4453,1763,Cassandra Mason,mckinneywilliam@example.com,331-614-0560x7957,Decision Maker,True
4454,1763,Willie Faulkner,smithkristen@example.net,799.388.4395x844,Decision Maker,True
4455,1763,Kristi Green MD,benjamin10@example.com,714.466.0523,Procurement,False
4456,1763,David Mathis,carol85@,001-384-401-9392x450,Finance,True
4457,1764,Joshua Estrada,frank49@example.org,861.466.0510,Decision Maker,True
4458,1764,Kevin Hanna,varnold@example.com,384.694.7761x149,Procurement,True
4459,1764,Anthony Brown,harrisdennis@example.com,644-640-9397,Technical,True
4460,1766,Mark Adkins,fgregory@example.net,646.627.6217x84659,Decision Maker,True
4461,1767,Sean Little,lisa21@example.org,372.410.6133,Decision Maker,True
4462,1767,Elizabeth Price,garyrobinson@example.com,001-544-702-6492x4389,Procurement,True
4463,1767,Johnny Keith,shannonwells@example.com,(569)670-2033x068,Finance,True
4464,1767,Elizabeth Fields,garciamichael@example.net,8932450631,Decision Maker,False
4465,1767,Julie Simon,wberry@example.org,+1-883-537-7854x51471,Technical,False
4466,1769,Vanessa Gonzales,scott00@example.net,456-244-0212x46708,Decision Maker,False
4467,1769,Clinton Elliott,christine30@example.net,(911)875-6434x129,Technical,False
4468,1770,Michael Neal,richard71@example.org,758-889-6747x542,Procurement,False
4469,1770,Carol Harvey,brian42example.net,+1-836-745-9795x90239,Decision Maker,False
4470,1770,Michael Clark,harrellsusan@example.net,6278701627,Finance,False
4471,1770,David Simmons,xanderson@example.org,869-470-6757,Procurement,False
4472,1771,Dennis Conner,hurleyrichard@example.net,(583)799-8143x7773,Decision Maker,False
4473,1771,Carla Garcia,diane70@example.net,+1-637-292-5043x06294,Finance,False
4474,1774,Jesse Allen,sarah78@example.org,001-673-822-9561x80010,Decision Maker,False
4475,1774,Eric Black,parkeremily@example.org,973.224.3188,Decision Maker,False
4476,1775,Kaitlyn Saunders,andrewsamy@example.net,451.260.3737x97791,Decision Maker,True
4477,1775,Angela Richard,xgomez@example.net,001-967-714-0315x37234,Technical,True
4478,1775,Jill Moss,brocha@example.org,(414)231-6798,Decision Maker,False
4479,1776,Matthew Chavez,david11@example.org,436-630-2634x9357,Technical,False
4480,1776,Veronica Gibson,jose19@example.org,+1-333-201-0383x11306,Technical,False
4481,1776,Chase Willis,hernandeztracy@example.org,8212612516,Technical,True
4482,1776,Shannon Davis,ramosryan@example.org,748-890-2915,Decision Maker,False
4483,1776,Jacqueline Atkinson,amykoch@example.org,001-475-584-5124x5552,Finance,True
4484,1777,Cody Phillips,gonzalezstephanie@example.org,001-557-589-8644x16679,Finance,True
4485,1777,Wanda Robles,michaeljohnson@example.org,001-827-382-5254x79335,Decision Maker,False
4486,1777,Zachary Olson,lperry@,001-652-393-6576x858,Decision Maker,False
4487,1778,James Phelps,portermitchell@example.org,001-483-594-9567x685,Decision Maker,True
4488,1778,Kirsten Ramirez,jennifer47@example.net,(657)352-4593x981,Decision Maker,True
4489,1778,John Winters,arthur47@example.com,(612)924-8432,Technical,False
4490,1779,Holly Edwards,matthew41@example.com,(243)450-0898x54901,Technical,False
4491,1779,Brian Moreno,doyleaudrey@example.net,325.251.4015,Procurement,True
4492,1780,Erin Petersen,harringtoncandace@example.org,724-797-8889,Procurement,True
4493,1780,Susan Cardenas,charlotte61@example.com,(517)996-2328x6479,Technical,False
4494,1780,Matthew Garcia,michaelbrown@example.net,819-459-7534,Finance,True
4495,1780,Destiny Griffin,pdavis@example.net,673-561-3354x7814,Technical,True
4496,1783,Lindsay Lopez,jennagreene@example.com,(573)474-3699x1503,Finance,True
4497,1783,Dorothy Colon,elizabeth66@example.com,+1-603-911-5321,Technical,True
4498,1783,Robert Ritter,justin75@example.com,+1-764-262-7174x5774,Decision Maker,False
4499,1783,Becky Hill,morrispaul@example.com,934.644.3269,Technical,False
4500,1784,Kim Frye,christopherlewis@,+1-926-508-4535x2460,Decision Maker,True
4501,1785,Michael Sullivan,christopherstanton@example.com,001-838-477-1230,Finance,False
4502,1786,Zachary Williams,marc38@example.com,(381)640-5249x66056,Procurement,True
4503,1786,Kevin Wall,darrensandoval@example.net,+1-707-839-6209x9578,Decision Maker,False
4504,1786,Connie Quinn,usmith@example.com,781.292.4095x9493,Decision Maker,False
4505,1787,Michelle Jimenez,yorkmaria@example.net,883-763-1173x1956,Decision Maker,False
4506,1787,Cheryl Hampton,smithconnie@example.net,001-313-535-6197x6589,Procurement,False
4507,1787,Rebecca Anderson,brandoncohen@example.com,(277)921-3425x82873,Finance,False
4508,1787,Julie Page,kathleenthomas@example.net,348-706-6787x45140,Procurement,False
4509,1788,Richard Lewis,robert47@example.net,800.954.1850x0675,Finance,False
4510,1788,Crystal Cameron,willie17@example.com,880-251-8980x54574,Finance,True
4511,1788,Joshua Torres,uquinn@example.net,001-710-542-1270x9519,Technical,True
4512,1788,Kyle Romero,jamesrandy@example.com,3697538135,Decision Maker,False
4513,1789,Rodney Miller,nguyenjeanette@example.net,279.724.7974,Technical,False
4514,1789,Chelsea Martinez,michaelandrade@example.org,815-676-0173x523,Finance,False
4515,1789,Chelsea Singleton,ramosapril@example.com,(379)428-8048,Procurement,True
4516,1789,Patrick Cooper,yandrade@example.net,590-537-2758x9561,Procurement,False
4517,1790,David Nelson,ryanbarnes@example.com,624-227-6738,Decision Maker,True
4518,1790,Carlos Sweeney,christopherbowen@example.com,594-454-0519,Finance,True
4519,1791,Michael Ramirez,laura60@example.com,(512)453-9554x593,Finance,True
4520,1791,Robert Riley,daniel73@example.org,992-981-1738,Finance,False
4521,1791,Andrew Coleman,haascathy@example.net,(673)323-7751x6784,Decision Maker,True
4522,1791,John Young,uriley@example.org,5317153310,Decision Maker,False
4523,1792,Cynthia Hernandez,jonathan20@example.org,001-897-456-3085x473,Decision Maker,False
4524,1792,Lori Stark,mary89@example.com,+1-929-637-7540x7733,Technical,False
4525,1792,Michael Murray,buckleyeric@example.net,001-928-370-4472,Decision Maker,True
4526,1793,Kenneth Sullivan,william86@example.com,001-335-392-5772x30316,Finance,True
4527,1793,Elizabeth Walker,georgerodriguez@example.com,6188440750,Finance,True
4528,1793,Jennifer Oconnell,kathleen51@example.org,301.748.2620x2428,Finance,False
4529,1793,William Clarke,aallen@example.net,+1-404-303-8535,Finance,False
4530,1793,Morgan Drake,dmorgan@example.com,+1-325-215-7607x80941,Procurement,True
4531,1794,Gregory Romero,rebeccabryant@example.net,(573)507-4305,Technical,True
4532,1794,Gabriella Werner,rodneycompton@example.org,+1-284-769-1728x1799,Technical,True
4533,1794,Danielle Rowe,stephenwagner@example.com,(552)511-8780x4284,Decision Maker,False
4534,1795,Courtney Williamson,victoriamurphy@example.com,795-599-5229x3958,Decision Maker,True
4535,1795,Amber Cox,invalid_email,001-657-241-3721x75965,Finance,False
4536,1795,Anna Diaz,invalid_email,(627)446-2617x46406,Procurement,False
4537,1796,Mr. Kevin Short,lrobertsonexample.org,+1-310-505-8030x750,Procurement,True
4538,1796,Sylvia Melendez,kylejackson@,(250)985-8216,Finance,True
4539,1797,Samuel Stevens,leahwang@example.net,+1-621-531-9660,Finance,True
4540,1797,Carolyn Jones,keithirwin@example.org,001-781-709-8641,Procurement,False
4541,1797,Beth Mckinney,ghernandez@example.org,(303)520-5794x58675,Technical,True
4542,1797,Bryan Lloyd,ftucker@example.org,+1-455-573-5480,Finance,False
4543,1797,Kevin Ferguson,joshuawatkins@example.com,337-703-2799x1959,Procurement,False
4544,1798,Amy Davis,scottbridges@example.org,(805)649-9795x292,Procurement,True
4545,1798,Craig Martin,ahall@example.com,(461)825-8228x0264,Technical,True
4546,1798,Shannon Farrell,jessicacain@example.org,462.881.3830,Finance,False
4547,1799,James Campbell,rkim@example.org,312.544.9252x3038,Procurement,True
4548,1799,Elizabeth Santana,markclark@example.com,(354)930-6602,Procurement,False
4549,1799,Gabriel James,christopher49@example.org,7543174968,Technical,False
4550,1799,Kayla Thompson,davisamanda@example.com,001-313-791-1478,Technical,False
4551,1801,Kevin Reynolds,johngonzalez@example.net,702.240.8368,Technical,False
4552,1801,Stephen Davis,jacksonsteven@example.org,001-964-847-9405x999,Procurement,True
4553,1802,Toni Petersen,jacquelinetucker@example.org,(583)979-1213x687,Finance,True
4554,1802,Cody Espinoza,chavezdenise@example.net,7424445161,Technical,False
4555,1803,Diana Cook,linda88@example.com,5653324029,Technical,False
4556,1803,Tristan Levy,rodriguezmiranda@example.net,996-831-4365,Finance,True
4557,1803,Jay Foley,kelleyjames@example.org,368-742-4797x46354,Decision Maker,True
4558,1805,Lisa Brown,afinley@example.org,001-671-316-8992x18150,Technical,False
4559,1805,John Spencer,alyssa65@example.net,360.502.0717,Finance,True
4560,1805,Jerome Hernandez,nicholas83@example.com,+1-373-464-2991x66056,Finance,True
4561,1805,Vicki Wade,henry80@example.net,(920)907-7349x31972,Decision Maker,False
4562,1805,Danielle Anderson,deleonrobert@example.org,(536)211-4958,Finance,False
4563,1806,Dale Zimmerman,kathrynbarajas@example.net,+1-993-699-3563,Technical,False
4564,1807,Brian Garcia,dwilliams@example.com,920.906.1268x7097,Procurement,False
4565,1807,Edward Haas,ltaylor@example.net,001-203-302-6843x443,Procurement,True
4566,1809,Katherine Guzman,pyang@example.net,738-305-9587x552,Procurement,True
4567,1810,Lori Avery,kennethmorrisexample.net,924.502.2382,Procurement,False
4568,1810,Belinda Kidd,laurarodriguez@example.com,+1-232-803-5785x0129,Finance,False
4569,1811,Bryan Smith,andreahays@example.net,(728)820-0122x701,Decision Maker,False
4570,1811,Jessica Silva,fowens@example.net,732.612.5230x0397,Procurement,False
4571,1811,William Chambers,miamckenzie@example.org,903.431.5212,Technical,True
4572,1811,Andrew Bailey,invalid_email,493-371-6920x2566,Finance,True
4573,1813,Melissa Skinner,xlopez@example.com,(218)610-0917,Finance,False
4574,1815,Kelly Jensen DDS,wallstimothy@example.net,7684334798,Technical,True
4575,1815,Austin Sanchez,gilberttucker@example.net,234.754.7753x86330,Decision Maker,False
4576,1815,Michael Sullivan,dylansullivan@example.org,493-295-4935,Decision Maker,False
4577,1815,Melissa Turner,longelizabeth@example.org,761.931.6443,Decision Maker,True
4578,1816,Douglas Knox,jerry16@example.org,+1-832-824-6144x7308,Technical,False
4579,1816,Justin Fernandez,bowmanluke@example.net,211.503.5532x502,Finance,True
4580,1816,Richard Rodriguez,wdickerson@example.org,857-696-4874x35148,Decision Maker,False
4581,1817,William Jones,mcbrideamanda@example.net,943.494.1346x9151,Procurement,True
4582,1817,Mr. Joseph Walter Jr.,ylong@example.net,560-679-2303x243,Finance,False
4583,1817,Anthony Harris,tgilmore@example.org,(297)705-1417x021,Procurement,False
4584,1818,Scott York,sarah30example.net,+1-474-503-3798x166,Finance,True
4585,1818,Jamie Whitehead,spencer73@example.org,+1-896-590-0284x5857,Decision Maker,True
4586,1818,Daniel Smith,linda67@example.org,+1-588-967-5872,Decision Maker,False
4587,1818,Nicole Odonnell,stephen13@example.org,2472942436,Procurement,False
4588,1820,Michael Bennett,lawrence37@example.net,915.858.3221x17635,Technical,False
4589,1820,Wesley Wilson,orrjason@example.org,654.585.8111x087,Technical,True
4590,1821,Sherri Wright,brownbrittany@example.org,839-498-4424x48448,Decision Maker,False
4591,1821,Tamara Ellis,gabriellemora@example.com,7906322682,Finance,True
4592,1821,Michelle Davis,hesterangela@example.org,(350)887-6026,Finance,True
4593,1821,Sharon Ortiz,lisa30@example.com,(391)810-0295,Technical,False
4594,1821,James Smith,zcarr@example.com,3028815510,Technical,False
4595,1822,Natalie Wilson,paulsanchez@example.org,(929)854-4252x1496,Procurement,False
4596,1824,Barbara Flores,schmidtkiara@example.net,314-958-4945x27291,Procurement,True
4597,1824,Mary Willis,julie95@example.org,912.937.2825x61311,Procurement,False
4598,1824,Julie Jones,andreajarvis@example.org,+1-938-670-0859,Technical,True
4599,1824,Robert Rhodes,sextonjonathan@example.org,480-748-1393,Finance,True
4600,1824,Amanda Cook,iduffy@example.net,(879)221-1442x98572,Technical,False
4601,1825,Mrs. Barbara Arellano,ashlee17@example.net,444-785-4394x3580,Technical,True
4602,1826,Brittany Koch,reedsara@example.net,634-704-6328,Decision Maker,False
4603,1827,Steven Martin,emilydelgadoexample.org,206-518-2182,Procurement,False
4604,1827,Dr. Robert Kelley,rogersrhonda@example.com,+1-454-611-8632x8252,Technical,True
4605,1827,Dawn Ray,amanda82@example.net,001-390-215-4366,Technical,False
4606,1827,Johnny Smith,bkoch@example.org,517-579-7590x4991,Technical,False
4607,1828,Sylvia Gregory,brandon54@example.com,+1-898-519-0854,Decision Maker,False
4608,1828,Tonya Compton,jenningsdale@example.com,001-358-527-0160x4231,Procurement,True
4609,1828,Jason Lewis,juliemccoy@example.com,+1-900-445-5759x80864,Technical,True
4610,1828,Joshua Hill,foleyrichard@example.net,(821)760-7646x2120,Finance,False
4611,1829,Ronald Gordon,samantharichards@example.net,(245)395-6824x87309,Procurement,False
4612,1830,Tony Young,thomasnicholsexample.net,(621)429-4239x974,Technical,False
4613,1830,Dan Jones,mary08@example.org,+1-490-689-7099x103,Procurement,False
4614,1830,Deborah Williams,ywhitaker@example.net,001-712-734-9045x977,Finance,True
4615,1830,Lori Roberts,jaimeyoung@example.net,(204)280-1468x6691,Procurement,True
4616,1831,David Brooks,matthewsrita@example.com,001-376-258-6440x97028,Technical,False
4617,1831,Austin Shaw,brandon63@example.org,7799847037,Technical,True
4618,1831,Matthew Perez,baileymatthew@example.org,+1-975-253-2028x70078,Finance,True
4619,1831,Monica Sanford,pmorris@example.com,233.999.5923,Technical,False
4620,1831,Carl Floyd,richarddecker@example.org,527.789.3319,Finance,True
4621,1832,Joshua Mccoy,kturner@example.net,333.243.0094,Decision Maker,False
4622,1832,Olivia Miller,ryan16@example.net,566-887-5842x325,Procurement,False
4623,1833,Jean Beasley,seththompson@example.org,252-282-9692x279,Technical,True
4624,1833,Karen Moody,megan17@example.net,720-864-9048x600,Technical,False
4625,1833,Jeffrey Hale,ruben98@example.org,(488)727-9021x788,Decision Maker,True
4626,1833,Rebecca Knight,lbuchanan@,+1-536-590-9774x698,Technical,True
4627,1833,Rhonda Lee,calebpope@example.com,(292)926-6341x721,Procurement,False
4628,1835,William Cherry,tbrown@example.org,+1-333-458-1233,Procurement,True
4629,1835,Travis Cortez,geraldowen@example.org,7336503193,Decision Maker,False
4630,1835,Joseph Ramirez,tmossexample.net,451.335.6537,Procurement,False
4631,1835,Janet Walker,charlesmartinez@example.org,878.670.6098,Decision Maker,False
4632,1835,Holly Wilkins,amandasmith@example.org,001-231-348-2939x73446,Decision Maker,True
4633,1837,Christopher Malone,blynch@example.org,861.572.6413,Technical,False
4634,1838,Sherri Bolton,emily87example.org,513-791-4479x503,Decision Maker,True
4635,1838,Michael Allen,kelsey14@example.org,+1-924-894-2431x29871,Procurement,False
4636,1838,Erin Smith,markskevin@example.com,(410)510-8986,Technical,True
4637,1838,Cynthia Lewis,megan55@example.org,847.975.7534,Procurement,False
4638,1838,Justin Powell,leah58@example.net,7386572102,Technical,True
4639,1839,John Moore,xschneider@example.net,(475)201-5498x952,Finance,True
4640,1839,Brian Horn,walkerkatie@example.org,233-887-2761,Finance,False
4641,1839,Daniel Lee,ronald60@example.org,(669)613-8002x253,Decision Maker,False
4642,1839,Jessica Ward DDS,huffmandarlene@example.com,247.804.7378x31048,Procurement,False
4643,1840,Cynthia Davis,mccarthybonnieexample.net,001-288-322-2977,Technical,True
4644,1840,Paige Brown,rsalazar@example.net,001-660-295-4615,Finance,False
4645,1841,Christine Nguyen,david93@example.org,001-839-994-7489,Technical,True
4646,1841,Vicki Fernandez,eparker@example.org,(796)351-6208,Technical,True
4647,1841,Ruth Hart,nlane@example.com,575-577-5340x3325,Decision Maker,False
4648,1841,Mr. Juan Holden,mitchellturner@example.net,001-889-842-4001x8816,Technical,False
4649,1841,Kendra Palmer,tmcguire@example.org,378.624.3350x2458,Finance,False
4650,1842,Heather Morales,anthonypalmer@example.net,(518)256-3098x762,Decision Maker,True
4651,1842,Lindsay Bell,justingraham@example.com,938.725.9069x2109,Decision Maker,False
4652,1842,William Smith,ldaniels@example.net,992-840-1495x2695,Procurement,False
4653,1843,Michelle Rhodes,uharris@example.net,(534)491-2620x88593,Decision Maker,False
4654,1843,Jeanne Francis,gdixon@example.net,+1-862-656-4490,Technical,False
4655,1843,Sharon Jones,thomas77@example.org,(336)791-4967x798,Procurement,True
4656,1843,Pam Lopez,asullivan@example.org,762.598.1703,Decision Maker,True
4657,1843,Michael Martin,patrickjared@example.org,9877616192,Decision Maker,True
4658,1844,Luis Smith,gonzalezjustin@example.net,001-998-547-8311x42505,Finance,False
4659,1844,Cindy Garcia,patricia27@example.net,+1-985-954-4587x53323,Procurement,True
4660,1844,Julie Howe,ibush@example.com,+1-825-853-3102x71169,Finance,True
4661,1844,Jacqueline Rose,stoutdustin@example.org,415.894.9029x8029,Finance,False
4662,1844,Eric Brennan,wolftheresa@example.net,6683398278,Procurement,False
4663,1845,Roger Howard,tnash@example.org,236-568-5006x9670,Procurement,False
4664,1848,Anita Nguyen,mreed@example.com,+1-288-455-6753x037,Finance,False
4665,1850,Bradley Boone,susan28@example.org,618.761.6013,Finance,False
4666,1850,Olivia Ortiz,fwallace@example.org,281-714-4794x5216,Finance,True
4667,1851,Joe Jones,invalid_email,258.282.2941x26269,Decision Maker,False
4668,1851,Benjamin Mendez,joshua36@example.com,429.733.6338,Technical,False
4669,1851,Vicki Hawkins,dukemichelle@example.net,+1-446-546-1515,Finance,False
4670,1851,Tyler Fuentes,nicolebean@example.net,464.998.0936,Finance,False
4671,1851,Bruce Williams,anthony73@example.net,227.359.7109x28748,Technical,True
4672,1852,Cassandra Hicks,sean81@example.com,+1-291-260-3344x566,Finance,True
4673,1853,Alexander Hart,lutzjoseph@example.com,001-776-772-6739x2971,Technical,False
4674,1853,Emily Estes,washingtonkatherine@example.net,+1-237-842-6165x091,Procurement,False
4675,1853,Tiffany Anderson,deansarah@example.net,684.982.8274,Technical,False
4676,1853,Mitchell Fuller,elizabethmueller@example.net,(366)336-4318,Finance,False
4677,1853,Jacob Lewis,jasonsolis@example.net,001-514-770-9180x474,Finance,False
4678,1854,Allison Williams,larrybarrett@example.org,001-204-996-8303x41555,Procurement,True
4679,1854,Dr. Juan Bauer PhD,lcoleman@example.com,+1-430-404-8010x30671,Technical,True
4680,1856,Colleen Meyers,shannonbrandon@example.net,745.572.3942x142,Technical,True
4681,1856,Shannon Rogers,klinelaura@example.com,(727)963-8724x282,Finance,False
4682,1857,Elizabeth Hicks,duane57@example.org,712.588.3081x8141,Decision Maker,False
4683,1857,Michael Mueller,powerstimothy@example.org,765.610.1442,Technical,False
4684,1857,Henry Clay,david21@example.com,643.319.5620x7082,Technical,True
4685,1858,Jeffrey Ward,andrea12@example.net,001-578-672-9674x9572,Finance,False
4686,1858,Laura Cooper,zcarey@example.com,724.966.6764,Procurement,False
4687,1858,James Schwartz,andrewsmichael@example.org,403-948-3722,Procurement,True
4688,1858,David Thompson,kdavis@example.org,599.856.3931x2695,Technical,True
4689,1859,Lisa Hernandez,hannahtodd@example.org,001-598-862-0399x6672,Decision Maker,False
4690,1860,Melissa James,joshua65@example.org,457.998.1908x391,Technical,False
4691,1860,Chad Gonzalez,troy87@example.net,280-489-8666x47016,Procurement,True
4692,1860,Dawn James,spayne@example.org,2527475799,Procurement,True
4693,1860,Elizabeth George,michael07@example.net,+1-250-707-5150x6087,Procurement,True
4694,1860,Patricia Martin,kevinstuart@example.com,+1-876-791-5526x32487,Decision Maker,False
4695,1862,Dustin Landry,invalid_email,001-896-794-3112x86652,Procurement,False
4696,1862,Jessica Stevenson,yhernandez@example.org,001-272-910-0894,Procurement,True
4697,1862,Christine Gomez,andrewpark@example.com,001-503-890-1403x4571,Finance,True
4698,1863,Robin Vargas,jesus47@example.org,317.462.3354,Decision Maker,True
4699,1863,Andrew Turner,brownmikayla@example.net,239.690.6819x247,Finance,False
4700,1863,Emily Anderson,elizabethguzman@example.org,001-880-364-0849,Finance,True
4701,1863,Antonio Griffin,teresa73@example.net,001-706-770-5643,Procurement,True
4702,1863,Mr. Michael Gomez,zbailey@example.net,(975)738-2592x734,Procurement,True
4703,1864,Sierra Vasquez,ehodges@example.com,849-219-5944,Technical,False
4704,1864,Todd Perez,jeremylong@example.net,349.347.6889x01738,Finance,False
4705,1864,Lisa Webb,michaelperkins@example.org,(729)302-7591,Technical,True
4706,1865,Diane Anderson,oparker@example.net,5708895364,Decision Maker,True
4707,1865,Brent Carroll II,nashmatthew@example.com,001-538-399-6457x555,Decision Maker,False
4708,1865,Mrs. Linda Hahn,lsingh@example.net,+1-610-464-1647x695,Technical,True
4709,1867,Gregory Carter,shawn46@example.org,(678)776-4857,Finance,True
4710,1868,Jennifer Dodson,justintate@example.com,(668)446-8050x8497,Decision Maker,False
4711,1870,Steven Zuniga,lorisweeney@example.com,001-556-750-9606x927,Decision Maker,True
4712,1870,Dennis Short,tjones@example.org,857-572-4182x1807,Procurement,True
4713,1870,Kelly Reynolds,holdenmelinda@example.net,(801)612-7222x92730,Technical,False
4714,1871,Mary Levine,bwilson@example.org,001-832-208-9342x449,Procurement,True
4715,1871,Mark Dunn,gsmith@example.com,001-359-593-6623x9734,Procurement,False
4716,1872,Eric Green,torresjason@example.net,(925)677-2472x7999,Procurement,False
4717,1872,Nicole Vargas,michael25@example.com,001-628-538-9967,Procurement,True
4718,1872,Kaitlyn Schneider,ryoung@example.org,310.748.3075,Technical,False
4719,1872,Steven Carrillo,kylebailey@example.org,659.604.4321x00912,Procurement,True
4720,1874,Tara Bradley,ashley13@example.com,260-924-3626x1014,Technical,True
4721,1874,Robert Bowen,yvonne98@example.net,001-848-688-9820x0575,Finance,True
4722,1874,Marcus Ross,qmullen@example.net,(511)337-0975x8529,Procurement,False
4723,1874,Joshua Reed,deniseholt@example.org,001-563-829-8407x1532,Technical,True
4724,1875,David May,ecampbellexample.org,001-785-394-0053x47324,Decision Maker,False
4725,1876,Gary Cohen,crystalbradley@example.net,(514)284-0792,Finance,False
4726,1876,Toni Evans,connor51@example.net,759-970-9092,Procurement,True
4727,1876,Travis Anderson,usmith@,729-472-5115,Finance,False
4728,1876,Brittany Smith,bsmith@example.net,9783215237,Procurement,False
4729,1879,Laura Cooley,weaverchristopher@example.com,(250)741-0146,Decision Maker,True
4730,1879,Alex Gutierrez,donnaporter@example.com,(513)644-2251x588,Decision Maker,True
4731,1880,Heather Alvarez,jonathanbrown@example.com,616.959.7463x834,Procurement,False
4732,1881,Shawn Durham,jesse94@example.net,535-687-1386,Decision Maker,False
4733,1881,Gregory Robinson,ymartin@example.net,+1-889-438-4055x16354,Technical,True
4734,1882,Miss Emma Morales,ihoover@example.net,(513)901-8823,Technical,True
4735,1882,Melissa Hammond,tonyacantrell@example.org,001-502-977-2433x174,Finance,False
4736,1883,Matthew Diaz,shawnmcconnell@example.org,001-686-403-6946x4230,Finance,False
4737,1883,Christine Melton,ylewis@example.net,997-374-1437,Decision Maker,False
4738,1883,Renee Bell,victormalone@example.org,688-332-3810x456,Decision Maker,True
4739,1883,Dr. Alicia Mendoza DDS,brownlogan@example.org,+1-432-794-7818x3639,Finance,False
4740,1883,Melissa Mejia,caitlin28@example.com,+1-901-492-7874x01156,Procurement,False
4741,1884,Steven Washington,robersonrachel@example.org,260-455-2180x7551,Procurement,False
4742,1885,Justin Bridges,sbrady@example.org,6094879495,Decision Maker,False
4743,1885,Rodney Patterson,gwerner@example.org,001-625-845-1021x355,Procurement,False
4744,1886,Mrs. Rachel Rubio,josephlove@example.com,9399269033,Decision Maker,True
4745,1886,Anthony Montgomery,lisaramirez@example.org,878-648-7234x61724,Procurement,True
4746,1886,John Wiggins,gina25@example.net,979.444.7407,Decision Maker,True
4747,1886,Jacob Mccormick,invalid_email,001-623-886-3852x19824,Finance,False
4748,1887,Ashley Carroll,laura04@example.org,204.683.5110,Technical,False
4749,1887,Lance Wilkins,carterjoel@example.org,+1-449-593-5070,Technical,False
4750,1887,Luis Tran,woodalyssa@example.org,(581)618-1414,Decision Maker,False
4751,1889,John Lopez,carolyn10@example.org,(551)890-3448x26153,Procurement,True
4752,1889,Austin Hamilton,katherine66@example.com,(210)212-1816,Finance,False
4753,1889,Christopher Knight,melanielittle@example.net,7719767465,Technical,True
4754,1890,Michael Young,donnajohnson@example.net,(746)326-4533x94971,Decision Maker,False
4755,1891,Lori Long,jrandolph@example.com,244.746.4968x9386,Finance,False
4756,1891,Anthony Ryan,hannah20@example.org,(290)452-8051x988,Decision Maker,False
4757,1891,James Payne,kelly45@example.com,756.914.6013x6512,Decision Maker,False
4758,1891,Joshua Goodman,onealsarah@example.org,815.334.5887,Procurement,True
4759,1891,Sherry Willis,amyrobinson@,297-379-4829x875,Technical,True
4760,1893,Sheila French,adkinscarlos@example.com,(416)255-4153,Finance,True
4761,1893,Stefanie Marquez DVM,cmiller@example.com,001-441-232-7712x62394,Procurement,True
4762,1893,Brian Brock,gary04@example.org,+1-619-669-6100x784,Technical,True
4763,1893,Heather Morgan,jacksonrhonda@example.net,(778)993-6919x80971,Decision Maker,True
4764,1893,Robert Allen,hhester@example.net,785-235-7930x6485,Technical,False
4765,1894,Catherine Garcia,thorntonsamantha@example.com,513.432.5619x814,Procurement,True
4766,1894,Lisa Drake,sblevins@example.com,(854)315-6464,Procurement,True
4767,1895,Jason Patrick,keith46@example.net,(683)800-2859x55898,Technical,False
4768,1895,Timothy Miller,grace93@example.org,665-482-9743,Finance,True
4769,1895,Emma Knight,stevensbenjamin@example.com,(662)420-2666,Technical,True
4770,1895,Tony Soto,jennifercrane@example.com,328.900.5607,Technical,False
4771,1895,Joshua Hoffman,dawn14@example.net,001-905-321-0402x997,Finance,True
4772,1897,Raymond Shepherd,stanleysolis@example.com,001-825-465-4424x743,Finance,False
4773,1897,Steven Martinez,jonesmichael@example.org,+1-717-909-7534x5104,Procurement,False
4774,1897,Mrs. Jamie Alvarez MD,invalid_email,836.668.5886,Decision Maker,False
4775,1897,Maria Young,margaret40@example.net,(244)836-4937x460,Procurement,False
4776,1898,Jonathan Nguyen,tammy87@example.org,(701)842-9469,Finance,True
4777,1898,Samantha Finley,james22@example.org,700-526-3849x10228,Procurement,False
4778,1898,Jennifer Olsen,craig70@example.net,001-898-447-3347x69793,Decision Maker,True
4779,1899,Christopher Schmidt,craighudson@,960.787.6598x39063,Technical,True
4780,1899,Jennifer Hamilton,mitchelldavid@example.net,597.244.5032x22521,Finance,True
4781,1900,Nicole Swanson,penny44@example.org,(970)617-3464,Decision Maker,False
4782,1901,Ann Gonzalez,emilymccoy@,+1-687-311-3167x002,Technical,False
4783,1901,Daniel Foley,isanders@example.org,001-317-828-1751x99528,Technical,True
4784,1902,Lisa Koch,nicholaswilliams@example.com,588-543-3239,Technical,True
4785,1902,Richard Harris,guerrerojessica@example.com,(827)628-3607x0286,Technical,False
4786,1902,Deborah Weaver,mathewsaaron@example.com,(229)582-0839,Decision Maker,True
4787,1903,Matthew Orozco,bianca56@example.org,001-867-420-9705,Procurement,True
4788,1903,Molly Shaw,michaelvargas@example.org,+1-306-708-4311x8860,Technical,True
4789,1903,Maria King,kimberly78@example.org,319-808-1777x5974,Procurement,True
4790,1906,Brian Caldwell,megan59@example.com,(231)965-2253,Technical,True
4791,1906,Elizabeth Vargas,james33@example.org,(436)995-8136x43473,Technical,True
4792,1906,Bradley Powell,amy01@example.net,001-856-557-4531x89445,Technical,True
4793,1907,Michael Lewis,thompsonnatalie@,424.596.1674x52468,Decision Maker,True
4794,1907,Daniel Chavez,jim68@example.net,793.981.8157x9161,Technical,True
4795,1907,Martin Gomez,gregory08@example.com,001-718-427-2840x52885,Decision Maker,True
4796,1909,Robert Holmes,megan89@example.net,772.372.8498x1642,Finance,False
4797,1909,Joseph Khan,vcampbell@example.org,+1-692-885-9329x981,Decision Maker,True
4798,1909,Sean Williams,bryantrobert@example.org,(503)783-4351,Finance,False
4799,1909,Laura Gonzalez,hannah47@example.com,491-628-1454x666,Finance,False
4800,1910,Julia Barker,debrawood@example.org,(652)621-9248,Procurement,False
4801,1910,Patrick Miller,johndelacruz@,8319730749,Finance,True
4802,1910,Edward Choi,vbaker@example.org,(922)977-0214x44546,Finance,True
4803,1911,Jennifer Edwards,penningtonkaren@example.net,667.992.1093x15042,Technical,False
4804,1911,Donald Austin,twilliams@example.com,+1-241-799-9251x46119,Decision Maker,True
4805,1911,Anthony Smith,richardedwards@example.net,5189344764,Technical,False
4806,1912,Jessica Jefferson,juliehoward@example.org,001-929-254-8961x32484,Finance,False
4807,1912,Juan Barton,juan85@example.org,5268411585,Technical,True
4808,1912,Lisa Oneal,taylormathew@example.com,990-852-2067x925,Finance,False
4809,1914,Kenneth Collins,thomas91@example.com,+1-998-735-6367x34074,Technical,False
4810,1914,Michael Wallace,johnsoncheryl@example.net,(488)508-4749,Decision Maker,False
4811,1915,Dawn Beltran,steven83@example.net,4634213763,Technical,True
4812,1915,Paul Williams,robertarnold@example.net,(261)447-1329,Procurement,True
4813,1915,Richard Contreras,jessestone@example.org,6597947237,Technical,False
4814,1916,Donna Young,ppark@example.com,001-921-399-7397x005,Decision Maker,True
4815,1916,Jason Hess,tramsey@example.net,248.243.7823,Finance,True
4816,1916,Mrs. Nicole Knox,aaron48@example.org,3546138462,Decision Maker,False
4817,1916,Eddie Adams,mcdowelljennifer@example.org,+1-645-456-3818,Technical,False
4818,1916,Walter Wilson,christinele@example.net,+1-281-596-8320,Procurement,False
4819,1917,Betty Malone,esims@example.com,+1-620-655-3128x5299,Technical,False
4820,1917,Jerry Hughes,plee@example.net,001-824-205-4546,Procurement,False
4821,1917,Laura Bean,crystal44@example.org,001-843-396-3463,Finance,True
4822,1918,Hailey Smith,lowejessica@example.net,587-693-4047,Technical,True
4823,1918,William Johnson,melissalee@example.com,+1-370-985-5981x5188,Finance,True
4824,1920,Diana Barnett,waynethomas@example.net,558-752-2309x269,Decision Maker,False
4825,1920,Billy Ross,davisjoseph@example.net,762-309-2075x4168,Decision Maker,False
4826,1920,Cheyenne Brown,rebeccachavez@example.net,+1-864-689-5301x767,Procurement,True
4827,1920,Gail Young,tapiajeffrey@example.org,001-661-745-2251,Decision Maker,False
4828,1920,Joy Stafford,ashleywilson@example.com,615-250-6256,Technical,False
4829,1921,Laura Gibson,cheryl45@example.com,494.683.8689,Finance,True
4830,1921,Joshua Barnett,mauricelara@example.net,+1-413-493-0107,Technical,True
4831,1921,Amanda Castillo,lsmith@example.net,609-312-5482,Finance,False
4832,1921,Omar Holmes,invalid_email,796-471-6668x476,Decision Maker,True
4833,1921,Pamela Bright,boothcindy@example.net,253-770-2118x764,Decision Maker,False
4834,1922,Rhonda Haley,thomasdavid@example.com,518.803.8316,Technical,True
4835,1922,Allison Butler,qdillon@example.org,(434)585-9772x624,Technical,False
4836,1922,David Stanley,jordancolleen@example.com,+1-812-250-7716,Decision Maker,False
4837,1923,Connie Murray,vford@example.org,862.701.5458x149,Decision Maker,False
4838,1923,Andrea Smith,abigail00@example.com,001-281-882-3882x688,Finance,True
4839,1923,Kylie Johnson,mcdowellian@example.com,001-916-335-9835x45072,Decision Maker,True
4840,1923,Sharon Thomas,samuelunderwoodexample.org,001-901-240-5840,Procurement,True
4841,1923,Tracy Hawkins,thomasryan@example.net,842-833-1711x0302,Decision Maker,True
4842,1924,Richard Delgado,sreeves@example.net,371.814.5867x0828,Finance,True
4843,1924,Lori Paul,wperry@example.net,(341)543-6216,Decision Maker,False
4844,1925,Sharon Nguyen,lozanoanthony@example.net,535.208.8390x66440,Technical,False
4845,1926,Stacey Knight,dixonmatthew@example.com,+1-766-221-4739x350,Technical,True
4846,1927,Tiffany Ingram,autumn31@example.org,(360)997-1610x312,Procurement,True
4847,1927,Darrell Smith,william07@example.org,841-689-9205,Technical,True
4848,1927,Teresa Diaz,ruizteresa@example.com,3285250475,Technical,True
4849,1928,Linda Meyers,valenzuelamark@example.org,(543)734-1268,Technical,False
4850,1929,James Watson,jessica55@example.org,001-761-627-4388x44331,Decision Maker,False
4851,1929,Philip Rivas,gabrielhampton@example.com,7866400570,Procurement,True
4852,1929,Justin Bowen,angela64@example.org,(840)725-9853,Technical,True
4853,1931,Haley Price,maria73@example.net,001-992-541-6473x715,Decision Maker,True
4854,1931,Gregory Suarez,lwebb@example.com,388-380-0116x6755,Technical,True
4855,1931,Cory Davis,robinhuynh@example.net,413-286-9572,Decision Maker,False
4856,1932,Gail Morgan,sylviadavis@example.net,984-832-7865x0516,Technical,False
4857,1932,Tina Ford,armstrongkimberly@example.org,491-760-7998x6969,Decision Maker,False
4858,1932,Mark Delgado,ymora@example.org,4769403828,Decision Maker,True
4859,1933,Marvin Roberts,tammyspencer@example.org,(463)340-8969x3685,Decision Maker,False
4860,1934,Richard Williamson,invalid_email,001-476-401-3194x21016,Procurement,False
4861,1934,Diana Jones,xtucker@example.net,(790)679-5877x3150,Decision Maker,True
4862,1934,Kelly Chan,hhill@example.org,432-967-0687x21034,Procurement,False
4863,1934,Timothy Soto,bjonesexample.com,+1-912-532-5369,Technical,False
4864,1934,Arthur Adams,sramirez@example.org,(834)944-4891x814,Technical,True
4865,1935,Rebecca Richardson,espinozaandrew@example.net,691-756-6793x6321,Decision Maker,False
4866,1936,Rachel Shaw,samantha25@example.net,286.302.2031x715,Technical,True
4867,1936,Suzanne Sanchez,kristinataylor@example.net,001-208-754-4388x90627,Technical,False
4868,1936,Katelyn Cain,benjamin54@example.com,770-949-8153,Decision Maker,True
4869,1937,Maureen Tran,gkirk@example.net,001-996-855-4493x52992,Decision Maker,False
4870,1937,Walter Zhang,gonzalezjames@example.org,678-437-9943x94631,Technical,False
4871,1937,Diana King,acastillo@example.net,(668)610-9502,Technical,False
4872,1937,Doris Gilbert,parkerpaul@example.net,+1-660-748-9509x34383,Technical,False
4873,1937,Tracy Dean,smithcarrie@example.org,001-398-992-7522x37001,Procurement,False
4874,1938,April Payne,ybrown@example.net,9605020250,Technical,True
4875,1938,Jennifer Sweeney,jennifer20@example.com,001-848-449-5529x30599,Technical,True
4876,1938,Tyler Padilla,kevinjoseph@example.com,001-379-346-0500,Decision Maker,False
4877,1939,Lindsey Garcia,victoria80@example.com,419-243-7042x11583,Procurement,False
4878,1939,Roy Newman,perrybryce@example.org,866.422.7161,Finance,True
4879,1940,Dr. Elizabeth Freeman,dnguyen@example.com,001-452-795-9263x855,Procurement,True
4880,1940,Julia Abbott,kmiles@example.net,(706)923-0225x8910,Technical,False
4881,1940,Curtis Pearson,campbellbreanna@example.com,001-505-828-8462x6173,Finance,False
4882,1940,Dawn Wong,ychang@example.org,001-853-616-3523,Finance,True
4883,1940,Thomas Ray,charles30@example.net,634-930-3645x97383,Finance,False
4884,1942,Juan Marshall,dianedavis@example.com,(685)512-6807x565,Procurement,True
4885,1942,Angela Lang,erica59@example.com,436.369.5972x3285,Procurement,False
4886,1942,Sharon Valentine,yschmidt@example.net,+1-228-687-0109x06632,Decision Maker,False
4887,1942,Dean Neal,raymondsmith@example.net,796.499.1512x4349,Procurement,False
4888,1943,Kristine Johnson,timothy77example.net,001-515-719-3789x68188,Finance,False
4889,1944,Nicole Gonzalez,michelle47@example.com,001-886-892-4383x787,Finance,False
4890,1944,Jeffery Knight,markhenderson@example.org,+1-925-978-4818x151,Procurement,False
4891,1944,Luke Combs,briggsjon@example.com,805.585.3115,Procurement,False
4892,1945,Laura Hudson,dnelson@example.org,001-757-353-8653x8053,Technical,True
4893,1946,Nathan Ramirez,cynthia41@example.net,(261)629-0025x6520,Technical,False
4894,1948,Kristie Jackson,sherriwiley@example.org,342.784.4538,Finance,True
4895,1948,Wesley Briggs,zwhitney@example.com,421.885.5503x8322,Technical,False
4896,1948,Brian Hall,cummingssarah@example.com,249-886-4629,Procurement,False
4897,1948,Jordan Reynolds,kimberly54@example.org,434.717.4986,Procurement,False
4898,1948,Samantha Castro,ritawhite@example.org,001-978-669-7219x149,Technical,True
4899,1949,Ashley Miller,cody08@example.org,814-700-7359x9894,Technical,True
4900,1950,Charles Lara,aprilholland@example.org,001-421-998-2908x91946,Technical,True
4901,1950,Patrick Webster,lking@example.com,490-464-0354x4482,Procurement,True
4902,1950,Sean Smith,uscott@example.net,548-308-6438,Technical,True
4903,1950,Jessica Stevenson,edwardbauer@example.org,(775)353-3044x2888,Decision Maker,False
4904,1950,Stephen Berg,lhawkins@example.net,(781)790-7810x768,Decision Maker,False
4905,1951,Brenda Hoffman,salazardavid@example.org,(435)805-4245,Procurement,True
4906,1951,Alexandra Mills,hwhite@example.org,(523)409-4949,Technical,True
4907,1951,Melissa Norris,valdezjaime@example.net,214.448.2696,Technical,True
4908,1952,Erik Hawkins,catherine28@example.net,(910)998-5317,Decision Maker,True
4909,1952,Anna Johnson,chungdarlene@example.net,8897315116,Technical,False
4910,1952,Miss Hailey Collins,jperry@example.net,623.314.0020,Decision Maker,False
4911,1952,Jennifer Johnson,susan64@example.org,(614)776-5143x0344,Procurement,True
4912,1954,Alexandra Charles,samanthaterry@example.com,982-396-8615x999,Procurement,True
4913,1954,Nicholas Williams,shellysanchez@example.com,849.851.8868x460,Technical,True
4914,1954,Paula Woodard,michelle28@example.com,431-883-2324x5722,Technical,False
4915,1954,Jade Gill,hectorrobertson@example.net,(303)341-2187x6951,Finance,False
4916,1954,Douglas Reynolds,wgardner@example.com,(501)583-1406x213,Technical,False
4917,1955,Alan Lewis,allisonmichelle@example.com,001-368-614-4416x9845,Procurement,False
4918,1955,Aaron Ochoa,kelliferguson@example.com,347.741.6320x8996,Procurement,False
4919,1955,Robert Walsh,seanthomas@example.org,+1-720-934-6155x9305,Technical,True
4920,1955,James Thomas,stephensondavid@example.org,(402)977-0364x033,Technical,False
4921,1956,Troy Wood,xramirez@example.com,(565)559-6391,Decision Maker,False
4922,1956,Russell Nguyen,obruce@example.org,(778)815-5905,Decision Maker,False
4923,1957,Clayton Chen,jamie09@example.net,(560)367-4554x0835,Technical,True
4924,1957,Colleen Waters,mlopez@example.org,(226)426-6924x24738,Procurement,True
4925,1959,Justin Johnson,jonathanmason@example.com,001-924-327-8441x2486,Decision Maker,True
4926,1959,Susan Martin,timothyfuller@example.net,(247)327-5391x979,Decision Maker,False
4927,1959,Heather Gomez,tprice@example.net,233-269-5014x221,Technical,False
4928,1959,Brandon Arnold,anthonyjackson@example.net,001-845-256-8073x371,Decision Maker,True
4929,1960,Danielle Harris,bburns@example.com,+1-797-866-5511,Finance,False
4930,1960,Jeffery Juarez,bridgesmichael@example.com,(556)583-5173x392,Decision Maker,True
4931,1961,Taylor Soto,ewright@example.com,948-636-0546x91978,Decision Maker,True
4932,1961,Erica Rich,njohnson@example.com,877.494.2953x6398,Technical,True
4933,1961,Barbara King,invalid_email,751.662.2556,Technical,True
4934,1961,Kenneth Walters,joshua32@example.org,+1-556-260-6336x366,Procurement,True
4935,1961,James Reed DDS,gsmith@example.org,9802199136,Procurement,True
4936,1964,Preston Compton,kjackson@example.net,986-968-3507x972,Technical,False
4937,1964,Tiffany Rosario,larsonerin@example.net,986.860.7981x69586,Decision Maker,False
4938,1964,Lisa Noble,tannercardenas@example.net,926.805.7287,Technical,False
4939,1965,Kurt Yang,arobinson@example.org,336.957.4238,Finance,False
4940,1965,Patricia Scott,emorton@example.com,380.346.4219x82840,Technical,False
4941,1966,Jason Carey,invalid_email,2203284882,Technical,False
4942,1966,Stephanie Blankenship,kweeks@example.com,393-325-6234,Procurement,False
4943,1966,Keith Jarvis,lopezjesse@example.org,(619)305-8890,Finance,False
4944,1966,Aaron Graves,kray@example.com,817.812.4240,Technical,False
4945,1966,Alyssa Campbell,krausestephanie@example.net,209-661-1059x491,Decision Maker,False
4946,1967,Benjamin Burton,reedchristina@example.net,+1-407-579-6192x831,Decision Maker,True
4947,1967,John Vargas,lee02@example.com,001-431-948-9213x253,Finance,False
4948,1967,Jodi Christian,drakedustin@example.com,958.452.3193,Decision Maker,True
4949,1967,Timothy Boyd,daniel58@example.com,001-704-978-8997x8828,Finance,True
4950,1967,Nathaniel Shields,dawn56@example.net,(241)280-9355x7658,Procurement,False
4951,1968,Angela Santos,jeffrobinson@example.net,229-458-0809x2273,Finance,False
4952,1968,Corey Schneider,zrodriguez@example.net,(755)397-8431,Decision Maker,True
4953,1968,James Coleman,amygreene@example.net,(901)334-0004x19222,Finance,True
4954,1969,Pamela Porter,karen03@example.net,(686)447-2036,Decision Maker,False
4955,1969,Jessica Keller,adominguez@example.com,9124981753,Decision Maker,True
4956,1969,Jessica Mcclure,twilliams@example.com,693-605-8000x9637,Finance,True
4957,1969,Victoria Brooks,nancy01@example.net,761.508.4682,Technical,True
4958,1969,Jason Nguyen,cindy56@example.com,(751)527-7604x076,Technical,False
4959,1970,Peter Lambert,mcdonaldryan@example.org,272-828-6720,Technical,True
4960,1970,Martin Arnold,patricia01@example.org,590-307-3872,Finance,False
4961,1970,Sean Brown,patelmichael@example.org,416-877-1656x8596,Technical,False
4962,1971,Michael Johnson,benjaminsavage@example.net,(672)850-5154x07060,Procurement,True
4963,1972,Cynthia Lee,davispaul@example.com,348-386-5868x3745,Finance,False
4964,1974,Nicole Hansen,simmonscolin@example.net,427-282-8136,Finance,False
4965,1974,Kurt Martin,traceytorres@example.com,(898)229-7424,Procurement,False
4966,1974,Mark Harper,sandra45@example.net,+1-716-525-5398,Finance,True
4967,1975,Daniel Moore,andersonwilliam@example.net,900-379-4923x63583,Finance,False
4968,1975,Victoria Jones,thomashunter@example.net,+1-746-907-8475x7038,Procurement,False
4969,1975,Alexis Wood,stevenlee@example.org,506-615-7937x5347,Finance,True
4970,1976,Sharon Lindsey,xhall@example.org,509-833-1607,Procurement,False
4971,1976,Jennifer Jennings,angelicajohnson@example.net,(500)640-9267x560,Finance,False
4972,1976,Ashley Wagner,carnold@example.net,402.363.0218x514,Finance,False
4973,1976,Vincent Phillips,maria46@example.com,606.296.8271,Decision Maker,True
4974,1977,Chelsea Hoover,zwilliams@example.net,+1-466-734-6836x78695,Technical,True
4975,1978,Mark Wade,williamswilliam@example.net,(700)669-6758,Decision Maker,True
4976,1978,Patrick Soto,huffmandamon@example.org,001-835-531-8609,Procurement,False
4977,1979,Morgan Hampton,luis39@example.org,249.367.3081x015,Decision Maker,True
4978,1979,Dana Arnold,donovansheri@example.net,(974)481-8428x47442,Finance,True
4979,1982,John Hester,deanmatthew@example.org,001-342-809-8376x136,Finance,True
4980,1983,Wanda Martin,justin88@example.com,(257)586-9409x278,Decision Maker,True
4981,1983,Desiree Weaver,dunnanne@example.com,261.532.0655x8681,Procurement,False
4982,1984,Jerry Hammond,ttucker@example.com,526.351.8062x73875,Finance,False
4983,1984,William Noble,mariathompson@example.org,417-354-6228x013,Finance,False
4984,1985,Joshua Hernandez,jonathan61@example.net,2436748628,Finance,False
4985,1986,Samantha Decker,phillip59@example.net,(867)661-9151,Finance,False
4986,1986,Christina Brown,brandon34@example.org,376.438.8356,Finance,True
4987,1986,Shawn Miller,xharrison@example.org,573-737-8776x04543,Procurement,False
4988,1986,Amanda Lopez,dominiquebaker@example.net,588-465-2648x154,Decision Maker,True
4989,1988,William Miranda,baileyadam@example.net,909-598-4827x7817,Technical,True
4990,1988,Andrew Ayala,peggycollins@example.org,(450)651-6792,Decision Maker,True
4991,1988,Brian Day,kelleychristine@example.com,001-320-858-6589x66728,Procurement,True
4992,1988,Michael Moreno,bmendez@example.com,658-470-6718x78992,Decision Maker,False
4993,1988,Amanda Young,shudson@example.com,285.717.5227x86448,Technical,True
4994,1990,Paula Gonzalez,mary15example.org,989-298-4508,Finance,False
4995,1991,Daniel Ramsey,henrysamantha@example.org,(693)929-0780x053,Decision Maker,True
4996,1991,William Harrington,jennifer39@example.com,255-981-0537x55644,Decision Maker,False
4997,1991,Emily Willis,garrett42@example.net,(572)595-4144x92974,Procurement,False
4998,1992,Douglas Richardson,robertryan@example.net,991-421-3390x5912,Procurement,False
4999,1992,Eric Rose,katrinabradford@,(844)542-9767x1044,Finance,True
5000,1992,Mark Greene,jholland@example.com,+1-536-983-4194x0982,Finance,True
5001,1992,Mr. Chad Little,invalid_email,227-722-9094x3195,Finance,True
5002,1996,Meghan Clark,greg50@example.net,611.885.9760x127,Technical,False
5003,1996,Amanda Davis,whitelaura@example.org,001-346-562-8343x214,Finance,False
5004,1996,Gary Wood,triciathomas@example.com,+1-744-818-5661x461,Procurement,False
5005,1996,Melissa Cannon,jasonoconnell@example.net,+1-498-618-1912,Procurement,True
5006,1997,Claire Mathis,grahamaaron@example.org,709-951-0661x377,Technical,True
5007,1997,Denise Graves,michaelnolan@example.com,001-513-724-5518,Decision Maker,True
5008,1997,Jeffrey Bowers,michael60@example.com,961-285-1606,Procurement,True
5009,1998,Kenneth Berry,fischersusan@example.org,(255)586-2507x79954,Technical,True
5010,2000,Kristine Sanchez,kennethcordova@example.net,(746)316-1993,Procurement,True
5011,2002,Daniel Miller,karinabaker@example.com,(417)308-9030x5778,Finance,False
5012,2002,Amy Griffin,mendozapeter@,551-531-3894,Technical,True
5013,2002,Bryan Mason,newtonmonica@example.com,966.217.4361x5258,Decision Maker,True
5014,2003,Mallory Shaw,smaynard@example.com,656-712-2533x31002,Decision Maker,True
5015,2004,Nicole Shannon,katie04example.com,801-606-0066,Technical,False
5016,2005,Kyle Soto,elliscody@example.net,(689)265-1474x64885,Procurement,False
5017,2005,Robin Graham,hillrobert@example.com,001-831-961-5838x4325,Finance,False
5018,2005,Barbara Mcdonald,scottcooper@example.net,+1-986-508-7177x95509,Decision Maker,True
5019,2005,Jennifer Joyce,jonescarlos@example.com,+1-800-551-8316x86652,Procurement,True
5020,2006,Seth Montes,cdonaldson@example.net,001-246-681-8689x71922,Finance,False
5021,2007,Audrey Hernandez,nmiller@example.com,622-814-6180x105,Finance,False
5022,2007,Ethan Smith,jayrhodes@example.org,+1-960-537-1122x56928,Decision Maker,True
5023,2007,April Hawkins,graychristopher@,529.988.1692x86017,Decision Maker,True
5024,2007,Michael Sanchez,maria76@example.org,001-428-818-5444x749,Decision Maker,False
5025,2008,Sara Bryan,kingmelanie@example.org,(656)816-1243,Decision Maker,True
5026,2008,Robert Rose,sotoelizabeth@example.com,+1-296-643-7844x1566,Technical,True
5027,2009,Jill Marks,invalid_email,446-244-6014x1357,Procurement,True
5028,2009,Shane Gordon,smithmelinda@example.net,249-657-5219x76560,Technical,True
5029,2009,Kimberly Cunningham DVM,amanda63@example.org,(659)309-6117x71240,Finance,False
5030,2010,Harry Henson,daviddavis@example.com,3714489411,Decision Maker,True
5031,2010,Michele Jones,xbraun@example.org,313.711.4829,Decision Maker,False
5032,2010,Michelle Crawford,mary35@example.net,321.915.5690,Decision Maker,True
5033,2010,Nancy Pena,thomaskevin@example.org,524.444.1783x3763,Decision Maker,False
5034,2011,Elizabeth Adkins,melissaruiz@,911-648-2850,Decision Maker,True
5035,2012,Jennifer Gonzales,amanda81@example.com,586-254-7569,Procurement,True
5036,2012,Chris Hernandez,michellevaughn@example.org,931.262.5615x9958,Procurement,True
5037,2012,Richard Jackson,marquezmarcus@example.com,229-234-6319x04111,Procurement,False
5038,2013,Michael Murray,hamiltondavid@example.net,+1-782-781-2552x300,Decision Maker,False
5039,2013,Linda Dickerson,kelsey70@example.net,(251)953-8970,Procurement,False
5040,2013,Shane Waller,smithalison@example.net,6623102760,Procurement,False
5041,2013,James Hernandez,lisarichards@example.org,301.728.4962x49190,Finance,False
5042,2014,Ashley Owens,jasoncunningham@example.com,(730)604-4894x40670,Finance,False
5043,2014,Felicia Franklin,parksanna@example.net,614.232.6091x60098,Technical,True
5044,2014,Carl Francis,vcole@example.org,854-445-9062x2289,Procurement,True
5045,2014,Michael Willis,jacksonjoshua@example.com,+1-743-672-1993x19345,Procurement,True
5046,2016,Deborah Hernandez DDS,meganwhite@example.net,9173016875,Decision Maker,False
5047,2016,Glenn Pratt,prattbrett@example.net,417-219-2776,Finance,False
5048,2016,Michael Cook,lori28@example.net,(526)969-3464x240,Procurement,False
5049,2016,Sharon Lewis,smithvirginia@example.org,+1-719-940-8282x67445,Finance,True
5050,2017,Matthew Smith,kathleen45@example.net,001-666-315-1824,Procurement,False
5051,2017,Sheila Holden,whitepatrick@example.org,655-796-7096x575,Procurement,True
5052,2018,Angela Wall,annette05@example.org,653.840.8021x9586,Technical,True
5053,2018,James Jennings,kyle66@example.com,001-937-699-3828x709,Technical,False
5054,2018,Amy Donovan,hsloan@example.com,557.942.2437x4622,Finance,False
5055,2019,Mrs. Jennifer Jones,amber73@example.com,5935973264,Finance,True
5056,2020,Thomas Reid,juliaroman@example.org,5978266704,Technical,True
5057,2020,Alex Vance,bglass@example.com,001-635-224-1913,Technical,False
5058,2021,Mackenzie Ross,brian08@example.org,+1-922-401-4162,Technical,True
5059,2021,Kari Smith,williamsvalerie@example.net,001-358-434-6819x1560,Finance,False
5060,2021,Robert Baird,kparker@example.org,(976)314-3456,Procurement,False
5061,2021,Cathy Johnson,hailey87@example.net,001-962-389-9992x438,Procurement,True
5062,2021,Steven Galloway,rodgersamy@example.org,621.362.4707,Finance,False
5063,2022,David Mcguire,kaylee99@example.net,001-532-876-7520x02735,Technical,True
5064,2022,Samantha Shelton,baileyalyssa@example.net,798.842.5087x124,Procurement,True
5065,2022,Patricia Williams,alexisbarr@example.com,724.351.1985x33170,Finance,False
5066,2022,Kathryn Ford,linda26@example.com,890-525-6618,Decision Maker,False
5067,2023,Tommy Kelly,jennifernavarro@example.net,378.451.6955,Technical,False
5068,2024,David Jackson,carolinecarlson@example.org,+1-897-697-3891x488,Finance,False
5069,2024,John Crawford,andrew53@example.net,397-822-3067x077,Decision Maker,True
5070,2024,Michael Jones,jenniferwright@example.net,+1-596-217-1211,Decision Maker,True
5071,2024,Heather Cox,xrivera@,(274)642-5531,Decision Maker,False
5072,2025,Howard Novak,sara51@example.com,(442)745-6657x25610,Technical,True
5073,2025,Curtis Anderson,kimberly74@example.org,001-849-585-1387x446,Procurement,False
5074,2025,Shaun Phillips,goodwinmichael@example.org,001-403-225-2500,Technical,False
5075,2026,Alicia Green,kayla43@example.org,(503)476-7569x2773,Technical,True
5076,2026,Kevin Hall,christinaholland@example.net,7786237167,Decision Maker,False
5077,2026,Gina Wood,colinarmstrong@example.org,(642)349-8105x17464,Decision Maker,True
5078,2027,Crystal Aguirre,jeffrey00@example.net,398.914.8343x06524,Finance,False
5079,2028,Michael Nguyen MD,xhopkins@example.net,4487994230,Decision Maker,True
5080,2029,Caleb Turner,kpark@example.net,+1-200-572-2549x5227,Decision Maker,True
5081,2029,Reginald Lamb,amanda24@example.org,772-372-3386x3092,Finance,True
5082,2029,Stephanie Edwards,rmills@example.net,+1-854-216-6978x5024,Decision Maker,True
5083,2029,David Figueroa,bklein@example.net,763-359-2819x23620,Technical,True
5084,2030,Christine Robbins,reesejulie@example.org,+1-218-907-6690,Technical,True
5085,2031,Kimberly Wallace,timothy58@example.net,+1-777-345-5113x1645,Technical,True
5086,2031,Lori Gomez,kharris@example.net,001-476-945-1061x0212,Decision Maker,False
5087,2031,Alyssa Sanders,diane67@example.org,+1-530-663-9476x749,Technical,False
5088,2033,James Franklin,brandon50@example.com,3778417473,Technical,False
5089,2034,Caroline Payne,diane63@example.com,(663)951-4551x91696,Procurement,True
5090,2034,Zoe Dean,cking@example.org,+1-693-637-8350,Procurement,False
5091,2034,Kristen Perkins,andrea21@example.org,4253574959,Finance,False
5092,2035,Kathryn Frye,invalid_email,566-480-2470x630,Procurement,True
5093,2035,Carla Delacruz,douglasweaver@example.org,+1-357-583-9554,Finance,False
5094,2035,Brett Lopez,serranojoshua@example.org,+1-914-736-0724x48513,Decision Maker,True
5095,2036,Lisa Gomez,ellenlewis@example.net,(928)324-6741x39868,Finance,False
5096,2036,Stacy Lee,woodsjulia@example.org,001-463-331-1495x50629,Finance,False
5097,2036,Benjamin Jensen,rachel25@example.org,(466)353-3288,Procurement,True
5098,2036,Sean Patterson Jr.,williamsontammy@example.com,001-344-884-1574x71656,Technical,False
5099,2037,Jenna Ingram,sbarrera@example.net,348.864.2956x559,Technical,True
5100,2037,David Galloway,vhood@example.org,(510)459-5772x50472,Procurement,True
5101,2037,Samantha Schmidt,samantha68@example.net,863-987-1752x81260,Procurement,True
5102,2037,Jorge Miller,robert43@example.org,584.241.7387,Decision Maker,False
5103,2039,Anna Thornton,whitesara@example.com,4276515213,Finance,True
5104,2040,David Barton,james34@example.net,001-583-821-3639,Finance,True
5105,2040,Amy Kim,kayla38@example.org,(511)377-6851x300,Procurement,True
5106,2042,James Rodriguez,turnerjulia@example.com,+1-208-585-3069,Decision Maker,True
5107,2043,Alicia Atkins,bradleymartinez@example.org,(291)740-9061x53749,Procurement,True
5108,2043,Kayla Porter,woodmatthew@example.org,391-557-6656x97322,Decision Maker,True
5109,2044,Richard Gomez,morganmanning@example.com,+1-294-847-7695,Technical,False
5110,2045,Teresa Stone,christina26@example.com,(392)554-9423x58259,Procurement,True
5111,2045,Mark Brown,dawn62@example.net,301-893-1185,Decision Maker,True
5112,2045,Glenn Walters,hutchinsonlevi@example.com,001-970-943-7387,Procurement,False
5113,2045,Patricia Dixon,hhowe@example.org,(540)764-9622,Decision Maker,True
5114,2046,Sean Weaver,bernard92@example.com,(569)824-6042x817,Procurement,False
5115,2046,Thomas Sellers,heather89@example.net,(830)812-8238x2642,Procurement,True
5116,2047,Lisa Travis,zgonzalez@example.net,001-431-740-5226x24230,Decision Maker,False
5117,2047,Michael Higgins,manuelhernandez@example.org,6796943210,Finance,False
5118,2047,Sheila Anderson,jerry28@example.org,505-297-7717,Procurement,False
5119,2047,Kenneth Hull,teresawoods@example.com,(298)389-7364x251,Decision Maker,False
5120,2048,Michael Brown,donna16@example.org,+1-708-523-8425x681,Procurement,True
5121,2048,Cameron Hampton,michellebrown@example.net,+1-765-825-1205,Decision Maker,True
5122,2048,Laura King,april58@example.net,716.570.4412x86761,Finance,False
5123,2049,Elizabeth Arroyo,tayloramy@example.net,001-749-229-7289x27792,Technical,True
5124,2050,Cheryl Davis,eddie95@example.org,893.374.7920,Finance,True
5125,2050,Rachel Brown,thernandez@example.org,229-414-2784x726,Decision Maker,True
5126,2050,Gabriel Obrien,tadams@example.com,(727)875-5307x5541,Technical,False
5127,2050,Adam Jackson,gibsonroberto@example.com,001-851-856-3636x420,Procurement,False
5128,2050,Laura Leach,invalid_email,001-450-353-0585x85273,Finance,True
5129,2051,Jason Jones DDS,brandonarnold@example.com,601.404.1271,Technical,False
5130,2051,Debra Schultz,mmarquez@example.com,001-266-626-9001x2582,Technical,False
5131,2052,Jeffrey Morton,zward@example.com,(575)404-3288x11447,Procurement,True
5132,2052,Amy Johnson,csolomon@example.com,001-818-598-0754x19343,Finance,True
5133,2052,Mrs. Megan Collins DVM,tracie68@example.net,(783)633-4135x81958,Procurement,False
5134,2052,Kevin Garcia,evelynhoward@example.com,519.614.9430,Finance,True
5135,2052,Jeanette Washington DDS,george55@example.org,729-674-6860,Procurement,False
5136,2053,Dean Shannon,christinamorales@example.com,+1-594-741-1528x095,Finance,True
5137,2053,Cody Sanders,dfoster@example.com,399-561-2857,Decision Maker,False
5138,2053,Sarah Miller,joseph07@example.org,616-705-9541,Decision Maker,False
5139,2053,Brendan Huang,pharris@example.com,(624)309-7087x7591,Technical,False
5140,2053,Leah Watson,robinsonwilliam@example.org,+1-394-378-8121x1444,Technical,False
5141,2055,Nicole Parsons,james63@example.com,(212)268-3261x35792,Decision Maker,True
5142,2055,Carrie King,vyoung@example.com,396.454.3389,Decision Maker,True
5143,2056,Kevin Henry,austinsalazar@example.net,(563)990-9019x797,Procurement,True
5144,2056,John Thomas,jwilliams@example.net,428.447.4450x7553,Procurement,False
5145,2056,Jeremy Williamson,billywalsh@example.com,(833)629-5971x7905,Technical,True
5146,2056,Juan Bennett,katrinaarellano@example.net,001-770-952-7191,Procurement,True
5147,2057,Elizabeth Miller,lauriewilliams@example.com,448.948.5400x483,Finance,True
5148,2057,Anne Atkins,salazarbrian@example.com,7238209580,Procurement,False
5149,2057,Amy Hodges,xclementsexample.net,2663280220,Finance,False
5150,2059,Taylor Patterson,brittany74@example.net,623-979-3073x58565,Decision Maker,False
5151,2059,Rebecca Cox,allisonhorton@example.com,783-439-1486x424,Technical,True
5152,2059,Sherry Pratt,mckaytamara@example.net,386.954.2436x8048,Finance,False
5153,2060,Steve Young,epotter@example.com,(614)313-0043,Finance,False
5154,2061,Mary Smith,stephaniebenderexample.com,001-206-662-9630,Finance,False
5155,2061,Virginia Little MD,ryandonald@example.com,545-869-4431x203,Decision Maker,True
5156,2061,Lisa Sanchez,nmartin@example.net,001-799-321-5856x4603,Decision Maker,False
5157,2062,Victoria Willis,nhayes@example.com,(493)208-5020x65374,Technical,True
5158,2062,Krista Avery,bhouse@example.net,9093583980,Decision Maker,True
5159,2062,Matthew Frey,murphybrenda@example.net,281.527.7861,Decision Maker,True
5160,2062,Timothy Evans,gonzalezkenneth@example.com,298.526.0212,Finance,False
5161,2062,Amy Potter,nicholas18@example.net,001-310-904-6044,Decision Maker,True
5162,2063,Patrick Blackwell,baldwindouglas@example.org,001-746-214-6567,Decision Maker,False
5163,2064,Joseph Hunt,egaines@example.org,001-535-847-3937x19392,Decision Maker,True
5164,2064,April Butler,rebecca45@example.net,993.534.8855x2095,Finance,True
5165,2064,Beth Davenport,wramos@example.org,(524)790-1640x0045,Technical,True
5166,2064,Logan Cuevas,alexis49@example.org,340.888.3571x9702,Finance,True
5167,2065,Eugene Gutierrez,james32@example.org,721-323-0262,Procurement,True
5168,2065,Mark Abbott,charleshicks@,(764)678-0858x74520,Decision Maker,False
5169,2066,Dana Torres,james98@example.net,725-463-9605x44458,Procurement,False
5170,2066,David Jones,amanda90@example.net,001-344-470-8426x25351,Technical,True
5171,2067,Pamela Gomez,amy90@example.org,+1-498-798-6395x68470,Technical,False
5172,2067,Walter Maldonado,timothysimon@example.org,568-525-6463x700,Technical,False
5173,2068,Carla Hoffman DDS,kschmidt@example.net,001-269-300-6633,Procurement,True
5174,2069,John Johnson,millercarolyn@example.org,606-239-7608,Finance,True
5175,2069,William Crawford,jessica24@example.net,959.238.0458,Technical,True
5176,2070,Michael Murphy MD,odonnellstephanie@example.com,+1-263-360-3593,Procurement,True
5177,2071,Melissa Colon,ulee@example.com,(965)730-0004x3704,Procurement,False
5178,2071,Louis Boyd,aray@example.com,+1-528-707-4239x703,Finance,False
5179,2071,Melissa White,cindy24@example.net,001-521-918-7103x19557,Finance,False
5180,2071,Susan Higgins,samuel92@example.net,849-821-6492x31024,Technical,True
5181,2071,Joel Thompson,englishdevin@example.org,001-605-466-0926x8040,Finance,True
5182,2072,Monica Guerra,corey74@example.net,(620)665-1932,Decision Maker,False
5183,2073,Ronald Foster,johnsmith@example.com,+1-973-294-2386,Finance,False
5184,2073,Linda Wiggins,megangarcia@example.org,3673075167,Technical,True
5185,2073,Stephen Smith,sean91@example.org,+1-289-901-2591x070,Technical,True
5186,2074,Brent Ayala,audreylin@,+1-801-703-6966x01542,Finance,True
5187,2074,Kristen Strickland,annharris@example.com,001-471-236-1805x4605,Technical,True
5188,2074,Gregory Robles,xbridges@example.net,+1-899-466-0441,Decision Maker,True
5189,2074,Dawn Henry,laura18@example.com,265-748-1062x783,Procurement,True
5190,2074,Michael Beltran,glenda72@example.com,7546495878,Procurement,False
5191,2075,Raymond Cook,catherine78@example.com,001-280-703-4108x4629,Finance,True
5192,2076,Doris Lewis,michael42@example.net,+1-378-385-4089x213,Decision Maker,False
5193,2077,Anthony Thompson,jamesjohnson@,(345)625-5137,Procurement,True
5194,2077,Stanley Sanchez,ylopez@example.net,001-479-409-9707,Procurement,True
5195,2077,Nathan Scott,taylorbradley@example.com,(405)598-5364x685,Technical,True
5196,2077,Carrie King,clinejessica@example.net,(863)574-2777,Finance,True
5197,2078,Patrick West,joan68@example.com,001-946-889-6245,Decision Maker,True
5198,2078,Jackie Burton,sotojoseph@example.com,977.879.9570x84353,Finance,True
5199,2078,Russell Wheeler,porterchristopherexample.com,9018040530,Decision Maker,True
5200,2079,Susan Castro,gina09@example.org,678.790.4960x3380,Technical,False
5201,2079,Elizabeth Porter,sparksgary@example.net,(359)960-4756,Technical,True
5202,2079,Robert Wilson,markwilson@example.org,592.783.6732,Technical,False
5203,2080,Matthew Kim,kimberly89@example.net,001-650-238-6732x63258,Procurement,True
5204,2080,Ryan Taylor,shannon11@example.org,001-797-670-5670x8195,Finance,True
5205,2082,Matthew Grant,stephanierivera@example.com,827-234-2791x866,Technical,True
5206,2082,Chris Turner,reedrachel@example.com,001-404-320-5099x90815,Finance,True
5207,2084,Savannah Garcia,katherinecarter@example.org,602-270-1332x1808,Technical,True
5208,2084,Katie Thompson,zwells@example.com,426-543-9143x00331,Procurement,True
5209,2084,Robert Lewis,gutierrezdavid@example.org,255-564-8511x61615,Technical,True
5210,2085,Cory Armstrong,christopher88@example.org,333.645.7155x52727,Finance,False
5211,2085,Jonathan Spencer,sullivanfrancis@example.com,679-585-1848x128,Technical,False
5212,2086,Jamie Acosta,brownphyllis@example.net,(624)649-8495x659,Procurement,True
5213,2087,Paul Johnston,reevesmegan@example.net,(236)980-0514,Decision Maker,True
5214,2087,Zachary Harrington,kimberlyvasquez@example.com,323-293-3261x21400,Technical,False
5215,2088,Adam English,hineswilliam@example.com,839.612.8774,Decision Maker,False
5216,2088,Anna Berger,oclark@example.net,723-296-3103x55357,Finance,False
5217,2089,Devon Lutz,sarah33@example.net,+1-343-870-0763x608,Decision Maker,False
5218,2089,Laura Smith,xavierrivas@example.com,(573)600-4668x30972,Technical,True
5219,2090,Stacy Daniels,roger48@example.net,678-520-7675x6184,Finance,False
5220,2090,Melissa Bonilla,melindabarnes@example.net,416-552-4284,Finance,False
5221,2090,Judith Shelton,jameswerner@example.com,525.399.9024x410,Procurement,True
5222,2090,Charles Hernandez,bellbrittney@example.net,(244)246-3270,Procurement,True
5223,2090,Christopher Ware,robertthomas@example.net,988.450.4483,Technical,False
5224,2091,Jeffrey Benjamin,nfarrell@example.net,995.633.8678,Procurement,True
5225,2091,Jessica Miller,gregorydominique@example.net,001-516-650-0269,Finance,True
5226,2091,Jessica Smith,patrick64@example.org,+1-483-497-9738x7155,Procurement,False
5227,2092,Teresa Wagner,jenniferalexander@example.com,346.241.2017,Technical,True
5228,2093,Eric Kaiser,dgarrett@example.com,838-215-2226,Decision Maker,True
5229,2093,Heather Whitehead MD,amywarren@example.org,4384554179,Finance,False
5230,2094,Jeremy Rivas,fmeyerexample.org,705-819-3166x31928,Finance,False
5231,2094,Richard Castillo,angela46@example.net,667.972.3997x09975,Finance,True
5232,2094,Marcus Pollard,jamesariel@example.com,676-220-0327,Technical,True
5233,2095,Sara Martinez,ariastammy@example.com,632-665-5138,Technical,False
5234,2095,Aaron Reeves,cbowers@example.org,+1-990-426-9514,Procurement,False
5235,2095,Sabrina Montgomery,angela42@example.net,+1-769-740-5530x01394,Finance,False
5236,2095,Tina Taylor MD,brian71@example.org,250-477-4103,Decision Maker,False
5237,2095,Kimberly Medina,orrtodd@example.net,830.774.6603,Decision Maker,True
5238,2096,Victoria Chandler,laura92@example.org,001-995-597-7330x83637,Technical,True
5239,2096,Emily Malone,tara66@example.org,312-430-8522x8838,Finance,True
5240,2096,Gloria Smith,bryce20@example.com,711.651.4744x31182,Technical,False
5241,2097,Rodney Kennedy,susan78@example.com,403-639-5527x3771,Decision Maker,True
5242,2097,Ashley Cervantes,invalid_email,681.580.4967x77116,Procurement,True
5243,2098,Kayla Yu,anthonywillis@example.com,579-630-8719x0804,Decision Maker,False
5244,2098,Phillip Wallace,taylorrobinson@example.net,001-301-275-0396x598,Decision Maker,False
5245,2098,Anthony Patton,william66@example.com,518-326-7567x475,Technical,True
5246,2098,Colleen Jones,invalid_email,363-394-1400,Decision Maker,True
5247,2098,Lori Lopez,brownjacob@example.com,251.514.5161,Technical,False
5248,2101,Joseph Smith,lyonsstevenexample.org,001-579-919-5158,Technical,False
5249,2101,Andrew Petersen,invalid_email,001-505-460-8666x8474,Procurement,True
5250,2101,Carmen Moss,mark90@example.com,5744055778,Decision Maker,False
5251,2101,Tanya May,zjordan@example.org,001-200-905-5716x558,Procurement,False
5252,2102,Gina Kelley,douglas41@example.org,224.879.0439x835,Decision Maker,False
5253,2102,Robert Perez,frose@example.org,283-268-9541,Decision Maker,True
5254,2104,William Taylor,michael58@example.net,+1-270-713-9433x335,Decision Maker,False
5255,2104,Justin Carter,estradabecky@example.com,(477)702-9845,Technical,True
5256,2104,Christy Evans,nguyendavid@example.org,+1-973-966-8479,Procurement,False
5257,2104,Maurice Young,griffithshawn@example.com,711-961-0639,Decision Maker,True
5258,2104,Jonathan Hodge,julie30@example.org,848.865.9664x70934,Decision Maker,False
5259,2105,Brandon White,jordanhall@example.org,647-501-5408x25382,Procurement,True
5260,2105,Erica Shannon,bakermegan@example.net,(521)206-3186x153,Technical,False
5261,2105,Lucas Keller,thomas76@example.net,731-349-0750,Procurement,True
5262,2106,Denise Clark,gardnereric@example.org,(616)483-7621,Decision Maker,False
5263,2106,Jesse Pearson,yeseniagonzales@example.com,675.415.1765x08544,Technical,False
5264,2107,Steven Morris,jnicholson@example.net,+1-378-927-4596x90469,Technical,True
5265,2107,Julia Anderson,scottmorris@example.net,683.784.1126x25424,Technical,False
5266,2107,Danielle Richardson,invalid_email,(649)673-7329x2892,Decision Maker,False
5267,2108,Cheryl Hoffman,carriebeard@example.com,601-218-4161x716,Procurement,True
5268,2109,Judith Gibson,andersonnathan@example.com,001-703-386-0342x98745,Technical,False
5269,2110,Michael Nash,alex84@example.com,368-652-2182,Technical,False
5270,2110,Nicolas Myers,ncoleman@,388-219-7514,Decision Maker,True
5271,2111,Leslie Rivera,wcobbexample.net,+1-609-298-3746x97233,Decision Maker,False
5272,2111,Jessica Crawford,pattersonbryce@example.net,001-533-542-4579x727,Procurement,False
5273,2111,Jenny Stewart,johnsonpamela@example.org,+1-987-294-3958,Finance,True
5274,2111,Daniel Campos,michaelthomas@example.net,219-585-5264,Decision Maker,False
5275,2111,Vincent Quinn,benjamin58@example.org,8932040499,Decision Maker,True
5276,2112,Mary Horn,douglaskim@example.org,001-553-794-6288,Decision Maker,False
5277,2112,Debbie Torres,ericazamora@example.com,(749)598-4622,Procurement,False
5278,2112,Duane Morris,mcunningham@example.com,+1-312-959-1958x277,Finance,True
5279,2112,Julia Webster,ashley67@example.net,384-888-4084x160,Technical,False
5280,2114,Elizabeth Perry,sandra71@example.com,5326956037,Finance,False
5281,2114,Shirley Griffith,dawn08@example.com,001-834-693-9507,Decision Maker,True
5282,2114,Bryan Reynolds,alexander20@example.net,399-525-7923x94038,Procurement,True
5283,2114,Ms. Alicia Morgan MD,charleswilliams@example.org,001-679-595-0135x6226,Procurement,False
5284,2114,Dylan Gregory,lyonscaleb@example.com,+1-468-395-1452,Finance,True
5285,2115,Joseph May,stewarttammy@example.com,531.756.9281x2821,Decision Maker,False
5286,2115,Nancy Duffy,bellguy@example.org,662.982.8007x82515,Procurement,True
5287,2115,David Fletcher,elee@example.com,+1-792-425-0777,Procurement,True
5288,2117,Kristen Aguilar,hacosta@,986.735.8295x2143,Procurement,False
5289,2117,Mrs. Andrea Nunez,hendersonbrooke@example.org,6968432685,Procurement,False
5290,2117,Michelle Bradford,eholt@example.org,(622)305-2408,Technical,True
5291,2119,Jaime Smith,mguerra@example.com,880.739.0031x4398,Finance,True
5292,2119,Tina Shields,simpsonkara@example.net,989-976-3999x25478,Finance,True
5293,2119,Yolanda English,taylormckee@example.net,852.876.6335x8134,Procurement,True
5294,2119,Nancy Gonzales,morgan62@example.org,(500)797-8146,Procurement,False
5295,2120,Theresa Morales,josecasey@example.org,261.299.4977,Decision Maker,False
5296,2120,Michael Armstrong,andrew64@example.com,2942251815,Finance,False
5297,2121,Stacy Roberts,michaelwade@example.com,645-493-7484,Finance,True
5298,2121,Samantha Brown,pricejeremy@example.com,9514190941,Technical,True
5299,2122,Nancy Hensley,devon25@example.com,3808352806,Finance,True
5300,2122,Kathy Jones,brucejohn@example.net,+1-946-752-9536x959,Finance,True
5301,2122,Megan Short,michaelbrown@example.net,922.326.8126x7464,Decision Maker,True
5302,2123,Christopher Sanders,dsmith@example.com,+1-951-884-5716,Decision Maker,False
5303,2123,Jasmine Orozco,amanda92@example.net,(974)895-3511x3013,Technical,True
5304,2124,Matthew Castro,andreasmith@example.net,847-395-2888x61773,Procurement,False
5305,2124,Adrian Smith,christinejoyceexample.com,431-422-6463,Technical,True
5306,2125,Martin Wright,sharonmontgomery@example.net,(825)616-5936,Decision Maker,False
5307,2125,James Gomez,kristieperez@example.net,+1-936-261-5722x8347,Technical,True
5308,2126,Jennifer Gonzales,hoaaron@example.net,001-664-347-2513x078,Procurement,True
5309,2127,Nancy Simmons,deborahnunez@example.com,+1-731-990-2979,Technical,False
5310,2127,Heather Pruitt,richard82@example.net,+1-923-735-8295,Procurement,True
5311,2127,Sarah Taylor,thorntonheather@example.com,290.762.3789,Finance,True
5312,2128,Adriana Mercado,marktaylor@example.org,737.686.2604,Technical,True
5313,2128,Paul Miller,natasha17@example.org,001-619-545-9804x123,Technical,True
5314,2128,Briana Rivera,michelle41@example.org,809.606.7123x6460,Decision Maker,False
5315,2129,Elizabeth Blake,patriciahunt@example.com,682-211-1123x65112,Decision Maker,True
5316,2130,John Hart,invalid_email,(298)938-5842,Finance,False
5317,2130,Emily Phillips,tmclaughlin@example.com,+1-399-989-6768x704,Procurement,True
5318,2131,Todd Owens,zgray@example.com,630-224-2902x919,Decision Maker,False
5319,2131,Mr. Curtis Bowers MD,edgar85@example.net,9722406848,Decision Maker,True
5320,2131,Jerome Huber,regina16@example.org,001-927-885-6991x54329,Decision Maker,True
5321,2133,Jennifer Watts,julia10@,+1-306-556-8134x81497,Decision Maker,True
5322,2133,Alexander Williams,jonesstephanie@example.com,392.330.2610x004,Finance,False
5323,2133,Donald Horton,invalid_email,001-209-323-9020x40453,Finance,False
5324,2133,Karen Gray,cpowell@example.org,632.734.6432x3430,Procurement,False
5325,2134,Cameron Edwards,smithbrittany@example.net,(734)463-4677x905,Technical,True
5326,2134,Colin Diaz,harmonvirginia@example.net,(417)374-5054,Procurement,True
5327,2134,Mrs. Holly Duarte,hdavisexample.org,001-478-394-0558x881,Finance,False
5328,2134,Joseph Weaver,contrerasemily@,(228)299-7558x67279,Decision Maker,False
5329,2135,Brandon Barrett,william00@example.org,282.297.2475x091,Procurement,False
5330,2136,Harold West,yhartman@example.net,407.770.7834,Finance,False
5331,2136,Samuel Cox,william98@example.net,3603326904,Finance,True
5332,2136,Andrea Steele,uobrien@example.org,501-483-1712x868,Decision Maker,False
5333,2136,Michael Murray,sallybaker@example.org,001-619-821-2776x7132,Procurement,False
5334,2136,Lori Aguirre,renee15@example.net,+1-893-736-8305x59838,Finance,False
5335,2137,David Obrien,garrettvictor@,+1-520-305-7821x5639,Procurement,True
5336,2137,Nicole Sanford,edgar85@example.com,+1-399-481-6169x7899,Finance,True
5337,2137,Tim Horne,ngriffin@example.net,001-257-282-8271,Finance,True
5338,2138,Stephen Davis,jphelpsexample.com,001-539-497-3096x2991,Technical,True
5339,2139,Tony Caldwell,derek86@example.net,001-875-301-1606,Technical,False
5340,2139,Patricia Wilson,hortonbrianna@example.org,001-320-916-1876,Technical,True
5341,2140,Tracy Odom,crose@example.com,(711)508-7545x75229,Decision Maker,False
5342,2140,Andre Palmer,logan39@example.org,001-826-438-3750x845,Decision Maker,False
5343,2141,Jenna Herman,srivera@example.org,435.650.6808x69542,Finance,True
5344,2142,Lori Anderson,oliverjodi@example.com,001-812-560-3829x3490,Technical,False
5345,2143,Logan Burke,jameswalker@example.com,001-770-603-7921x506,Technical,True
5346,2143,Michelle Lopez,hendersonlucas@example.net,+1-318-439-7802x59032,Technical,False
5347,2144,Dustin Keller,marywaters@example.org,665.242.0508,Procurement,True
5348,2146,Kelly Shannon,amberpalmer@example.org,+1-634-355-3545x32440,Decision Maker,True
5349,2146,Lisa Nelson,wardanthony@example.org,001-431-699-1890x03286,Decision Maker,False
5350,2147,Joseph Johnson,derek55@example.net,001-813-925-9445x816,Finance,False
5351,2147,Ashley Burton,veronicasanchez@example.com,881-928-3266,Decision Maker,True
5352,2147,William Dean,greyes@example.net,001-282-962-9052,Finance,False
5353,2147,Heather Ryan,lauriekeller@example.org,457.786.1986x93631,Procurement,False
5354,2147,Gary Garcia,emilywarren@example.com,585.241.9245,Decision Maker,False
5355,2148,Julie Warren,bwatkins@example.org,001-227-715-6496x8202,Decision Maker,False
5356,2149,Jacqueline Chavez MD,francisco19@example.com,387-212-0514x23737,Procurement,True
5357,2150,David Donaldson,jeffreyesparza@example.com,001-806-293-6383x442,Decision Maker,False
5358,2151,Joseph Smith,youngsamuel@example.net,(385)561-5577,Finance,False
5359,2152,Dylan Melton MD,brownrichard@example.com,404.385.9973,Finance,False
5360,2154,Jeffery Taylor,ryanhayes@example.com,(828)825-3654x546,Decision Maker,False
5361,2154,William Hobbs,dvaughn@example.com,591.374.0999,Procurement,False
5362,2154,Tony Chan,cooperjoshua@example.org,001-620-864-6990x19051,Technical,False
5363,2154,Karen Anderson,xfernandez@example.com,001-766-731-2720x3593,Technical,True
5364,2155,Audrey Curtis,invalid_email,001-439-544-5257x43642,Decision Maker,False
5365,2155,Hunter Mitchell,salazarnatasha@example.org,679.388.7503x679,Procurement,False
5366,2155,Elizabeth Goodman,christinamolina@example.com,469.592.9277x90895,Finance,True
5367,2155,Joseph Wilson,gknox@example.net,570-350-1221x611,Finance,True
5368,2155,Danielle Baldwin,mrivera@example.org,(389)366-0326,Procurement,True
5369,2157,Frederick Bradley,trancrystal@example.net,+1-752-924-0445x91453,Decision Maker,True
5370,2158,Elizabeth Lang,laura75@example.net,620-961-9319,Decision Maker,False
5371,2158,Paige Dodson,xbowers@example.net,212.202.3821x77867,Decision Maker,False
5372,2158,Tyler Molina,vincentwalters@example.org,535-882-3193x758,Finance,False
5373,2159,Robert Sawyer,crystal04@example.net,+1-330-547-4961x38669,Technical,False
5374,2159,Anna Russell,jonescarla@example.net,340.548.6615x4661,Procurement,True
5375,2159,Brandon Clark,derek55@example.net,+1-607-206-6537x796,Decision Maker,False
5376,2162,Corey Bennett,michael95@example.org,337-794-6903,Finance,False
5377,2163,Scott Haley,jessicamartin@,414-200-5903,Decision Maker,False
5378,2163,Lori Levy MD,larry76@example.com,738-700-0441x7354,Technical,False
5379,2164,Robin Olson,brandonflores@example.com,(675)423-4395x3237,Finance,True
5380,2164,Taylor Cuevas,pagepaul@,+1-962-890-1757x9644,Procurement,False
5381,2164,Luis Flores,cschwartz@example.net,772-925-4882x18981,Procurement,True
5382,2164,Suzanne Mullins,smithkathryn@example.com,388.987.5853x80042,Decision Maker,True
5383,2165,Thomas Fields,cherylmcpherson@example.net,(750)356-2317,Procurement,True
5384,2165,Scott Escobar,aguzman@example.com,+1-280-894-2927,Procurement,True
5385,2165,Richard Gonzales,lorianderson@example.com,(210)966-5728,Procurement,False
5386,2165,Ruth Kennedy,milleremily@example.net,+1-503-897-5920x4306,Technical,True
5387,2165,Gina Hodges,obarnes@example.net,222.920.3078,Technical,True
5388,2166,Steven Harris,greggcastillo@example.com,001-502-731-7804x47732,Finance,True
5389,2166,Joshua Jones,moorefrank@example.net,2622457801,Finance,True
5390,2166,Rachel Kelly,averyellen@example.com,(923)385-3968,Technical,False
5391,2167,Cynthia Howell,briandiaz@example.net,(476)409-0796x03820,Finance,True
5392,2167,Dean Smith,hcopeland@example.net,(456)944-0708x64112,Procurement,True
5393,2168,Sarah Clark,sarah25@example.com,(313)442-5944,Technical,False
5394,2169,James Spears,lloydcatherine@example.com,547-460-8583x46144,Technical,False
5395,2169,Shawn Paul,uturnerexample.com,692-880-5204x1822,Finance,False
5396,2169,Michael Lewis,benjamingonzalez@example.net,811.315.3134,Finance,False
5397,2169,Christopher Hogan,nochoa@example.org,803.974.4595,Technical,True
5398,2169,Tamara Brown,veronica38@example.net,(582)980-5500,Decision Maker,False
5399,2170,Nicole Ellis,jaredadams@example.net,374.339.5885x396,Procurement,False
5400,2170,Kayla Payne,jacobthompson@example.net,(735)421-8502x092,Decision Maker,False
5401,2170,Timothy Nolan,maloneallison@example.org,001-390-386-8344x946,Procurement,True
5402,2170,Laura Reese,nharris@example.com,(979)783-2512,Technical,True
5403,2171,Elizabeth Gordon MD,youngjames@example.org,(539)259-2604,Technical,False
5404,2171,Michelle Schmidt,amy85@example.com,943.846.2221x0592,Finance,False
5405,2171,Richard Herrera,vdodson@example.net,399.315.6134,Procurement,True
5406,2171,Mr. Joseph Reese,walkerstephanie@example.com,3668528573,Decision Maker,True
5407,2172,David Bailey,ashley91@example.net,(720)265-6565x99106,Finance,False
5408,2173,Timothy Wilson,zarmstrong@example.org,673.702.0490,Decision Maker,False
5409,2173,Marissa Meza,leroy00@example.org,001-803-995-5460x50472,Decision Maker,False
5410,2173,Joel Morris,matthewcarr@example.org,+1-358-648-3787,Technical,False
5411,2173,Katherine Meyer,echandler@example.org,947-519-4788,Finance,True
5412,2173,Mr. Stephen Davis,becky94@example.net,272.897.8929x38497,Technical,False
5413,2174,Corey Jones,othomas@example.org,365-528-9934,Procurement,False
5414,2174,George Villanueva,aherrera@example.com,565-983-6128x45583,Finance,True
5415,2174,Daniel Morgan,jacqueline48@example.net,+1-654-204-3113,Procurement,False
5416,2174,Brett Herrera,brownkenneth@example.com,586.691.7145x9496,Finance,False
5417,2174,Albert Barr,donald63@example.net,+1-884-878-7510x91029,Decision Maker,True
5418,2175,Denise Randolph,gdalton@example.org,(428)468-3803x2538,Decision Maker,False
5419,2175,Sara Huerta,howellkent@example.org,(918)407-3001x664,Procurement,True
5420,2175,Jamie Watson,sophia86@example.net,+1-528-665-8408,Decision Maker,False
5421,2175,Michael Ramirez,murraysarah@example.net,420-273-7426x655,Technical,False
5422,2175,Brittany Joseph,qcross@example.net,(811)285-5464x2154,Technical,True
5423,2176,Ian Smith,barreradebra@example.org,+1-795-932-0971x634,Technical,False
5424,2176,Michelle Ward,rnguyen@example.com,(460)364-7592,Procurement,False
5425,2176,Stephen Oneill,rgonzalez@example.com,460-954-4543x18469,Procurement,True
5426,2178,Wanda Gonzalez,brandon75@example.net,6978755933,Procurement,False
5427,2178,Joshua Martinez,jackhorton@example.com,+1-652-407-0918,Procurement,False
5428,2179,Amanda Rhodes,byrdamanda@example.com,786-295-3269x16179,Procurement,False
5429,2180,Dominic Gregory,erica43@,842-828-4007x567,Decision Maker,False
5430,2180,Jessica Smith,shannonhammond@example.com,7264605175,Finance,False
5431,2181,Michelle Morgan,brewerdennis@example.org,762-500-1585,Procurement,False
5432,2182,Terri May,sharplisa@example.net,(888)309-3435x2534,Technical,False
5433,2182,Philip Edwards,juliehunt@example.com,211.302.3106x11913,Finance,False
5434,2183,Jonathon Brown,florescarrie@example.net,+1-454-779-3268x254,Decision Maker,True
5435,2183,Jennifer Hammond,dmorales@example.org,674.460.2315x229,Procurement,True
5436,2183,Diane Rangel,davidlopez@example.com,643-578-6808,Technical,True
5437,2184,George Chang,jennifertucker@example.org,525.627.2851x8303,Procurement,False
5438,2184,Steven Castillo,nicholasshaw@example.net,402-460-0398,Decision Maker,False
5439,2185,Bryan Murray,harringtonjuan@example.com,4313223302,Finance,False
5440,2185,Nathan Dalton,matthew95@example.org,001-618-955-6059x1258,Technical,True
5441,2186,Tony Edwards,thomasford@example.com,(634)772-5018,Procurement,False
5442,2186,Michelle Morris,paulbullock@example.com,932-709-4132,Technical,True
5443,2186,Danielle Robbins,jacobneal@example.org,001-370-259-6911x25950,Procurement,False
5444,2187,Michael James,davischarles@example.net,760.526.8513x76913,Technical,True
5445,2187,Robert Rivera,juanhernandez@example.org,486.335.5124x89266,Procurement,False
5446,2187,Eric Thomas,erinprice@example.net,607-904-1609x316,Decision Maker,True
5447,2188,Timothy White,invalid_email,361-241-6189x13160,Finance,False
5448,2188,David Craig DDS,btodd@example.net,9429237989,Technical,True
5449,2188,Jacob Hicks,benjamin19@example.com,779.537.1790,Decision Maker,True
5450,2188,Lisa Allen,richardleonard@example.com,933-833-5133,Technical,False
5451,2189,Chelsey Winters,michaelwebster@example.net,223.312.3576,Procurement,False
5452,2189,Angela Frye,veronica18@example.com,+1-855-370-3205x8356,Procurement,True
5453,2190,Amanda Moore,christina35@example.net,001-447-764-0708x879,Finance,True
5454,2190,Devin Hodges,daniel92@example.com,727-845-0540x25162,Finance,False
5455,2190,Timothy Rodriguez,maykeith@example.com,404-965-8768x27959,Finance,True
5456,2190,Jonathan Castro,mossdiane@example.com,6788347490,Decision Maker,True
5457,2190,John Travis,greenjeremy@example.net,400-447-5031x6990,Finance,False
5458,2191,Michael Tran,herreratimothy@example.net,831.758.0549x09041,Procurement,True
5459,2191,Peter Collier,ajarvis@example.com,(466)351-7490,Finance,True
5460,2192,Julie Carrillo,james90@example.org,+1-211-783-1569,Decision Maker,True
5461,2192,Jennifer Taylor,zstevens@example.com,349.994.7823,Technical,True
5462,2193,Alejandra Wagner,patrickoconnor@example.net,(260)465-3482x2713,Finance,True
5463,2193,Dan Villa,christopher07@example.net,+1-218-596-1064x1574,Technical,False
5464,2193,Daniel Hoffman,jfrancis@example.org,+1-295-798-5693x772,Finance,True
5465,2194,Andrea Nichols MD,torresmelanie@example.net,388-922-2808x77397,Decision Maker,True
5466,2194,Justin Bryant,jon24@example.com,213-212-2023x02212,Technical,True
5467,2195,Emily Wilson,sandovalwendy@example.com,+1-985-718-4802,Finance,False
5468,2195,Wendy Bruce,stephanie79@example.org,968.345.5518x27509,Technical,True
5469,2195,Jonathan Porter,hessdaniel@example.org,857-479-4104x217,Technical,False
5470,2196,Travis Johnson,michael71@example.org,001-210-573-8899x7463,Procurement,False
5471,2196,Jessica Guerrero,cynthiahill@example.net,960.800.3705x5353,Decision Maker,False
5472,2196,Emma Clark,david39@example.com,001-311-234-5088,Decision Maker,True
5473,2197,Courtney Boyer,madisonjames@example.org,3095205507,Technical,False
5474,2197,Taylor Russell,hhill@example.net,7706387772,Finance,True
5475,2197,Stephanie Gillespie,philip94@example.net,+1-377-504-1461x1973,Procurement,True
5476,2198,Nicholas Humphrey,tylerfisher@example.net,630.978.0535x0355,Procurement,True
5477,2199,Michelle Miller,gochoa@example.com,001-235-685-0496x51865,Finance,True
5478,2199,Gary Fields,louis66@example.com,8432236625,Decision Maker,True
5479,2200,Kathleen Baldwin,carlos84@example.net,+1-556-335-4980x81066,Finance,True
5480,2200,Kaylee Jackson,fmullen@example.com,(612)914-0086,Finance,False
5481,2201,Jennifer Obrien,imeyer@example.org,796.563.8626x3181,Decision Maker,False
5482,2201,Patrick Snow,hendersontodd@example.com,(817)864-2391x3126,Decision Maker,True
5483,2202,Jennifer Smith,anna25example.net,(325)923-2908x39036,Technical,False
5484,2202,Elizabeth Kaiser,invalid_email,990-406-5785x3713,Finance,True
5485,2204,Jeremiah Parks,tyler89@example.com,599-729-9539x6985,Technical,True
5486,2204,Tiffany Garrison,phillipbrown@example.com,641-432-9679x52425,Procurement,False
5487,2204,Melanie Johnson,vvargas@example.org,(918)907-9688x56717,Decision Maker,True
5488,2204,Andrew Turner,fsmith@example.net,(459)773-2831x4281,Decision Maker,False
5489,2204,Daniel Chambers,stevenfowler@example.org,922.361.0482x67975,Decision Maker,True
5490,2205,Brandi Wiggins,dwilliams@example.net,001-874-632-8392x6498,Procurement,False
5491,2205,John Sims,watsonnicholas@example.net,4733776731,Technical,False
5492,2205,Joshua Baldwin,jo02@example.org,001-297-935-2608x7248,Decision Maker,False
5493,2205,Sandra Morris,daltondalton@example.net,+1-382-520-2605,Procurement,True
5494,2206,Kristin Brown,bcaldwell@example.com,716-477-4729,Decision Maker,False
5495,2206,Timothy Bailey,malonekaren@example.org,5456956890,Procurement,False
5496,2206,Lisa Neal,roger22@example.net,001-544-591-6031x300,Technical,False
5497,2207,Molly Dixon,nguyeneric@example.net,689.750.6419,Finance,True
5498,2207,Elizabeth Garcia,daleyoung@example.org,(921)871-3541,Procurement,True
5499,2207,Jessica Ferrell,walter97@example.org,780-910-3475,Decision Maker,True
5500,2207,Marisa Jennings,landrysarah@example.com,(413)892-8070,Decision Maker,False
5501,2208,Wesley Brown,pamelaortiz@,001-667-557-6165,Finance,False
5502,2208,Brian Brandt,bgregory@example.org,(350)425-6466x499,Technical,False
5503,2208,Jason Browning,parklaura@example.com,941-936-7289x80967,Technical,False
5504,2208,Michael Gill,anthony79@example.org,(671)506-3212x94745,Finance,True
5505,2210,Benjamin Blake,stephenstevenson@example.com,+1-529-531-4953x7791,Decision Maker,False
5506,2211,Jennifer Jones,alexander04@,+1-794-764-5286,Technical,False
5507,2211,Desiree Valenzuela,rodney38@example.com,+1-568-289-7124,Procurement,False
5508,2211,Manuel Wilson,joshua45@example.net,858-574-5275x6488,Finance,True
5509,2211,Reginald Montgomery,hernandeztravis@example.com,348.871.1175x6937,Decision Maker,True
5510,2212,James Fisher,kellylee@example.com,693-953-2630x1856,Technical,True
5511,2212,Micheal Solis,levycheyenneexample.net,225-404-8683,Finance,False
5512,2214,Trevor Robinson,daltonbenjamin@example.net,001-311-814-5684,Technical,True
5513,2214,Mark Owens,thomasmelissa@example.org,(833)609-0926x91825,Procurement,True
5514,2215,Melissa Hamilton,drodriguez@example.com,001-316-517-7740x7115,Technical,False
5515,2215,Rachel Fisher,janetmoreno@example.com,868-821-1770,Procurement,False
5516,2215,Sabrina Moore,jmason@example.com,3802756085,Finance,True
5517,2215,Samuel Kramer,jacksonalicia@example.com,635-874-2441,Technical,False
5518,2215,Kathleen Stone,sandrabrennan@example.com,706-335-5244,Finance,False
5519,2218,Ryan Payne,barkerrobert@example.org,001-972-416-2636x013,Technical,True
5520,2218,Connor Fitzgerald,ppeck@example.com,833-274-8060,Decision Maker,True
5521,2218,Alan Adkins,robert14@example.com,7639636649,Finance,True
5522,2218,Shannon Adams,nicholas49@example.org,617-425-8842x474,Technical,True
5523,2218,Amy Phelps,devin78@example.net,(533)725-9254x0945,Procurement,True
5524,2219,Peggy Young,kjohnson@example.com,(646)550-9936x6295,Decision Maker,True
5525,2219,Alex Hernandez,matthew95@example.net,492-656-5350x7298,Procurement,True
5526,2219,Anthony Blanchard,khouse@example.org,614.561.3638,Procurement,False
5527,2219,Catherine White,seanwalker@example.org,345.712.6834,Finance,False
5528,2220,Angel Brooks,michaelramsey@example.net,200-553-6288x115,Procurement,False
5529,2220,Rhonda Stafford,invalid_email,(306)342-2483,Technical,True
5530,2220,Laura Gonzalez,tammy92@example.com,567.463.1816x3534,Technical,False
5531,2220,Megan Knapp,timothy15@example.org,(755)948-1075x922,Procurement,True
5532,2220,Chad Kidd,ghale@example.org,+1-954-850-7480x19304,Procurement,False
5533,2221,Holly Smith,christopher21@example.net,463.225.4071,Decision Maker,False
5534,2221,Casey Cruz,francoanna@example.org,001-862-656-2068x8965,Technical,True
5535,2222,Raymond Andrews,vasqueztonya@example.org,+1-245-675-2119x367,Technical,True
5536,2222,John Bryant,jonathan58@example.org,+1-453-806-0623x5367,Finance,True
5537,2222,Mary Nicholson,davidwatkins@example.org,879.247.5130,Procurement,False
5538,2222,Jesse Brewer,mary14@example.net,581.449.2267x4456,Technical,False
5539,2223,Robert Gilbert,zharvey@example.net,001-504-862-7150x86961,Technical,True
5540,2224,Wendy Brown,qjefferson@example.org,4258844465,Decision Maker,True
5541,2224,Zachary Nolan,qmcmahon@example.net,(354)825-0436x014,Decision Maker,False
5542,2224,Christopher Powell,smithrobert@example.com,7653543658,Finance,False
5543,2224,Teresa Kim,cortezjennifer@example.org,402.933.0319x08044,Procurement,True
5544,2224,Christy Barker,dtorres@example.com,200.836.9705,Decision Maker,True
5545,2225,Matthew Nguyen,ebeasley@example.org,(936)494-1160x6613,Technical,False
5546,2225,Daniel Ware,malonericky@example.org,001-810-971-2106x18294,Decision Maker,True
5547,2225,Alicia Smith,jorge88@example.com,(865)719-8866,Decision Maker,False
5548,2225,Mark Smith,ericagray@example.com,7266434522,Technical,True
5549,2226,Cindy Dean,hessjohn@example.com,874.435.0327x901,Technical,True
5550,2227,Carrie Petersen,awatson@example.com,792.482.3619x746,Technical,True
5551,2227,Nicolas Drake,nnewman@example.com,001-971-885-6902x3236,Procurement,True
5552,2227,Robert Green MD,brittanymeadows@example.net,362.829.4318x3102,Decision Maker,False
5553,2227,Emma Smith,moorerobert@example.net,+1-668-916-1701,Finance,False
5554,2228,Cheryl Parker,marshjoel@example.org,+1-479-617-8870x800,Technical,True
5555,2229,Amy Fernandez,matthewnelson@example.org,748.940.9681,Finance,True
5556,2229,Meghan Rasmussen,ibullock@example.net,736-284-1840x7968,Finance,True
5557,2230,Jason Khan,richarddickerson@example.com,(457)211-7528x654,Technical,True
5558,2231,Mrs. Amanda Everett,daywanda@example.com,+1-623-564-7789x8955,Technical,True
5559,2231,Jonathon Waters,nrodriguez@example.net,(346)333-6998x68729,Decision Maker,True
5560,2231,Mr. Michael Hubbard DVM,xrivera@example.com,782-746-4267x0966,Decision Maker,False
5561,2231,Tyler Miller,jameschaney@example.com,784.571.0858x98442,Procurement,True
5562,2233,Kathryn Pena,alexandria62@example.net,6456898148,Procurement,False
5563,2233,Anthony Lindsey,alyssalopez@example.com,953-636-1070,Procurement,False
5564,2233,Kelli Arnold,juliemckenzie@example.com,001-759-992-2263,Technical,True
5565,2234,Michael Washington,nichole27@example.net,(842)621-5587x19094,Procurement,False
5566,2235,Nicole Torres,kristine66@example.com,460-391-4502,Decision Maker,False
5567,2236,Donna Lucas,keithbean@example.net,(582)349-9292,Decision Maker,False
5568,2236,Joseph Monroe,tonyaellis@example.com,(510)956-7976,Technical,True
5569,2237,Benjamin Obrien,david26@example.org,8457340516,Technical,False
5570,2238,James Williams,boltonjames@example.net,+1-788-304-5681x28447,Finance,True
5571,2239,Alicia Thomas PhD,davidmontoya@example.com,900-984-0110x2029,Finance,True
5572,2239,Tyler Rodriguez,walkermichael@example.com,580.544.0047,Decision Maker,False
5573,2239,Anthony Molina,lambertariel@example.net,404.982.2400,Technical,False
5574,2239,Alejandro Adams,briancooper@example.com,001-874-629-8976,Procurement,True
5575,2240,Kelly Wolf,kaitlin35@example.net,001-410-282-0053,Finance,True
5576,2240,Courtney Williamson,denise34@example.com,+1-216-510-1133x3587,Decision Maker,False
5577,2240,Ashley Melendez,karen63@example.com,+1-625-320-8652,Technical,True
5578,2240,Elizabeth Stephenson,ngonzales@example.net,956-864-2732x33564,Technical,False
5579,2240,Jon Schaefer,jpotter@example.net,909-850-7100,Procurement,False
5580,2241,Kenneth Simmons,millerhaley@example.net,(697)385-8070x4287,Decision Maker,False
5581,2241,Judy Cline,daniellemurray@example.net,6374653546,Technical,True
5582,2242,Matthew Young,kathy35@example.net,383-259-0316x5513,Decision Maker,True
5583,2242,Dwayne Hamilton,taylordonald@example.com,+1-954-320-8700x55690,Technical,True
5584,2242,Colleen Freeman,charles12@example.com,762.972.3677x2838,Finance,False
5585,2242,Karen Harrison,jmoon@example.com,(670)831-6319x4452,Procurement,True
5586,2242,Mark Butler,elizabeth92@example.org,9654036559,Decision Maker,True
5587,2243,Patrick Carpenter,xlee@example.org,322-462-8023x348,Finance,True
5588,2243,Jennifer Warner,crystal78example.com,(236)425-3248,Procurement,True
5589,2243,Cynthia Bradford,awells@example.net,773-282-5407,Finance,False
5590,2243,Jill Barry,misty68@example.com,517.947.6253x627,Decision Maker,True
5591,2244,Rebecca Ingram MD,umedina@example.net,(430)782-5416,Finance,True
5592,2244,Andrew Odom,xwyatt@example.net,001-711-933-0018x65273,Finance,True
5593,2244,Timothy Johnson,carladunn@example.net,499.633.3436x377,Finance,True
5594,2244,Katie Robinson,edwardhayden@example.net,589.451.7240,Finance,False
5595,2244,Emma Lloyd,seanmeza@example.org,287-771-6614x650,Finance,True
5596,2245,Gloria Johnston,wigginsdanielle@example.org,305-913-8532x451,Decision Maker,False
5597,2246,Dustin Chavez,schneiderjeremy@example.org,(591)944-4879,Finance,True
5598,2247,Benjamin Monroe,jon56@example.org,6958374105,Technical,False
5599,2247,Louis Richards,eric36@example.com,752-608-0733,Procurement,False
5600,2247,Bruce Merritt,marcsnyder@example.net,001-472-366-8690,Decision Maker,False
5601,2247,Jason Obrien,ghill@example.net,(293)645-1990x5291,Procurement,False
5602,2247,Catherine Savage,josephkim@example.org,266-711-6959,Technical,True
5603,2248,Jay Webb,derekclark@example.org,001-381-236-2782x9363,Technical,True
5604,2249,Katie Hardy,jennifer85@,772-597-6184x53319,Technical,True
5605,2251,Rebecca Rodriguez,larryphillips@example.org,+1-952-478-0950x9801,Decision Maker,False
5606,2252,Michael Hansen,brittanyhiggins@example.net,247.980.2697x4926,Procurement,False
5607,2252,Zachary Duran,john77@example.net,+1-268-393-9539x653,Procurement,False
5608,2252,Olivia Russell,monicacarney@example.net,+1-441-609-3301,Technical,True
5609,2253,Susan Robinson,patrick01@example.org,+1-855-235-2794x0474,Technical,False
5610,2253,Ashley Neal,wattsmiguel@example.com,207-471-3810x0642,Procurement,True
5611,2253,Veronica Baker,meyerruben@example.com,+1-688-812-2383x4648,Procurement,True
5612,2253,Mr. Zachary Gray,james95@example.net,+1-935-205-3649x31914,Decision Maker,True
5613,2253,Kevin Montgomery,pamowens@example.org,(613)783-5553x1071,Finance,False
5614,2254,Preston Rodriguez Jr.,rdennis@example.net,+1-784-524-7370,Technical,True
5615,2254,Robert Henry,toddweaver@example.net,+1-295-761-0131x08175,Decision Maker,True
5616,2255,Micheal Austin,anthony47@example.org,(279)272-1552x2877,Finance,True
5617,2255,Erik Meyer,andersonandrew@example.com,+1-556-244-5748x867,Procurement,True
5618,2255,Richard Perkins,icunningham@example.org,6826513768,Decision Maker,True
5619,2256,Amanda Weaver,fgomez@example.net,756-383-2441x174,Technical,False
5620,2257,Aimee Ramos,bradleyluna@example.net,(373)709-7975,Procurement,False
5621,2257,Robert Ibarra,garciaglen@example.net,672.634.5802x284,Finance,True
5622,2257,Kelly Jones,kimberly93@example.org,636-452-2791,Technical,False
5623,2258,Brittany Jacobson,rodneymathisexample.org,305-612-1117x75218,Technical,True
5624,2258,Crystal Johnson,ijohnson@example.net,887-565-5512x31732,Procurement,False
5625,2258,Eric Martinez,torreswhitney@example.net,864-434-1892x6027,Technical,True
5626,2259,Todd Stark,cynthia60@example.net,811-267-8378x975,Finance,True
5627,2259,Stephanie Johnson,mariatownsend@example.net,001-352-747-9019,Decision Maker,True
5628,2260,Michele Good,amanda74@example.com,+1-294-957-6795x0879,Decision Maker,False
5629,2260,Lori Brooks,beangeorge@example.net,798-256-2155x6181,Finance,True
5630,2260,Andrew Williams,krystal35@example.org,+1-315-279-7147,Procurement,False
5631,2260,Tyler Thompson,invalid_email,001-828-620-4591x3298,Finance,False
5632,2260,Nicholas Shaw,vandrewsexample.com,001-892-826-2525x55588,Decision Maker,True
5633,2261,Kenneth Gonzalez,tanderson@example.org,(228)532-2935x8469,Decision Maker,False
5634,2261,Matthew Morrison,clee@example.net,+1-583-449-1279x0304,Decision Maker,False
5635,2261,Teresa Richardson,michelle70@example.org,432-982-4434x535,Technical,False
5636,2261,Jeffery Dougherty DDS,jwatson@example.org,001-230-808-7231x774,Finance,False
5637,2261,John Anderson,jrandolph@example.net,851-716-1413x597,Procurement,False
5638,2262,Kelsey Shaw,jasoncobb@example.org,541.811.2542x724,Finance,False
5639,2262,John Gentry,dawndecker@example.com,(223)991-2412x39368,Technical,False
5640,2262,Craig Young,reedmary@example.net,+1-320-604-1056x515,Finance,False
5641,2264,Christian Foster,larry40@example.net,474-509-0326,Decision Maker,True
5642,2264,Renee Schultz,kevinwright@example.net,238-295-0943,Technical,False
5643,2265,Lisa Thompson DVM,rebecca78@example.com,2919704027,Technical,False
5644,2267,Kelly Black,chad83@example.org,+1-421-498-3313,Procurement,False
5645,2267,Jack Paul,wilkinsonchristina@example.com,+1-948-668-5066x59076,Finance,False
5646,2267,Tony Ellis,sara02@example.com,(228)994-2561x70550,Finance,True
5647,2267,Carol Hawkins,xcantrell@example.com,+1-772-931-9551x23000,Decision Maker,True
5648,2270,Barry Mathis,sally83@example.net,(941)932-9667,Procurement,False
5649,2271,Christopher Ali,invalid_email,(985)552-4783x01359,Technical,False
5650,2271,Adam Williamson,stephen56@example.com,684.398.8016,Procurement,True
5651,2271,Joseph Richard,ucasey@example.org,001-470-603-9471x57119,Technical,True
5652,2271,Holly Stewart,adamsmiranda@example.org,583-792-4456,Procurement,True
5653,2271,Jennifer Baldwin,rachelwalker@example.net,753.991.9412x28802,Decision Maker,False
5654,2272,James Sandoval,orodriguez@example.com,+1-647-385-7277x1362,Procurement,True
5655,2272,James Wilson,brianna22@example.com,561.767.0154,Finance,False
5656,2272,Brandon Brown,stephanie51@example.net,521-507-1249,Finance,False
5657,2272,Chad Mccarthy,samuel77@example.com,(355)808-7678x4652,Procurement,False
5658,2272,Bonnie Bell,fosterbradley@example.org,001-826-893-8858x59917,Finance,False
5659,2273,Michael Salazar,ysmith@example.net,493-410-1728,Decision Maker,False
5660,2273,Bonnie Walters,hjimenez@example.net,001-416-271-4787x55041,Procurement,True
5661,2273,Heidi Roberts,taylorstephanie@example.com,(387)216-0801x57415,Procurement,False
5662,2273,Catherine Stewart,williamjones@example.com,981.506.9940,Finance,True
5663,2274,Danny Hawkins,leslie07@example.net,(586)742-3588,Decision Maker,False
5664,2274,Emily Patel,eric56@example.org,262.218.3192x889,Decision Maker,False
5665,2274,John Chang,hcoleman@example.com,6007575177,Decision Maker,False
5666,2275,Jessica Combs,brownannette@example.net,001-493-848-2533,Decision Maker,True
5667,2276,Jason Green,samuelkelly@example.org,001-476-582-5477,Procurement,False
5668,2276,Kelsey Davis,richchristina@example.com,001-442-258-6168,Technical,True
5669,2276,Brandon Ballard,bonniecarpenter@example.net,815.783.1972x3094,Technical,True
5670,2276,Anthony Jenkins,rharper@example.com,4819746708,Procurement,True
5671,2277,James Allen,cervantesaaron@example.com,(993)946-4711x084,Procurement,False
5672,2277,Brandon Daniel,nicholas23@example.com,001-466-760-5547x3103,Finance,True
5673,2277,Grace Herring,garyburton@example.net,(307)876-2880x816,Procurement,True
5674,2278,Marissa Flores,ulopez@example.org,2568165735,Technical,False
5675,2278,Melissa Estrada,ellen43@example.org,(925)501-1113,Decision Maker,True
5676,2278,Jasmine Randall,donnagreen@example.net,745-413-4151x4228,Finance,False
5677,2279,Katrina Taylor,tara77@example.org,286.550.7347,Technical,True
5678,2279,Joseph Becker,christinelane@example.net,476-620-3293x83490,Technical,False
5679,2279,Jon Lee,ramosrobert@example.org,5194933742,Decision Maker,False
5680,2279,Calvin Curry,heather55@example.org,699-854-7418,Decision Maker,True
5681,2279,Robert Brown,ethan22@example.com,719.438.8897,Technical,False
5682,2280,Robert Walker,ddavis@example.com,001-842-632-0820x2346,Technical,False
5683,2280,Jeanne Lamb,jason06@example.org,9497820111,Decision Maker,True
5684,2280,James Clark,invalid_email,9012357754,Decision Maker,False
5685,2281,Eric Thomas,ericmorris@example.org,2707044490,Procurement,False
5686,2281,Keith Edwards,amymartinez@example.org,(491)351-0861,Technical,False
5687,2281,Dominic Flores,brooksdaniel@example.com,(278)773-0896x9996,Decision Maker,True
5688,2281,Spencer Miller,christyarnold@example.net,411-497-5408,Finance,False
5689,2282,Mark Mclaughlin,carolyn54@example.com,(574)267-9207,Technical,True
5690,2282,Joanna Acosta,cherylmartin@example.net,001-715-644-6257x659,Decision Maker,True
5691,2282,Mikayla Walker,markhoffman@example.net,304-451-4603x173,Technical,False
5692,2283,Kayla Tate,marc18@example.net,218-712-1391,Procurement,True
5693,2283,Alexander Johnson,williamwells@example.com,495.351.4257,Decision Maker,False
5694,2283,John Gonzales,ddoyle@example.com,258.697.7801,Procurement,True
5695,2283,Eddie Hess,tpetersonexample.org,(831)298-0709x20812,Finance,False
5696,2284,Steven Perez,christopherdaniel@example.org,(705)379-1269x893,Technical,False
5697,2284,Alexa Hamilton,christianroy@example.org,(222)718-0830,Decision Maker,False
5698,2284,Anthony Kirby,bakervernon@example.net,744-203-6081,Procurement,False
5699,2285,Charlene Walters,stricklandcrystal@example.org,761-528-9255x077,Procurement,False
5700,2285,Melanie Johnson,robertsantiago@example.com,+1-245-495-1752x5757,Procurement,True
5701,2285,Matthew Ortiz,ubarrett@example.org,2913571016,Procurement,False
5702,2285,Eric Poole,xflores@example.net,2346141044,Finance,False
5703,2285,Stephen Simmons,diana01@example.com,631.957.8856,Procurement,False
5704,2286,Michael Morse,zwalker@example.com,+1-829-651-3652x201,Technical,True
5705,2286,Angela Larson,preyes@example.net,+1-363-876-3953,Decision Maker,True
5706,2286,Michelle Booker,boylecandice@example.com,646-935-6105x390,Decision Maker,True
5707,2286,Melissa Lindsey,jimmymedina@example.net,(971)467-4533x83297,Finance,False
5708,2287,Theresa Meyers,david89@example.net,7943545492,Decision Maker,False
5709,2287,Patricia Serrano,phillipericksonexample.org,001-371-754-9123x5746,Procurement,True
5710,2287,Timothy Williams,amoses@example.org,(935)877-8707,Finance,True
5711,2288,Vanessa Salas,walterisaiah@example.com,001-911-773-7351,Decision Maker,False
5712,2289,Alexandria Jensen,john45@example.net,6406466165,Decision Maker,False
5713,2290,Wendy Watson,melissa82@example.com,8238466436,Decision Maker,True
5714,2290,Kelly Holder,jennifermartinez@example.com,(939)203-9911x9275,Finance,True
5715,2291,Cody Kelley,staceymanning@example.com,822.874.7878,Technical,False
5716,2291,Rachael Hays,jgreen@example.net,4674279898,Finance,True
5717,2291,Alexandra Young,dsilva@example.com,001-674-775-2689x233,Finance,True
5718,2292,Michelle Cunningham,oschultz@example.org,(235)511-3184,Finance,False
5719,2292,Anthony Allen,qmiller@example.net,8515318713,Decision Maker,False
5720,2292,Carol Obrien,quinnjacqueline@example.com,001-470-577-7903x3723,Procurement,True
5721,2292,Jill Irwin,timothystrong@example.net,457-756-1383x410,Finance,False
5722,2293,Miranda Rodriguez,millermatthew@example.net,(745)585-4762x14621,Procurement,False
5723,2293,Theresa Mccullough,ambersmith@example.org,913.839.2003,Technical,True
5724,2293,Donna Keith,weavergabriel@example.net,601.865.5529x0908,Technical,False
5725,2293,Kelly Adams,wellsjessica@example.net,(987)838-6079x77163,Procurement,True
5726,2294,Joseph Palmer,rfloyd@example.org,+1-209-416-9339,Procurement,True
5727,2294,Troy Nichols,jamesboone@example.com,(788)843-0365x933,Finance,True
5728,2294,Nicholas Cooley,grayjeremy@example.org,+1-796-298-9166x79326,Technical,True
5729,2294,James Cruz,lowens@example.com,907-267-7941x043,Procurement,False
5730,2294,Victor Carter DDS,kelsey40@example.org,673.307.2759,Decision Maker,True
5731,2295,William Hicks,nolsen@example.org,780.420.7191x298,Procurement,True
5732,2295,Ian Davis,david09@example.com,+1-813-297-2188x04853,Procurement,False
5733,2295,Marie Frederick,zhill@example.org,508-398-0829x114,Finance,True
5734,2295,Linda Stokes,susanmcgee@example.com,331.955.1069,Finance,True
5735,2295,Bruce Marsh,uhoward@,(207)848-9506x35967,Technical,True
5736,2296,Dale Anderson,rodgersjohn@example.org,(912)566-1510x28006,Finance,True
5737,2296,Corey Giles,taylorlisa@example.com,+1-891-711-7063x60578,Finance,True
5738,2297,Kimberly Smith,hfitzgerald@example.com,(991)754-3816x374,Decision Maker,True
5739,2297,Oscar Atkins,hilleric@example.com,416-215-3843,Procurement,False
5740,2297,Miss Tina Lopez,hmonroe@example.net,+1-519-518-2359,Procurement,False
5741,2298,Bianca Reed,kathylynch@example.com,830.386.8386,Procurement,False
5742,2298,Charles Marshall,yjefferson@example.com,001-216-692-8604x45428,Technical,False
5743,2298,Kenneth Reynolds,katherinefreeman@example.com,470-493-7648x2200,Technical,True
5744,2299,Gregory Sanchez,raymondcox@example.com,(555)906-3990,Technical,False
5745,2300,Amy Campbell,alyssa52@example.com,001-876-309-8883x84917,Decision Maker,False
5746,2300,Kevin Peterson,ibarrett@example.org,(788)705-9211,Procurement,False
5747,2300,Thomas Neal,meyerskristin@example.com,286-814-3010x3986,Finance,True
5748,2300,Martin Norris,andersonchristopher@example.com,+1-692-767-9959,Procurement,True
5749,2301,Chelsea Dean,vreed@example.com,845-721-5446x584,Technical,True
5750,2301,Christian Brown,christensenjohn@example.com,001-430-824-5066x952,Procurement,True
5751,2301,Taylor Carter,silvaerin@example.net,2653235771,Technical,True
5752,2301,Danielle Phillips,jacksonderrick@example.com,001-454-757-8334,Decision Maker,True
5753,2302,Dennis Smith,shannontaylor@example.net,+1-877-260-0115,Finance,False
5754,2302,Lisa Rodriguez,russopaul@example.com,2035090065,Decision Maker,False
5755,2302,Diana Leonard,craig10@example.com,296.778.4453x1236,Decision Maker,False
5756,2302,John Smith,ksmith@example.com,5737829438,Finance,False
5757,2303,Kevin Levy,williamsdaniel@example.net,8826694684,Technical,True
5758,2305,David Scott,stephen82@example.com,(447)280-1149x8566,Finance,True
5759,2305,Andrea Johnson,alexisparks@example.com,001-380-353-5434x534,Procurement,False
5760,2305,Carrie Warren,cindy81@example.org,001-790-484-8567,Finance,False
5761,2306,Claudia Howard,wcarr@example.com,+1-770-812-1216,Finance,False
5762,2306,Michelle Stokes,corey79@example.net,(608)323-4272,Procurement,False
5763,2307,Christopher Lloyd,jody42@example.org,7264392133,Procurement,False
5764,2307,Shelby Robbins,ahall@example.net,(723)479-1118,Finance,False
5765,2307,Douglas Calderon,danielleanderson@example.com,(745)295-7986x7917,Procurement,True
5766,2308,Craig Powell,jason62@example.com,311-736-3098,Technical,True
5767,2308,Michael Norman,rodriguezlisa@example.net,001-762-710-3803x8201,Decision Maker,False
5768,2308,Claudia Soto,garciabenjamin@example.net,001-594-311-5626x028,Finance,False
5769,2308,Omar Gonzalez,kristi48@example.com,7425966813,Technical,False
5770,2310,Suzanne Nguyen,jennifermartinez@example.com,(613)364-1834x7298,Finance,True
5771,2310,Michael Snyder,ashley68@example.org,(940)243-8831,Finance,False
5772,2310,Dennis Reynolds,debbie87@example.org,252-702-7865,Technical,True
5773,2310,Jennifer Martinez,rhondastevenson@example.com,+1-945-507-9304x38697,Finance,False
5774,2311,Melanie Brown,collinsjessica@example.com,857-450-8657x239,Technical,True
5775,2311,Tyler Miller,hcollier@example.org,930.883.2773x3881,Technical,True
5776,2312,Kathryn Scott,emmasmith@example.org,5876146629,Decision Maker,False
5777,2312,Haley Fuentes,tina80@example.net,303-573-8443,Technical,False
5778,2312,Jonathan Aguilar,invalid_email,001-812-615-6892x4777,Procurement,True
5779,2312,Emily Campbell,pmoran@example.com,001-681-218-4842x3462,Finance,False
5780,2312,Lisa Coleman,davidclark@example.com,832-332-8243x319,Decision Maker,False
5781,2313,Wendy Spence,cassandra12@example.org,+1-808-288-2804x2263,Finance,True
5782,2313,Nicole Underwood,joelthomas@example.org,(398)909-1048x6696,Decision Maker,False
5783,2313,Nicholas Parker,rebecca56@example.org,909.734.8725,Procurement,True
5784,2314,David Morrison,dawn06@example.net,225-633-5106x90181,Technical,True
5785,2314,Kelly Glenn,kristenbutler@example.com,(410)523-0144x200,Technical,True
5786,2315,Joshua Morris,karenpatel@example.org,001-606-934-0720,Technical,True
5787,2315,Tiffany Johnson,invalid_email,3187243544,Technical,False
5788,2315,Jeanne Mason,bgoodman@example.com,+1-252-354-6534x96254,Procurement,False
5789,2315,Rachel Nguyen,invalid_email,+1-636-684-2348x1207,Procurement,True
5790,2316,Laura Harris,smithdustin@example.org,001-938-293-8481x206,Finance,True
5791,2317,Mindy Lamb,ethan60@example.org,+1-608-303-0940x8733,Decision Maker,True
5792,2317,Christina Olson,dukecharles@example.com,5903376021,Procurement,False
5793,2317,Joshua Mendoza,reginamcdonald@example.org,620.293.3895,Technical,True
5794,2319,Evan Williams,masonmeghan@example.org,2852477945,Procurement,True
5795,2319,Michael Charles,invalid_email,412-517-1444x97139,Finance,False
5796,2319,Marcus Rivers,adamskayla@example.com,(916)216-7889x8426,Finance,False
5797,2319,Jennifer Ferguson,bmorrison@example.net,4906415398,Decision Maker,True
5798,2320,Lisa Odonnell,woodnathaniel@example.com,001-406-438-7844x947,Technical,True
5799,2320,Kristin Walker,ywilliams@example.com,627-409-9230,Decision Maker,True
5800,2320,Jeffrey Lynch,nathanielyoder@example.org,815.735.8946x826,Finance,False
5801,2320,Rachel Cook,brianjones@example.org,001-811-713-8465x6623,Technical,True
5802,2322,Roger Rivers,eoneill@example.com,(480)295-7229x118,Decision Maker,False
5803,2322,Tyler Wagner,smitheric@example.org,506.881.5239x91933,Finance,False
5804,2322,Mark Silva,gutierrezmichelle@example.org,610-861-4793x411,Procurement,True
5805,2322,Laura Koch,deleonrachel@example.org,567.283.3011x4876,Finance,False
5806,2324,Diane Harmon,aaronmoreno@example.com,+1-870-825-3177x73843,Finance,False
5807,2324,Debra Garza,crawfordkaren@example.net,864-389-4793,Decision Maker,False
5808,2324,Jose Bailey,shelly22@example.org,959-715-9186x3628,Technical,False
5809,2324,Valerie Smith,lindsay22@example.org,3882959163,Technical,True
5810,2325,Elizabeth Graham,jacobhendricks@example.com,001-332-459-7805x2605,Finance,True
5811,2325,Paula Griffin,angela00@example.net,+1-348-621-3650x4217,Technical,True
5812,2325,Ashley Oneal,olsonsavannah@example.com,+1-642-642-7612x172,Technical,False
5813,2325,Marcus Powell,ophillips@example.com,+1-939-804-0371x3730,Finance,False
5814,2326,Tanya Nguyen,sethmiller@example.net,388.672.3785x899,Procurement,True
5815,2327,Gail Carroll,stewartshannon@example.com,2839530730,Decision Maker,True
5816,2328,Cindy Matthews,huntallison@example.com,(773)221-9814,Technical,True
5817,2329,Jessica Hall,cookdavid@example.org,+1-232-614-6961x1747,Finance,True
5818,2330,Charles Hoffman,lisa89@example.com,+1-619-419-2177,Procurement,False
5819,2330,David Thompson,frank16@example.net,785.865.9129,Finance,True
5820,2330,Rebecca Harris,susanbraun@example.net,+1-845-324-0672,Technical,False
5821,2330,Samuel Newman,morgan63@example.com,573.965.4972x5979,Technical,False
5822,2330,Beverly Wright,oandrews@example.com,+1-755-224-4469x543,Decision Maker,False
5823,2332,Carlos Reyes,carol08@example.net,(727)971-3667x3007,Technical,False
5824,2332,Barry Chen,leslie85@example.org,(501)832-0946x17310,Decision Maker,True
5825,2332,Aaron Carter,hoodnicole@example.net,+1-269-330-0713x065,Finance,True
5826,2333,Alec Brooks,joseph32@example.com,+1-587-752-0419x778,Finance,True
5827,2333,Allison Stein,kellylucero@example.org,349.818.6274x256,Finance,True
5828,2333,Kimberly York,khall@,997.409.2027x162,Procurement,False
5829,2334,Sara Perez,hernandezregina@example.com,653-567-2584x36461,Decision Maker,False
5830,2334,Marc Maynard,johnmiller@example.org,5496668537,Finance,True
5831,2334,Christopher Schneider,kimcollins@example.org,+1-552-248-9844x488,Procurement,False
5832,2334,Brian Moore,peter02@example.net,001-271-662-4717x4303,Finance,True
5833,2334,Jorge Stokes,williamsjacob@example.org,001-736-303-0814x52283,Finance,False
5834,2336,Michael Smith,lauren84@example.com,(749)384-1611,Technical,False
5835,2336,Kenneth Kemp,samantha91@example.org,+1-514-327-2657x1467,Procurement,False
5836,2336,Timothy Mcdaniel,richardbrown@example.net,(274)929-4868x935,Technical,False
5837,2336,Jessica Boone,dianabuckley@example.net,606.417.3247x5928,Technical,True
5838,2337,Mason Everett,nicholas31@example.net,001-430-215-3542,Procurement,False
5839,2337,Angelica Perez,lindahernandez@example.org,(449)246-5404,Technical,False
5840,2338,Dennis Wilson,invalid_email,762-666-7715,Decision Maker,True
5841,2338,Lisa Hanson,jasonsampson@example.net,7329564325,Procurement,True
5842,2338,Edward Harrington,dianegrant@example.net,628-417-7596,Technical,False
5843,2338,Michael Sanchez,rjones@example.com,3956525503,Procurement,True
5844,2339,Kelli Rodriguez,weaverjose@example.org,517-637-7095x7096,Procurement,False
5845,2340,Elizabeth Weeks,nataliemontgomery@example.org,(785)577-3569x059,Decision Maker,True
5846,2342,Danielle Webster,drew53@example.org,292-459-9600,Finance,False
5847,2342,Kara Ware,ruth84@example.com,(515)541-6129x875,Finance,True
5848,2342,Jeremy Pace,zjohnson@example.com,260-801-6994,Finance,True
5849,2342,Meagan Rodriguez,croberts@example.com,001-626-709-5316x639,Technical,False
5850,2343,Brandon Johnson,jordanchad@example.org,584-777-7335x12005,Technical,True
5851,2343,Mark Moran,dunlappeter@example.org,699.839.3206x66076,Procurement,True
5852,2343,Rodney Giles,murrayrachel@example.org,001-269-732-9723x2522,Finance,True
5853,2345,Curtis Wood,xvazquez@example.com,+1-643-402-4787x58670,Technical,True
5854,2345,Anthony York,becky79@example.com,774.787.0803,Decision Maker,True
5855,2345,Nicole Simon,marywilliamson@example.org,(439)784-5192x36345,Technical,True
5856,2346,Laura Meyer,andersoncarlos@example.com,001-988-315-7524x36187,Decision Maker,False
5857,2347,Kelly Weaver,dstanley@example.org,001-598-482-2536x1249,Procurement,True
5858,2348,Roberto Stewart,invalid_email,732-667-3464x1943,Decision Maker,True
5859,2348,Max Liu,jlopez@example.org,+1-296-737-0936x75368,Procurement,True
5860,2348,Tommy Cook,marieshaw@example.net,512.873.7028,Decision Maker,False
5861,2348,Krista Singh,spencercatherine@example.com,457.852.5840x38023,Finance,False
5862,2349,Katherine Anderson,martinezsteven@example.com,502-396-3026,Finance,True
5863,2349,Kenneth Copeland,scottwalters@example.net,321-859-8331,Technical,True
5864,2349,Daniel Clark,jwagner@example.org,875.635.9689x39724,Decision Maker,False
5865,2350,Brett Cook,jennifer84@example.net,281.370.4586x3883,Decision Maker,True
5866,2350,Carl Sullivan,williamsadam@example.org,264.282.7499x127,Finance,False
5867,2351,James Hall,george33@example.net,4868755774,Procurement,False
5868,2352,Jordan Estrada,reynoldsheather@example.org,001-994-593-8939x4157,Technical,False
5869,2353,Benjamin Johnson,barbara90@example.com,548.855.4146x3676,Procurement,True
5870,2354,Paul Munoz,ccherry@example.org,3882479984,Technical,False
5871,2354,David Reyes,tamarapatterson@example.com,299-271-6972x8771,Procurement,False
5872,2355,Jennifer Willis,hernandezleroy@example.org,864-586-2508,Technical,False
5873,2355,Spencer Shelton,petersentyler@example.org,(462)314-3965x7311,Finance,True
5874,2355,John Jackson,bakeralfred@example.org,743.986.4307x599,Finance,False
5875,2355,Gregory Black,uwhite@example.com,001-392-420-9599x53221,Finance,True
5876,2355,Philip Rivera,pmoreno@example.net,(204)855-0261x952,Procurement,False
5877,2356,Patricia Stout,drobinson@example.com,724-293-8092x116,Finance,False
5878,2356,Elizabeth Hughes,dparker@example.org,234.703.5873x63132,Decision Maker,False
5879,2356,Donald Thompson,anthony32@example.org,248-306-8530x833,Finance,False
5880,2356,Justin Rasmussen,hollykirby@example.org,001-849-587-1498x414,Technical,True
5881,2356,Crystal Moore,kevin02@example.org,997-756-7328,Technical,False
5882,2357,Donald Smith Jr.,ngibbs@example.net,872.776.5013x128,Technical,False
5883,2358,Jason Brown,lisa63@example.com,580.408.1184x380,Decision Maker,True
5884,2358,Timothy Barker,burnettteresa@example.org,+1-610-827-4747,Technical,True
5885,2358,Richard Castro MD,holtkyle@example.net,703-207-0055,Technical,False
5886,2359,Darlene Paul,heathercastro@example.net,928.954.7142x3160,Decision Maker,False
5887,2359,Johnny Rodgers,rowen@example.com,304.523.7845x93506,Procurement,False
5888,2359,Henry Thompson,vjohnson@example.com,284.550.9643x36589,Decision Maker,True
5889,2359,Robert Chapman,timothyduncan@example.com,(773)558-6577x55576,Finance,True
5890,2359,Mark Knox,gonzalezmark@example.org,+1-817-266-5798x05763,Technical,False
5891,2360,Tiffany Mcguire,millerlawrence@example.com,796.529.8531,Technical,False
5892,2361,Christopher Strickland,braymark@example.com,579-270-1772x1419,Decision Maker,False
5893,2362,Sherri Herrera,zmiles@example.org,740.403.2793x008,Decision Maker,False
5894,2362,Brenda Boyd,briggsmichael@example.net,428-777-3411x547,Finance,False
5895,2362,Kristen Meyer,meghan64@example.net,463.373.5838,Procurement,True
5896,2362,Shannon Holloway,youngjoseph@example.com,+1-421-769-6383,Technical,False
5897,2362,Joyce Peterson,ryan05@example.net,(883)939-3579,Finance,True
5898,2363,Ann Ali,sierra29@example.net,6679371560,Technical,True
5899,2363,Stacey Miller,mirandadanielle@example.com,(426)490-7658,Decision Maker,False
5900,2363,Lauren Hoover,knappmorgan@example.net,(414)771-1070x083,Technical,False
5901,2363,Robert Wheeler,kentelizabeth@example.com,844.900.5134x8543,Decision Maker,True
5902,2364,Gina Ramirez,spatton@example.org,001-562-465-5584x24574,Technical,True
5903,2365,Jasmine James,patricia07@example.com,+1-646-554-3284x65174,Technical,False
5904,2365,Tricia Lopez,wwolf@example.org,001-561-357-5621,Finance,True
5905,2365,Kimberly Peters,jford@example.net,645.928.4632x20978,Finance,True
5906,2367,Paul Middleton,amata@example.org,7623751140,Decision Maker,True
5907,2367,Tara Barton,maureen64@example.org,001-998-371-0250x19662,Finance,False
5908,2368,Austin Baird,townsendchristopher@example.com,(513)220-3045,Technical,True
5909,2369,Maureen West,dsmith@example.com,973-977-6693,Decision Maker,True
5910,2369,Nicholas Adams,joy16@example.org,(222)209-5145,Technical,False
5911,2369,Susan Fields,ojones@example.com,5468404145,Finance,False
5912,2369,Clifford Smith,michelle85@example.org,291.748.9191x462,Technical,True
5913,2369,Jacob Williams,glenn14@example.com,438-609-9538,Finance,False
5914,2371,Andrea Taylor MD,davidgarcia@example.org,221-307-2103,Technical,True
5915,2371,Kimberly Chavez,diana90@example.net,001-890-304-8287x35916,Finance,True
5916,2371,Natasha Taylor,riveramichelle@example.org,(377)757-7825,Decision Maker,True
5917,2372,Christina Jackson,adam08@example.org,+1-375-949-7579,Technical,True
5918,2373,Erik Kelley,fisherjohn@example.net,(467)520-4333x480,Technical,False
5919,2373,Pamela Wise,xmontoya@example.com,758.503.5025,Decision Maker,True
5920,2373,Ryan Blackburn,shanecarter@example.com,577.462.0222x52515,Technical,True
5921,2373,Amanda Moore,meganortiz@example.net,3148123004,Decision Maker,False
5922,2374,Brian Rice,cmarsh@example.net,001-787-749-8271x88374,Procurement,False
5923,2374,Nicole Krause,millersandra@example.com,749-572-5035x6173,Decision Maker,False
5924,2374,Kimberly Cummings,craig68@example.com,001-725-783-3057x6510,Procurement,False
5925,2374,Jeffrey Johnson,darlene55@example.com,+1-284-290-2268,Finance,False
5926,2375,Mary Ramirez,diazkelly@example.net,815-601-7534,Finance,False
5927,2375,Michael Nelson,pcobb@example.com,372.424.9781x934,Technical,True
5928,2375,George Shelton,codyrandall@example.com,980.244.5582x366,Decision Maker,False
5929,2376,Richard Pacheco,michaelstafford@example.org,001-775-891-5042x5328,Technical,False
5930,2376,Richard Roberts,jensenandrea@example.net,(740)290-0623x26133,Decision Maker,True
5931,2376,Jesus Mcintyre,john73@example.net,(753)221-2571x668,Decision Maker,False
5932,2376,Kimberly Joseph,lewislindsey@example.org,519.243.0307x6580,Procurement,True
5933,2377,Benjamin Mcgee,lduncan@example.org,+1-713-279-3237x10789,Technical,True
5934,2377,George Butler,moondeborah@example.org,587-930-2929x776,Finance,True
5935,2377,Carlos Johnson,reidtoni@example.com,262-657-2118,Technical,False
5936,2378,Erica Prince,baxtermike@example.com,530.751.1807x8563,Technical,True
5937,2378,Stephanie Moore,natalie20@example.org,578.982.3753,Technical,True
5938,2380,Jamie Flowers,erikliexample.com,909.315.4828,Technical,True
5939,2380,Jon Jones,nelsonalicia@example.net,(475)733-4727x289,Procurement,True
5940,2380,Holly Martinez,heathmartin@example.net,632.809.1723x9536,Procurement,False
5941,2380,Daniel Arellano,chrisdavis@example.com,+1-575-641-4371x9841,Decision Maker,False
5942,2380,Diana Knight,brittanyhernandez@example.com,949.628.4346,Decision Maker,True
5943,2381,John Pope,amynunez@example.com,(651)407-5396,Procurement,True
5944,2381,Charles Harris,moorecatherine@example.net,(717)609-4560x336,Finance,False
5945,2381,Kristen Romero DDS,erica16@example.org,6634864622,Decision Maker,True
5946,2381,Casey Andrade,amyallen@example.org,989-215-5667,Procurement,True
5947,2381,Barbara Smith,rshawexample.net,8862009203,Technical,False
5948,2382,Jacqueline Henderson,griffincourtney@example.com,(743)501-1402,Procurement,True
5949,2382,Melissa Miller,catherine43@example.net,(219)954-0315x804,Technical,False
5950,2383,Steven Cook,ojohnson@example.net,520.243.2699,Finance,True
5951,2383,Raymond Barker PhD,kim67@example.org,+1-303-439-7943x27109,Technical,False
5952,2383,Tamara Pugh,michael06@example.com,001-857-652-7287x25863,Decision Maker,False
5953,2384,Lee Grant,spencerelizabeth@example.net,(950)832-9365x9771,Technical,True
5954,2384,Anthony Matthews,sophia93@example.com,001-433-273-5163x6694,Procurement,True
5955,2384,Brenda Hernandez,dbrown@example.org,+1-432-863-9731,Finance,True
5956,2384,Terri Nichols,richard79@example.org,568-281-9750x47251,Decision Maker,True
5957,2384,Kathryn Spencer,invalid_email,390.287.4235x1898,Decision Maker,True
5958,2385,Christian Phillips,melissavargas@example.net,001-854-424-8544x4956,Decision Maker,True
5959,2385,George Jones,ojohnson@example.org,(854)268-3458x594,Decision Maker,False
5960,2385,Ryan Burgess,ybrown@example.net,(621)393-0590,Decision Maker,False
5961,2385,Gary Anderson,williamschris@example.org,(842)852-8490x664,Technical,False
5962,2385,Zachary Marsh,james44@example.net,(217)384-3577x62497,Technical,False
5963,2386,Brooke Delgado,riverajohn@example.net,+1-496-217-3559x25961,Decision Maker,False
5964,2386,Monique Foster,sjames@example.net,+1-615-805-9529,Procurement,False
5965,2386,Joseph Padilla,dawnwhite@example.org,745.306.7369,Decision Maker,False
5966,2387,Eileen Spears,ryancase@example.net,205-710-8173,Technical,False
5967,2387,Rebekah Singh,badkins@example.org,651.812.4225x35664,Decision Maker,False
5968,2387,Nicholas Cooper,joseph69@example.net,405-246-8377,Procurement,True
5969,2387,Jake Dunn,nhart@example.org,001-521-323-0942x78410,Finance,False
5970,2387,Blake Torres,jennifer94@example.org,291.725.2121,Decision Maker,True
5971,2389,Gina Brown,billy14@example.net,8134141481,Technical,False
5972,2389,Gregory Porter,john19@example.org,667-228-3776x50120,Finance,False
5973,2390,Bianca Reynolds,huffmanmary@example.com,+1-598-633-2600x052,Decision Maker,True
5974,2390,James Moyer,ramirezroger@example.org,001-243-330-5238x698,Procurement,False
5975,2390,Tyler Hobbs,abentley@example.com,517.856.1734x353,Finance,False
5976,2390,Melanie Flores,fordleslie@example.org,001-822-574-7212x1965,Finance,True
5977,2390,John Wright,nshepard@example.com,794.500.2314x3614,Finance,False
5978,2391,Scott Ayala,kimjennifer@example.org,(328)240-5302,Technical,False
5979,2391,Charles Moran,amy61@example.org,8894603302,Decision Maker,False
5980,2391,Kari Jones,christopher30@example.net,287-682-6892x042,Decision Maker,True
5981,2391,Crystal Hampton,michelelynch@example.net,532.574.5338,Finance,True
5982,2391,Kelly Brooks,courtneymeyers@example.org,272.390.7246,Technical,False
5983,2392,Samantha Miller,kwilliams@example.com,5277381036,Procurement,False
5984,2393,Stephanie Chavez,gscott@example.org,001-400-789-9919x6880,Decision Maker,True
5985,2393,Katrina Grant,cclark@example.net,+1-411-491-9445x37432,Technical,True
5986,2393,Ann Dalton,sherri05@example.net,+1-244-348-2413,Procurement,False
5987,2393,Ronnie Brooks,valerie05@example.net,(998)578-6254x5092,Decision Maker,True
5988,2395,Andrew Harrison,caroline91@example.org,001-406-836-7277x387,Finance,False
5989,2395,Donna Rogers,shansen@example.net,468-845-0528x331,Technical,False
5990,2395,Andrew Rowland,sheilasimpson@example.com,832-993-6228,Finance,False
5991,2395,Kimberly Ortiz,susanball@example.org,(242)683-4581x1964,Procurement,False
5992,2396,Sandra Finley,amberdean@example.net,+1-955-632-8773x94935,Finance,False
5993,2396,Jason Baxter DDS,watersmary@example.org,725-209-9953,Technical,False
5994,2397,Abigail Martinez,nicholasbutler@example.org,572.478.2145x851,Procurement,False
5995,2397,Kristi Fernandez,carolynbowman@example.net,+1-849-596-4933x9491,Decision Maker,False
5996,2397,Tracy Jones,ucherry@example.com,001-944-398-7657,Decision Maker,False
5997,2398,Stacey Hampton,kurtsanders@example.org,692.847.9878,Technical,True
5998,2398,William Gray,milescarlos@example.org,(558)827-6169,Technical,False
5999,2398,Karen Martin,andrewjohnson@example.com,(312)387-7406,Finance,False
6000,2398,Gerald Walters,heather50@example.org,001-465-394-2770x266,Procurement,True
6001,2398,Jennifer Martin,christine65@example.net,+1-687-892-3528x58366,Decision Maker,False
6002,2399,Alicia Ford,gibbspatricia@example.com,893-357-8145x388,Procurement,False
6003,2399,Dr. Maria Ball,anthony01@example.com,001-824-920-9944x1134,Procurement,False
6004,2399,Nathan Lewis,olivia85@example.org,+1-752-390-3190,Finance,True
6005,2399,Nicole Cobb,garciakurt@example.com,(652)364-9721x50652,Procurement,True
6006,2399,Nicole Sims,stewartjulie@example.org,360-431-6484x7359,Decision Maker,False
6007,2400,Joseph Vasquez,wendy59@example.com,694.514.5555x11130,Procurement,False
6008,2400,Calvin Schwartz,marychambers@example.com,+1-694-268-4019,Technical,False
6009,2400,Denise Sanchez,greenejessica@example.org,(761)224-6129x486,Procurement,True
6010,2402,Robert Parker,albert71@example.org,2926857230,Finance,True
6011,2402,Scott Cook,mcdanielandrew@example.com,689-832-5329x723,Technical,True
6012,2402,Jennifer Taylor,susan55@example.com,+1-735-298-0620x71020,Technical,False
6013,2402,Manuel Rice,josephoneal@example.com,(557)374-0001,Procurement,True
6014,2402,Russell Myers,maria74@example.org,001-857-726-5003,Decision Maker,False
6015,2403,Frank Fisher,soliver@example.com,262.435.8880x9846,Decision Maker,True
6016,2403,Billy Martin,johnhuffman@example.net,8339087253,Decision Maker,False
6017,2403,Sherri Perez,ortizanthony@example.com,+1-626-933-1852x418,Procurement,True
6018,2403,Stephanie Smith MD,michaelhall@example.net,653-204-5587,Technical,False
6019,2407,Daniel Nguyen,powellwilliam@example.com,001-887-680-0092x184,Technical,True
6020,2407,Taylor Johnson,robertwest@,(637)905-1492x328,Decision Maker,True
6021,2409,Ivan Boyd,ogordon@example.com,(913)337-7341,Technical,True
6022,2410,Jamie Dyer,christophersandoval@example.org,001-425-629-0915x63852,Procurement,True
6023,2410,Jennifer Boyd,vmiller@example.org,746-856-0311,Decision Maker,False
6024,2411,Colleen Davenport,justin48@example.org,995-331-8773,Finance,False
6025,2411,Benjamin Lopez,invalid_email,957.525.0644x8143,Procurement,False
6026,2412,John Rodriguez,haydenjustin@example.org,+1-532-606-9757x5093,Procurement,False
6027,2412,Cindy Rogers,michael66@example.org,+1-674-472-7925x0871,Finance,True
6028,2413,Christine Harper MD,ericksondonald@example.net,981-813-7029x87180,Finance,True
6029,2414,Alexis Goodwin,eric26example.org,(590)592-3210x792,Decision Maker,True
6030,2414,Justin Gutierrez,dana69@example.com,001-233-450-0571,Procurement,False
6031,2414,Veronica Maxwell,danderson@example.org,+1-726-438-6630x971,Technical,True
6032,2414,Mark Mendoza,tina86@example.net,+1-860-445-4867x58130,Decision Maker,True
6033,2414,Nicholas Taylor,nicholas63example.org,(594)996-7442x112,Technical,False
6034,2415,Michael James,samantha58@example.net,(218)242-3406x735,Finance,True
6035,2415,Debra Mcclain,thompsondeanna@example.net,+1-446-709-3442x5867,Decision Maker,False
6036,2415,Stephanie Moreno,jeffrey08@example.net,326.661.3809,Procurement,True
6037,2416,Matthew Smith,adamperez@example.org,904-549-1362,Technical,False
6038,2416,Brian Phelps,qalvarez@example.com,692-526-4583x6533,Technical,False
6039,2418,Todd Hernandez,mary49@example.org,001-269-542-8037x02147,Procurement,True
6040,2418,Peter Mills,kempkelly@example.com,+1-919-285-9907x55616,Decision Maker,False
6041,2418,Kevin Simmons,johnsonpeter@example.com,(953)380-3875x7963,Procurement,False
6042,2418,Christopher Bailey,campbelltristan@example.org,460.394.4082x461,Procurement,False
6043,2419,Sandra Huynh,johnsonjennifer@example.com,(370)395-1696x86791,Finance,True
6044,2419,Crystal Foster,sharon09@example.net,906-275-5498x43250,Finance,True
6045,2419,Megan Fowler,dominique43example.net,569.533.5591x1669,Procurement,True
6046,2419,Megan Carter,christina45@example.net,472-962-8892,Finance,True
6047,2419,Jacob Ferguson,tdavis@example.org,+1-891-996-7861x92277,Decision Maker,True
6048,2420,Cheryl Flowers,jennifershelton@example.net,+1-283-624-7218x0034,Decision Maker,True
6049,2420,Charles Boyle,wilsonchristopher@example.com,(853)718-1307,Procurement,True
6050,2420,Sarah Lee,justin46@example.com,+1-952-242-7584x0775,Technical,False
6051,2421,Lisa Brady,kevin61@example.com,+1-572-945-6794x971,Technical,False
6052,2421,Caitlin Martin,benjaminshaffer@example.com,001-934-299-9891x3908,Technical,False
6053,2425,Wendy Lopez,marissamarsh@example.com,(416)972-2669,Decision Maker,True
6054,2426,Tracey Diaz,taylor51@example.net,917-478-3081,Procurement,False
6055,2426,Lisa Watson,elizabeth74@example.com,4244925847,Procurement,False
6056,2426,Teresa Carpenter,joseclark@example.org,001-570-208-9747,Decision Maker,False
6057,2426,Jennifer Moore,janderson@example.com,+1-885-873-2292x797,Technical,True
6058,2426,William Roberson,imullins@example.org,957-924-6802,Finance,True
6059,2428,Billy Herrera,matthew21@example.net,297-612-9854x15859,Procurement,False
6060,2428,Paige Phillips,colemanelizabethexample.org,001-920-716-7483x2310,Finance,False
6061,2428,Sandra Brown,ryan28@example.org,(317)946-7426x7527,Finance,False
6062,2428,April Smith,lford@example.com,001-965-335-0747x771,Technical,False
6063,2432,Anthony Waters,fflores@example.com,001-853-832-2376,Technical,False
6064,2432,Heather Freeman,ronaldcox@example.com,(649)710-9948,Decision Maker,True
6065,2432,Christy Morales,qallen@example.org,6983363213,Technical,False
6066,2432,James Meadows,clarkjesus@,762.369.6973,Decision Maker,True
6067,2432,Arthur Martin,ramirezashley@example.com,001-395-225-3358x380,Decision Maker,False
6068,2433,Heather Martinez,darrell05@example.com,(880)574-2520x29961,Finance,True
6069,2433,Heather Robinson,stevenlopez@example.net,278-476-0709,Technical,False
6070,2433,Rachel Baird,jefferyaguirre@,343.981.0664x5890,Technical,False
6071,2433,Jerry Bryant,manningjanice@example.com,(621)833-5948x661,Decision Maker,False
6072,2435,Justin Walker,taylorjames@example.org,943-695-9581x84778,Technical,False
6073,2435,Julia Cain,pbennett@example.net,001-627-603-7522x52535,Procurement,True
6074,2435,Dylan Brown,johnsonjulia@,701-398-3343x237,Finance,True
6075,2435,Ethan Bell,austinpeter@example.org,906.657.5986x70328,Technical,True
6076,2435,Alexander Snyder,kaylaowens@example.org,622.435.3778x208,Procurement,True
6077,2436,Ryan Mitchell,megan22@example.net,001-558-876-9824x73733,Finance,True
6078,2436,Gregory Figueroa,campbelleric@example.com,568.676.3532,Technical,True
6079,2436,Elizabeth Dawson,williamskiara@example.com,696-939-6571x9894,Technical,True
6080,2437,Scott Fernandez,gbell@example.org,001-466-692-1123,Technical,True
6081,2437,Gary Harvey,kenneth83@example.net,001-282-680-8481x783,Procurement,False
6082,2438,Kelly Rodriguez,irwinbenjamin@example.org,(960)634-2280x698,Technical,True
6083,2439,Caitlin Malone,aaron33@example.net,795.852.1144x177,Decision Maker,True
6084,2439,Laurie Ramsey,eking@example.org,653.696.2036x36652,Technical,False
6085,2439,Suzanne Ray,millercarly@example.com,+1-539-519-0844x624,Technical,True
6086,2439,Sarah Jensen,cramirez@example.net,(923)579-0895x7838,Decision Maker,True
6087,2440,Erica Calhoun,alicia55@example.org,279-798-1263,Decision Maker,True
6088,2440,Robert Sanders,herreracharles@example.com,(797)310-6775x47503,Technical,False
6089,2440,Carla Johnson,ricebrooke@example.org,509.533.3392,Technical,False
6090,2441,Robert Peterson,ldyer@example.org,(352)204-4732,Decision Maker,False
6091,2441,Tina Bell,mtaylor@example.org,+1-300-338-1798x942,Technical,True
6092,2442,Robert Dorsey,jose69@example.org,4529379283,Decision Maker,False
6093,2442,Christine Miller,nmedina@example.com,494-403-6408,Technical,True
6094,2442,Katherine Snyder,hcoleman@example.com,001-272-692-0036,Decision Maker,False
6095,2442,David Peterson,obrown@example.com,001-305-454-0343,Finance,True
6096,2442,Scott Kelly,invalid_email,319.815.9852x2588,Finance,True
6097,2443,April Romero,cynthiafisher@example.org,+1-595-639-0418x303,Procurement,False
6098,2443,Theodore Rivera,daniel85@example.net,281-431-7158,Finance,False
6099,2443,Melissa Kane,margaret98@example.org,768-599-6214,Procurement,False
6100,2444,Travis Brown,laurie37@example.com,(955)768-0982x1993,Procurement,True
6101,2444,Parker Lee,davidsonjennifer@example.org,946.285.6884x0961,Finance,True
6102,2444,Tara Gray,amanda11@example.com,+1-308-532-6269x6737,Finance,False
6103,2444,Amanda Ramirez,laura23@example.org,+1-675-979-0689x429,Decision Maker,False
6104,2445,William Hill,martinezrhonda@example.org,+1-301-661-1341x559,Finance,True
6105,2445,Larry Banks,kelseywatson@example.org,436-226-5938,Decision Maker,False
6106,2446,Savannah Martinez,leonardtaylor@example.org,708-265-3661,Procurement,False
6107,2447,Jacqueline Simpson,mday@example.net,(299)518-4844,Finance,False
6108,2447,Christopher Calderon,invalid_email,001-707-669-5268x17552,Procurement,True
6109,2447,Matthew Morris,lawrenceethan@example.org,419.871.4643x674,Decision Maker,True
6110,2447,Julie Hart,wardwilliam@example.net,722-460-7972,Procurement,False
6111,2447,Kyle Waters,oharris@example.org,648.932.2573,Finance,False
6112,2448,George Wallace,delgadodaniel@example.com,+1-706-397-5222x076,Decision Maker,False
6113,2448,Rachel Taylor,murphycharles@example.net,+1-971-975-2295x9267,Procurement,False
6114,2449,Justin Drake,wangkimberlyexample.org,8438661662,Technical,False
6115,2449,Rebecca Santana,nicholaslogan@example.org,877.844.5489x176,Technical,True
6116,2449,Tiffany Powers,pmontes@example.org,001-822-573-4305x648,Decision Maker,False
6117,2450,Andre Palmer,christopher10@example.net,+1-516-743-7237x995,Procurement,True
6118,2450,Kristi Butler,ylewis@example.net,001-840-742-9386x54047,Decision Maker,True
6119,2450,Amber Hall,qsanchez@example.org,813-581-5705x164,Procurement,False
6120,2450,Matthew Ramirez,derek25@example.org,+1-723-963-0111x92956,Finance,True
6121,2452,Patrick Carney,ricealexandra@example.org,823.873.6767,Finance,True
6122,2452,Christy Simmons,zbean@example.net,917-273-0013,Finance,False
6123,2452,Steven Evans,srobinson@example.com,(655)596-4881x906,Finance,False
6124,2453,Larry Gonzalez,thomasvasquez@example.net,743-415-6565x226,Decision Maker,True
6125,2453,Jennifer Smith,hfordexample.com,001-880-788-6034x5409,Procurement,False
6126,2453,Brittany Rogers,bennettdennis@example.org,3484238474,Technical,True
6127,2453,Katie Stewart,rachelwu@example.net,367-805-3701,Decision Maker,True
6128,2454,William Holland,oliviachambers@,+1-585-633-1370x25731,Technical,True
6129,2454,Trevor Valentine,hjimenez@example.org,3627408009,Decision Maker,True
6130,2454,Richard Myers,josephwoods@example.com,001-593-910-0846x8739,Decision Maker,True
6131,2454,Ashley Richards,qbullock@example.net,(811)266-6326x88816,Finance,True
6132,2454,Brittany Dalton,tammyroach@example.com,001-918-448-7994x6307,Finance,False
6133,2455,Emily Smith,invalid_email,262.499.4863,Finance,True
6134,2455,Danielle Baker,ubriggs@example.com,854.745.3716,Procurement,True
6135,2456,Nicolas Murphy,mendozaantonio@example.org,001-355-527-1800x9651,Finance,True
6136,2456,Patrick Black,jmanning@example.com,+1-866-293-7732x6279,Procurement,True
6137,2456,Colleen French,juliamoses@example.com,338.705.2674,Decision Maker,True
6138,2457,Isaiah Thomas,nicole13@,816-496-0365,Decision Maker,True
6139,2457,Michelle Taylor,zpatton@example.com,4128585472,Procurement,True
6140,2457,Sarah Edwards,chandlerannette@example.net,+1-612-516-7565,Technical,True
6141,2458,Linda Walker,hollandlucas@example.org,+1-550-491-9673x045,Decision Maker,True
6142,2458,Jonathan Hall,troy09@example.net,+1-222-671-8053x6134,Decision Maker,True
6143,2458,Robert Reeves,scott28@example.com,705.316.3257,Finance,True
6144,2459,Brett Fernandez,selenawise@example.org,805.612.3358x485,Procurement,True
6145,2459,Madeline Jacobs,pmiller@example.com,250.418.7339,Technical,True
6146,2459,Cole Chambers,kayla81@example.com,(341)660-5384x926,Technical,False
6147,2460,Sheri Ruiz,patricia30@example.org,+1-416-232-4694,Decision Maker,True
6148,2460,James Braun,jordanyvonne@example.net,430-972-0466,Decision Maker,True
6149,2461,Erin Caldwell,lisaatkinson@example.net,001-858-330-7244x064,Decision Maker,True
6150,2461,Diamond Good,gibsonryan@example.org,8129491289,Technical,False
6151,2461,Alice Tran,nadams@example.com,001-931-389-5560x22337,Decision Maker,False
6152,2463,Felicia Parker,lambertjoseph@example.com,(386)571-4184x573,Finance,True
6153,2463,Samantha Baker,newmanjoan@example.com,492-205-7767,Finance,True
6154,2463,Elizabeth Donaldson,griffinhailey@example.org,001-361-989-4136x9301,Decision Maker,False
6155,2463,Molly Smith,rharrington@example.com,860.636.0334,Decision Maker,True
6156,2464,Bianca Jackson,kelly80@example.org,526-704-6282,Finance,True
6157,2464,Phyllis Wood,jennifer58@example.org,(917)876-2938,Finance,True
6158,2464,Laura Powell,jrich@example.com,622.832.9910x67818,Procurement,True
6159,2464,Victoria Stewart,beckywilliams@example.com,345.525.3687x0203,Finance,False
6160,2464,Melissa Edwards,kristen29@example.com,(863)353-4411x77840,Finance,False
6161,2466,Heather Williams,zevans@example.net,(393)593-3121,Procurement,True
6162,2466,David Harris,karenhenderson@example.com,7162649399,Procurement,False
6163,2466,Jenna Malone,kiara10example.net,+1-905-775-4198x77969,Procurement,False
6164,2466,Adrienne Mueller,sheilajones@example.org,+1-211-747-7211x548,Procurement,False
6165,2467,Malik Miller,patty45@example.org,828-998-9351,Technical,True
6166,2467,Tim Thompson,nelsondeborah@example.org,+1-762-384-5513,Finance,True
6167,2467,Michelle Mitchell,laura47@example.net,9502249812,Finance,True
6168,2467,Michael Gordon,eryan@example.com,5505980481,Decision Maker,True
6169,2467,Anne Lowery,andres92@example.com,001-569-483-7128x28791,Finance,False
6170,2468,Kim Taylor,rlopez@example.org,271.478.6094,Finance,False
6171,2468,Nicholas Chambers,diana44@example.org,214.695.5749,Finance,True
6172,2468,Leah Buchanan,bhansen@,+1-553-707-1256x093,Procurement,False
6173,2468,Michele Wheeler,petersonkatelyn@example.net,936-360-2067,Procurement,False
6174,2468,Heather Lewis,robinsonkristy@example.com,587.870.6752x34010,Decision Maker,True
6175,2469,Aimee Ellis,amanda86@example.org,(211)993-0909x7118,Procurement,True
6176,2469,Robert Small,ryan65@example.org,666.795.4734x525,Technical,False
6177,2469,Linda Jenkins,douglas33@example.com,(594)684-7891x49299,Decision Maker,True
6178,2469,Carolyn Hudson,zwashington@example.net,+1-619-280-9870x982,Technical,True
6179,2470,Scott Powell,margaretthomas@example.net,(439)726-8399x48074,Finance,False
6180,2471,Christopher Berry,susan08@example.com,(566)629-5785,Finance,False
6181,2472,Toni Floyd,felicia30@example.net,761.677.9492x933,Technical,True
6182,2472,Anna Wagner,kimberlysmith@example.com,404-822-1694x3431,Finance,False
6183,2474,Kimberly Thompson,cindychavez@example.org,+1-539-395-7598x42640,Finance,True
6184,2474,Brooke Carter,brandongallegos@example.com,247-202-7118x6341,Procurement,False
6185,2475,Daniel Freeman,alexandriajimenez@example.net,369-744-6225x053,Technical,False
6186,2475,Paula Allen,brownchristina@example.org,313.791.7239,Finance,False
6187,2475,Audrey Walker,jared11@example.org,+1-657-344-3178x28434,Decision Maker,False
6188,2476,Michael Morse,zosborne@example.net,(518)331-1016x64373,Technical,False
6189,2476,Sarah Bishop,heather41@example.com,001-204-840-8803,Finance,True
6190,2476,Lynn Wood,jmorgan@example.com,001-385-412-9478x26596,Finance,False
6191,2477,Jenna Hoffman,rmiller@example.net,+1-831-833-0288x93280,Decision Maker,False
6192,2477,Jacob Anderson,joshua82@example.net,(841)729-3091x0044,Decision Maker,False
6193,2477,Martha Schneider,vwise@example.net,001-220-394-5170x00764,Decision Maker,False
6194,2477,John Alvarado PhD,joshuahenderson@example.net,001-201-788-9941x2260,Finance,False
6195,2478,Janet Torres,serranocharles@example.com,001-553-930-2951x05488,Decision Maker,True
6196,2478,William Burton,richardsronnie@example.org,822-380-9476,Procurement,True
6197,2480,Heather Holland,arodgers@example.com,725.613.8465x413,Decision Maker,False
6198,2480,Jackie Knight,morganeric@example.org,001-216-974-4504x00256,Technical,False
6199,2480,Martha Miller,morrispamela@example.net,001-857-439-1996,Technical,False
6200,2480,Thomas Pugh,ashley48@example.com,808-751-6772x8580,Decision Maker,False
6201,2480,Christopher Harris,dominic15@example.net,(406)331-4888x90639,Procurement,True
6202,2481,Charles Hancock,hayesmarisaexample.com,(274)769-5521x58230,Technical,True
6203,2481,Dana Bridges,christine91@example.com,280-758-0531,Technical,True
6204,2483,Micheal Sosa,benjamin30@example.net,+1-997-791-8456x5954,Decision Maker,False
6205,2483,Jeremy Parker,ariel01@example.net,(448)675-4047x4073,Decision Maker,True
6206,2483,Stephen Martinez,jennifer31@example.net,534.821.5071x24332,Decision Maker,True
6207,2483,Walter Baker,tina45@example.com,(466)784-8917,Technical,True
6208,2483,Regina Hendricks,carla36@example.org,598-403-5143x260,Procurement,False
6209,2484,Amy Jones,morannancy@example.org,266.432.5384x0413,Technical,False
6210,2484,Lisa Tran,mark09@example.net,639-909-1716x2434,Procurement,False
6211,2484,Destiny English,gibsontimothy@example.org,+1-606-250-7471x24481,Technical,True
6212,2484,Robert Richardson,stephanie09@example.net,921-383-2860x128,Technical,True
6213,2485,Tamara Carroll,iaguilar@example.net,646.665.6367,Technical,True
6214,2485,Anthony Black,byrdashley@example.com,272.642.3660x886,Decision Maker,False
6215,2486,Robin Kidd,paulsalazar@example.com,941-469-7567,Finance,False
6216,2486,Eric Phillips,zmartin@example.net,7997486896,Finance,False
6217,2486,Jonathan Smith,patriciakim@example.net,+1-517-844-9980x7159,Finance,True
6218,2486,Teresa York,mhenderson@example.net,341-951-3577x59467,Decision Maker,True
6219,2486,Paul Dudley,christopher09@example.net,442-865-1924x542,Technical,False
6220,2487,Ronald Johnson,townsendkevin@example.org,3337608051,Decision Maker,False
6221,2488,Michael Gonzalez,jacquelinehernandez@example.com,225-880-6172x0944,Decision Maker,False
6222,2488,Linda Dean,pamela76@example.net,001-440-315-9710x90578,Technical,False
6223,2488,Abigail Williams,jessica14@example.net,630-998-0473,Technical,True
6224,2489,Kyle Cox,mariaalexander@example.net,+1-369-734-0894x9401,Finance,False
6225,2489,Timothy Cohen,kiarareese@example.com,931.771.0891x3283,Procurement,False
6226,2490,Jennifer Daniels,hernandezmonica@example.net,570.393.2570x95443,Decision Maker,False
6227,2490,Jesse Patel,andrew77@example.net,+1-865-991-6222x20155,Decision Maker,False
6228,2490,John Ray,clarkdennis@example.org,905-967-5880,Decision Maker,True
6229,2490,Heidi Coleman,mendozamatthew@example.net,001-216-513-5646x101,Finance,True
6230,2491,Richard Kelly,ofoley@example.org,425-607-5850,Decision Maker,True
6231,2491,Dr. Marissa Johnson,eric37@example.net,906-248-9577x729,Decision Maker,False
6232,2491,Patrick Noble,ashley84@example.org,930-685-6709,Procurement,False
6233,2492,Antonio Schneider,henry10@example.net,001-326-238-0988x759,Decision Maker,False
6234,2493,Abigail Sanford,morganjoe@example.net,(556)993-5036x7517,Decision Maker,True
6235,2494,Michelle Kelly,ashley16example.net,701-918-3901x8440,Finance,False
6236,2494,Paul Smith,uwu@example.com,683.737.0333x808,Procurement,True
6237,2494,Scott Ibarra,dawnprince@example.org,001-201-794-4310x500,Decision Maker,False
6238,2494,Brian Fuentes,markssusanexample.net,4504453740,Procurement,False
6239,2495,Jacob Robinson,chaserobert@example.net,+1-482-970-3007x63812,Finance,False
6240,2495,Cynthia Davis,nelsonlaura@example.com,(411)445-7650x5761,Finance,True
6241,2495,Donald Johnson,rstevenson@example.net,752-706-3630,Finance,True
6242,2495,David Lowe MD,bburke@example.net,550.995.5137x99661,Procurement,True
6243,2496,Mark Garcia,invalid_email,+1-643-404-5541,Technical,False
6244,2497,Rebecca Cruz,sproctor@example.com,241-794-9068,Procurement,True
6245,2497,Daniel Dixon,sullivanangela@example.net,(661)836-2701x849,Decision Maker,True
6246,2497,Katherine Lopez,scottgarza@example.org,344-922-4287x05136,Procurement,False
6247,2497,Nicholas Crawford,dmiller@example.com,+1-620-680-1549,Decision Maker,False
6248,2497,Deborah Baldwin,amy91@example.net,001-328-271-4726x052,Technical,False
6249,2498,Sean Kemp,kimberlychurch@example.com,741.588.9879,Decision Maker,False
6250,2499,William Davis,deboraholsen@example.org,(539)456-0911x115,Technical,False
6251,2499,Adam Martin,cassandracox@example.net,(825)240-1325,Technical,True
6252,2500,Kristina Dean,barrydustin@example.net,(617)524-1923x567,Procurement,True
6253,2500,Daisy Sloan,silvacameron@example.net,001-481-597-9173x718,Decision Maker,True
6254,2500,David Zamora,ustewart@example.org,299.581.4331,Finance,False
6255,2501,Stephanie Miller,invalid_email,(921)232-2410x340,Technical,True
6256,2501,Kurt Suarez,emilyaguirre@example.org,(886)364-2067,Finance,False
6257,2502,Eugene Hicks,amanda18@example.net,303.688.8297,Decision Maker,False
6258,2502,James Tapia,jacob27@example.com,752-842-4189,Decision Maker,True
6259,2502,Erika Kemp,vshields@example.org,+1-756-899-4584x578,Procurement,False
6260,2502,Linda Rowland,jacob18example.net,7339127950,Decision Maker,False
6261,2502,Richard Bridges,ryan35@example.org,732.765.9333x9996,Decision Maker,False
6262,2504,Robert Ford,thomaslori@example.com,895.210.5788x2910,Procurement,True
6263,2504,Kimberly Young,josecarter@example.net,(305)337-0378,Technical,True
6264,2504,Rodney Wagner,sherylthompson@example.org,(378)373-5108x26738,Procurement,True
6265,2504,Joseph Thompson,chadsmith@example.com,572.403.1447,Procurement,True
6266,2504,Anthony Pratt,markstone@example.org,736.797.8129x895,Technical,False
6267,2505,Kaitlyn Thomas,doughertykelsey@example.com,001-980-211-8639x878,Finance,True
6268,2505,Amy Johnson,idiaz@example.net,(749)747-3769,Decision Maker,False
6269,2505,Michael Watts,espencer@example.com,001-497-510-2010x6162,Finance,False
6270,2506,George Williamson,monicamorgan@example.net,001-204-778-3951,Decision Maker,False
6271,2506,Tina Huff,rdouglas@example.com,792.850.7864x9010,Procurement,True
6272,2506,Aaron Peterson,andre37@example.org,790-734-4012,Decision Maker,True
6273,2506,Cody Schneider,tara91@example.org,001-327-972-8671,Technical,False
6274,2507,Joshua Anderson,riveratimothy@example.org,+1-689-306-4928x3724,Decision Maker,True
6275,2507,Steve Woods,anne70@example.com,(841)343-5413x65526,Decision Maker,False
6276,2509,Brian Burnett,oconnellpaul@example.org,314-331-0605x44694,Finance,True
6277,2510,Sabrina Lee,scott12@example.com,657-953-2879x26040,Procurement,False
6278,2510,Joshua Crawford,vincentpenny@example.com,+1-728-801-2906x391,Finance,False
6279,2510,Lauren Holden,kellyvalerie@example.com,959.577.6425,Finance,True
6280,2511,Kendra Yu,lowenathaniel@example.net,949-547-0413x1704,Technical,False
6281,2511,Michelle Ford,allisonking@example.com,(258)691-2069x79952,Decision Maker,True
6282,2511,Jason Anderson,mcdanielwilliam@example.com,617.283.5790,Finance,False
6283,2512,Donna Wilson,ostewart@example.org,+1-426-485-8877x08673,Technical,True
6284,2513,Elizabeth Douglas,richard94@example.net,001-678-960-5607x9374,Decision Maker,False
6285,2513,Isabella Park,yhenry@example.com,+1-658-752-9681x515,Finance,False
6286,2513,Gary Dillon,cohenamy@example.com,751.843.9433,Technical,True
6287,2513,Karen Buck,randallwoods@example.net,001-214-384-9032x0145,Finance,True
6288,2514,Jill Nichols,laratimothy@example.org,814.715.0317x716,Decision Maker,False
6289,2514,Mackenzie Wright,dawn95@example.net,001-565-728-8236x752,Finance,True
6290,2514,Linda Sanders,egreen@example.org,(806)820-7042x478,Technical,True
6291,2516,Darrell Snyder,renee91@example.org,001-427-345-8759x252,Finance,False
6292,2517,Julian Mcintosh,sbeck@example.net,+1-424-509-1029x1168,Technical,True
6293,2518,Randy Fowler,nicole23@example.org,316.527.5426x80478,Technical,True
6294,2518,Alyssa Hanson,kingkathrynexample.com,+1-839-818-0098x54270,Decision Maker,True
6295,2518,Diana Marshall,fcastaneda@example.org,001-567-960-1996x93058,Procurement,False
6296,2518,Steven Anderson,georgejohnson@example.org,+1-533-735-6623x54657,Decision Maker,True
6297,2518,Kristopher Cole,edwardserin@example.org,(541)604-3589x2099,Technical,True
6298,2519,Natasha Hill,watkinschad@example.net,884-726-6992x69424,Finance,True
6299,2519,Cynthia Martin,clintonpowell@example.com,431.745.9804x0872,Decision Maker,False
6300,2519,Steven Thompson,patrick97example.com,540-334-3565x843,Procurement,True
6301,2519,Nicole Adams,plutz@example.net,948.309.2249x6127,Technical,True
6302,2519,Jacob Moore,dawntaylor@example.com,608.400.9820,Decision Maker,True
6303,2520,Stephanie Williamson,bryanramirez@example.net,578-268-7526x048,Procurement,False
6304,2520,Joshua Kaufman,zhunt@example.org,+1-958-880-0229x8461,Finance,False
6305,2520,Monica Miller,ymurphy@example.net,899-447-4458,Technical,False
6306,2520,Joshua Jones,kroberts@example.net,+1-937-297-1733x75829,Technical,True
6307,2521,Lydia Castaneda,jerrymorton@example.org,426-897-5909,Technical,True
6308,2521,Renee Castro,chavezjeff@example.com,001-738-305-1794x14572,Technical,True
6309,2521,William Brady,zrodriguez@example.com,(543)992-4590x1161,Finance,True
6310,2521,Heather Mcconnell,singhsarah@example.net,8756401049,Procurement,False
6311,2522,Ashley Chandler,danielcastro@example.net,001-849-285-5325x868,Finance,False
6312,2522,Lisa Roberts,rodney42@example.net,216.850.1165,Technical,True
6313,2523,Mark Marsh,scott05@example.org,393-354-3822x5060,Technical,True
6314,2523,Audrey Massey,fwarner@example.org,+1-224-499-5164x656,Finance,False
6315,2523,Bradley Carpenter,invalid_email,(273)478-0833x49835,Decision Maker,True
6316,2523,Anthony Blair,ronaldnorton@example.net,285-893-0752,Decision Maker,False
6317,2523,Patrick Stanton,ybeard@example.com,001-905-230-6394x7095,Decision Maker,False
6318,2524,Mary Miller,pmiranda@example.org,001-726-261-2756x1700,Finance,True
6319,2524,Sandra Boyer,kathy15@example.org,395-992-2558x70583,Finance,False
6320,2524,Christopher Mendoza,arellanojohnny@example.net,649.804.5574x802,Technical,True
6321,2524,Anita Hart,alexsmith@example.net,(726)776-4434x96284,Procurement,False
6322,2524,Andrew Jimenez,johnwilliams@example.com,(853)432-7053,Procurement,True
6323,2525,Katie Cook,jessicaklein@example.com,577-685-8614x90074,Decision Maker,False
6324,2525,Sandra Brown,hollandamber@example.com,+1-472-823-3778x44178,Procurement,False
6325,2525,Christopher Guerrero,michelle58@example.org,(686)264-8450,Decision Maker,False
6326,2525,Lisa Graves,elopez@example.org,(733)266-8499x57600,Procurement,False
6327,2526,Henry Walker,nicholas06@example.org,950.976.5647,Finance,True
6328,2526,Thomas Shields,rachel60@example.org,(381)944-3765,Decision Maker,True
6329,2528,Christopher Charles,leecaitlin@example.com,+1-416-464-2793x173,Procurement,True
6330,2529,Amber Norris,promero@example.com,+1-593-815-9057x4417,Finance,True
6331,2532,Lisa Nichols,brookscollin@example.org,619.522.5057x10473,Finance,False
6332,2532,Robin Crawford,vkane@example.org,(435)927-3751x07998,Decision Maker,True
6333,2532,Natalie Mckee,leemaria@,377-724-9991x8653,Decision Maker,False
6334,2532,Sandra Crosby,ibell@example.com,(877)967-4372,Finance,True
6335,2533,Cody Lyons,linda48@example.net,591-501-8534x9414,Procurement,True
6336,2533,Brandy Gordon,gutierrezlori@example.org,(874)987-7566x7137,Decision Maker,True
6337,2533,John Allen,wolfdevon@example.com,446-553-3293,Finance,True
6338,2536,Rachel Lawrence,jennifer93@example.org,516-699-2513x97158,Finance,False
6339,2536,Luis Smith,kingduane@example.net,001-890-756-0951x14943,Procurement,True
6340,2536,Jason Cruz,welchsean@example.com,451-669-9508x3436,Technical,False
6341,2537,Karen Hudson,yhale@example.net,001-690-417-7253x01624,Decision Maker,False
6342,2537,Brady Baker,zhubbard@example.org,319.518.5303x28339,Finance,False
6343,2538,Janet Watson,invalid_email,001-752-265-3768x54002,Decision Maker,False
6344,2539,Ashley Lyons,arnoldana@example.com,7947305757,Decision Maker,False
6345,2539,Denise Wilcox,treyes@example.com,001-383-374-9377,Decision Maker,False
6346,2540,John Davis,lisa96@example.net,383.691.1961x76117,Procurement,False
6347,2540,Kaitlyn Jenkins,vpadilla@example.com,(439)989-0836,Technical,False
6348,2540,Cameron Watkins,umorgan@example.org,+1-236-954-0440,Procurement,True
6349,2540,Amy Morrison,michaeljohnson@example.org,001-667-861-6928x910,Technical,True
6350,2540,Bryan Johnson,pamela45@example.net,285.724.0999x6744,Finance,True
6351,2541,Zachary Smith,jwood@example.com,613.382.3779x53020,Finance,True
6352,2541,Angela Brooks,asmall@example.org,001-406-464-3255,Procurement,True
6353,2541,Ruben Hanson,briana82@example.org,+1-329-546-1438x7017,Decision Maker,False
6354,2541,Andrew Diaz,tmorgan@example.net,+1-638-200-6095x0461,Procurement,False
6355,2541,Brittany Rodriguez,timothyhayes@example.net,+1-316-681-3830,Technical,True
6356,2542,Christopher Braun,frederickjessica@example.org,843-244-0670x1061,Procurement,False
6357,2542,Robert Orozco,bphillips@example.com,266.455.5752,Decision Maker,True
6358,2542,Carl Thompson,dennis31@example.net,784-227-8024x92612,Finance,False
6359,2543,Lee Campbell,warrenjessica@example.com,+1-834-351-4106x296,Finance,False
6360,2543,Joseph Wilkins,nbell@example.com,607.467.5490x4373,Procurement,False
6361,2543,Chris Gutierrez,wsellers@example.org,588-238-6936,Decision Maker,True
6362,2544,Amber Morris,millercharles@example.net,001-954-747-2332x01921,Decision Maker,True
6363,2544,Christopher Brewer,morrismaria@,3817391824,Procurement,False
6364,2545,Andrea Walker,mccarthymichael@example.com,936-525-3596,Finance,True
6365,2545,James Smith,xweaver@example.net,547-908-1444,Decision Maker,False
6366,2546,Michael Pearson,ghayes@example.com,001-615-910-6852x349,Decision Maker,True
6367,2546,Steven Welch,kimberly87@example.net,(352)683-8279x712,Procurement,True
6368,2546,Terry Hernandez,pachecogeorge@example.com,+1-851-966-4290,Procurement,False
6369,2546,Kayla Washington,jacqueline74@example.net,286-982-9062,Decision Maker,False
6370,2546,Kristy Lee,badams@example.org,+1-963-450-9889x83274,Procurement,False
6371,2547,Joseph Smith,delgadoregina@example.net,828-777-6263x016,Procurement,True
6372,2547,Jacob Rasmussen,nicholas05@example.com,983.615.2922x55043,Technical,False
6373,2549,Dennis Lee,david01@example.org,+1-953-966-6202x9407,Finance,True
6374,2549,Rose Stevens DDS,vflores@example.net,(714)419-0054x9485,Finance,False
6375,2550,Gabriel Lynch,thomaswaters@example.com,+1-803-594-5533x554,Decision Maker,True
6376,2550,Darren Williams,elizabethharrison@example.net,+1-867-852-8520x2656,Finance,True
6377,2550,Kenneth Gonzalez,spencerjimmy@,+1-623-219-4100x7440,Finance,True
6378,2550,Tammy Keith,kimtrevino@example.org,532.989.1961,Decision Maker,True
6379,2551,Janet Hill,ryanscott@example.com,200-366-7487,Finance,False
6380,2551,Brady Nelson,nicole10@example.com,+1-604-485-5514x460,Technical,False
6381,2551,Anthony Lloyd,morenocrystal@example.org,3006705726,Procurement,True
6382,2551,Bryan Clark,holmesjoshua@example.org,243.203.4453x206,Finance,False
6383,2552,April Blair,invalid_email,(848)755-1430x2626,Procurement,False
6384,2552,Brandy Horton,ujones@example.net,+1-502-249-7843x4154,Finance,True
6385,2552,Denise Nelson,steven14@example.org,905-437-1999,Technical,False
6386,2552,Dr. Xavier Patel,johnsonchristopher@example.com,450-511-4673x6321,Procurement,True
6387,2552,Leslie Cooper,christopher05@example.org,621.772.6328,Decision Maker,False
6388,2554,David Turner,andrew51@example.com,001-630-515-6403,Finance,True
6389,2555,Matthew Quinn,andraderyan@example.org,978.261.1979x43231,Technical,False
6390,2555,James Jackson,shannon22@example.net,001-944-361-7049x445,Decision Maker,True
6391,2555,Peter Williams,rebeccaking@example.org,+1-861-890-9686x56088,Finance,True
6392,2555,Melinda Hodges,jennifer93@example.net,+1-976-995-4414,Finance,False
6393,2555,Becky Hatfield,tiffany34@example.com,213.738.3862,Finance,False
6394,2556,Derrick Williams,snyderkimberly@example.net,575-658-1323x87240,Technical,False
6395,2556,Angela Johnson,johnturner@example.com,951-932-0294,Procurement,False
6396,2556,Michael Branch,rebekah62@example.org,001-840-621-7239x9202,Finance,False
6397,2557,David Williams,katelyn88@example.net,849.903.3058x2713,Procurement,True
6398,2557,Brooke Bowman,ksherman@example.org,772.832.1705,Decision Maker,False
6399,2557,Mark Davis,boonemichele@example.com,919.676.4791x206,Procurement,True
6400,2557,Allison Johnson,ksolomon@example.org,317-646-1398x668,Finance,False
6401,2558,Nicole Houston,carloscook@example.net,3952464710,Procurement,False
6402,2558,Patrick Moyer,invalid_email,402-621-3759x067,Decision Maker,True
6403,2558,Julia Rodriguez,qgonzalez@example.org,(353)415-8842,Finance,False
6404,2560,Mary Gomez,crystalperez@example.org,639.558.8250,Technical,False
6405,2561,Juan Cline,nicholaschase@example.org,691.621.0773x3703,Procurement,False
6406,2564,Maxwell Myers,krogers@example.org,820-690-6624x40416,Decision Maker,False
6407,2564,Karen Martin,jonesalexander@example.com,834.499.0424x30823,Technical,True
6408,2564,Jacqueline Carter,xsmith@example.org,(651)735-9156x861,Decision Maker,False
6409,2564,Brian Griffith,sanchezgerald@example.org,682.558.5525x33323,Finance,False
6410,2564,Jennifer Lester,andrewebb@example.net,4434099663,Decision Maker,True
6411,2565,Erin Skinner,randy34@,229.955.2176x024,Technical,False
6412,2566,Kevin Johnson,ryangregory@example.org,663.689.4326x5623,Procurement,False
6413,2566,Tina Heath,montgomerysergio@example.org,585-796-9772,Decision Maker,False
6414,2566,Jeremy Wheeler Jr.,morenojoseph@example.com,+1-949-649-6833x71233,Technical,False
6415,2566,Jerry Turner,andrewmorgan@example.net,(980)327-8906,Finance,True
6416,2566,Lisa Hernandez,erogers@example.org,+1-684-400-6679x531,Finance,False
6417,2567,Tiffany Fletcher,morganbrad@example.net,279-639-9335,Decision Maker,True
6418,2567,Paul Pace,bpatton@example.org,001-851-993-3330x85444,Finance,False
6419,2568,Linda Sparks,anna61@example.com,+1-649-558-0659x2157,Decision Maker,False
6420,2568,William Smith,qjackson@example.com,919-342-0205,Finance,True
6421,2568,Timothy Fischer,wsexton@example.org,927.784.1512x288,Decision Maker,True
6422,2568,Morgan Barton,ghenry@example.com,752.473.1763,Finance,False
6423,2569,Amber Arias,brittanyjones@example.net,600.703.0130x02414,Decision Maker,False
6424,2570,Holly Garcia,anthony63@example.com,(208)521-0836x1295,Finance,False
6425,2570,Christy Brown,dennis54@example.com,4415978982,Decision Maker,True
6426,2570,Eric Browning,hogansandra@example.org,986.742.3270,Decision Maker,True
6427,2571,William Acosta,fhernandez@example.org,+1-378-476-9940x08360,Decision Maker,True
6428,2571,Michael Arnold,phillip69@example.com,8693601317,Finance,True
6429,2571,Jennifer Maynard,edward57@example.org,001-688-600-3391x8239,Procurement,False
6430,2571,Tiffany Gardner,oneilllisa@example.com,252-644-6799x55530,Technical,False
6431,2572,Angel Woods,chines@example.org,325.473.7472,Procurement,True
6432,2572,David Butler,vharris@example.net,890-975-0839,Technical,True
6433,2572,Caroline Watson,xmiller@example.net,5028124684,Finance,False
6434,2572,Cheyenne Mullins,bbrown@example.net,001-200-994-5271x19311,Decision Maker,False
6435,2572,Lauren King,fwilkerson@example.net,+1-885-721-8188x666,Decision Maker,True
6436,2573,Cynthia Martin,robinsonjill@example.net,(320)242-4320,Decision Maker,True
6437,2573,Jeremy Morrow,iwrightexample.com,345-668-2215x46527,Technical,False
6438,2574,Cody Harris,taylormichelle@example.net,256-311-3092x7995,Technical,True
6439,2575,Gail Rojas DDS,kathrynmccarthy@example.com,787.325.9972,Procurement,False
6440,2575,Kimberly Stevens,maria24@example.com,+1-812-500-5549x178,Technical,True
6441,2576,Mrs. Emma Robbins MD,davisgregory@example.org,947-331-3605,Finance,False
6442,2576,Joshua Thompson,angelaschmidt@example.com,+1-397-283-8957x77203,Technical,True
6443,2579,Madison Brown,normanlisa@example.org,714.390.6711x53917,Finance,True
6444,2579,Darryl Kim,stephenflores@example.net,001-776-576-7339x7814,Procurement,True
6445,2579,Amy Espinoza,oliviasmith@example.com,448-699-8042x75768,Procurement,False
6446,2579,Andrew Walls,alan30@example.net,+1-601-925-1711x7514,Technical,False
6447,2580,Anthony Nelson,xli@example.org,636-332-5282,Procurement,False
6448,2582,Matthew Ashley,charles38@example.net,001-360-507-1669x91730,Procurement,False
6449,2584,Scott Jones,jamesbowman@example.com,+1-308-825-7904x199,Procurement,True
6450,2585,Scott Kim,kimberly00@example.org,843.941.1363,Technical,True
6451,2585,Daniel Jones,karenblevins@example.net,642.371.4495,Technical,True
6452,2585,Samantha Aguilar,clarkterri@example.org,935-993-3532,Finance,True
6453,2585,Robert King,danielle34@example.net,842.671.0457x88992,Technical,True
6454,2586,Teresa Freeman,mhodges@example.net,+1-930-503-0101,Technical,False
6455,2586,Mary Anderson,qkhan@example.org,917-647-6193x61039,Decision Maker,False
6456,2586,Mary Gonzalez,swashington@example.com,001-934-958-6379x1031,Decision Maker,False
6457,2586,Phyllis Johnson,davisjames@example.org,(754)397-5721,Procurement,True
6458,2586,Victoria Benton,alexandermedina@example.org,511-572-0817x928,Technical,False
6459,2587,David Solomon,justin34@example.net,2378050042,Technical,True
6460,2587,Ashley Walker,michael86@,+1-851-625-4943x694,Finance,True
6461,2589,Willie Ayala,tamaracarter@example.net,+1-826-347-6121,Technical,True
6462,2589,Mark Smith,nlee@example.net,(758)728-4550,Procurement,True
6463,2589,Patricia Clark,tannerjeffery@example.com,(710)608-0805,Procurement,True
6464,2589,Phillip Weaver,harrisdaniel@example.com,278.222.9022,Decision Maker,True
6465,2590,David Meyers,connerchristina@example.org,332.674.1363,Decision Maker,False
6466,2590,Diana Jackson,samantha94@example.net,323-490-7087x405,Finance,True
6467,2590,Peter Flores,kcontreras@example.com,667-447-5200x941,Procurement,True
6468,2591,Carlos Frazier,lauriecole@example.com,447-407-8416,Technical,True
6469,2591,Scott Lewis,invalid_email,001-648-889-7603x91248,Procurement,False
6470,2591,Ashley Sullivan,derek27@example.net,6843393155,Decision Maker,False
6471,2594,Todd Herrera,andrewgarcia@example.net,+1-656-757-7031,Decision Maker,False
6472,2594,Dana Moore,sharonwhite@example.com,(534)294-7933x097,Finance,False
6473,2595,Brenda Lowe,joshua69@example.com,7396398462,Procurement,False
6474,2595,Richard Turner,wtaylor@example.org,+1-430-918-0040x164,Finance,True
6475,2595,Morgan Williams,estevens@example.org,001-306-560-2338x181,Decision Maker,False
6476,2596,Stanley Hughes,athomas@example.org,(475)996-1739x24580,Technical,True
6477,2596,Robert Stevens,hamptondavid@,509.630.2128x95940,Decision Maker,False
6478,2596,Bob Smith,kelly21@example.org,(302)976-6668x178,Procurement,False
6479,2597,James Reynolds,jane11@example.net,+1-559-825-4429,Decision Maker,False
6480,2597,Vanessa Villanueva,davisalex@example.org,524-897-0310x1504,Decision Maker,True
6481,2598,Dennis Diaz,steven77@example.net,913-726-9714,Decision Maker,True
6482,2598,Cynthia Smith,bellrebecca@example.com,955.362.3666x71332,Technical,True
6483,2598,Michael Fuller,ashleyfranklin@example.net,945.776.3443,Finance,False
6484,2598,Amanda Perez,thomasrogers@example.net,495.798.1568x8039,Procurement,True
6485,2598,Samantha Brown,mendozascott@example.org,(933)603-9319,Decision Maker,False
6486,2599,Yvonne Vasquez,thomasmann@example.org,(373)656-5236,Procurement,False
6487,2599,Victor Lopez,fischerjason@example.net,5294574004,Technical,True
6488,2599,Angela Beard,dhenderson@example.org,001-979-944-0352x75812,Decision Maker,True
6489,2600,Mark King,mirandaharris@example.net,(552)309-4359,Procurement,True
6490,2600,Nancy Lawson,catherine93@example.com,+1-989-836-7558,Finance,True
6491,2600,Paula Williams,kristinafranklin@example.net,391.609.1587x649,Finance,True
6492,2600,Tiffany Perry,frederickherman@example.org,939.824.7568x13856,Technical,True
6493,2601,Amanda Weber,grantsean@example.net,001-692-614-8066,Decision Maker,False
6494,2601,Rachel Walker,nvasquez@example.org,9679193069,Procurement,False
6495,2601,Donald Thompson,brownstacy@example.com,+1-403-220-5411x8192,Technical,False
6496,2601,Julie Clark,hmclaughlin@example.net,+1-516-754-1972x4935,Decision Maker,True
6497,2601,Mark Johns,tracy98@example.org,643.662.6792,Finance,False
6498,2602,Pamela White,kristen93@example.com,+1-324-650-8121x171,Decision Maker,True
6499,2604,Jennifer Hughes,othomas@example.com,700.892.1486,Technical,False
6500,2604,Veronica Simon,ylee@example.com,(299)662-7870x33237,Finance,False
6501,2604,Steve Lewis,xnelson@example.org,(974)397-5296,Technical,True
6502,2605,Mary Hayes,derekscott@example.org,594-779-9010x070,Procurement,False
6503,2605,Miguel Roy,thomas27@example.org,+1-680-251-7866x6008,Finance,False
6504,2608,Keith Leach Jr.,william21@example.com,+1-952-417-8429x810,Technical,True
6505,2608,Ronald Ramsey,vgutierrez@example.com,(654)209-3939x88658,Procurement,False
6506,2609,Jennifer Sparks,bobbystevens@example.com,514.416.5715,Decision Maker,False
6507,2609,Jacob Harding,porterdaniel@example.org,(627)239-6542x9928,Finance,True
6508,2609,Dr. Jason Singh DDS,eross@example.net,5789366040,Finance,True
6509,2609,Andrea Perez,xparker@example.net,975.888.7455,Technical,True
6510,2610,Ms. Lisa Miller DVM,esparzawilliam@example.net,358-963-6300,Technical,True
6511,2611,Catherine Williams,invalid_email,(367)537-9208,Decision Maker,True
6512,2611,Mackenzie Holloway,john87@example.net,760-524-6462x3405,Technical,True
6513,2611,Brittany Good,mooreryan@example.com,675-285-7281x906,Decision Maker,False
6514,2611,Kyle Rodriguez,brownjames@example.com,+1-854-996-9773x6895,Finance,True
6515,2611,Rhonda Peterson,jasonharris@example.org,(533)656-7449,Finance,True
6516,2612,Thomas Griffin,kgentry@example.net,(715)785-1193x25410,Decision Maker,True
6517,2612,James Fields,bryanmyers@example.org,723.934.3247x8939,Finance,True
6518,2612,Randall Gutierrez,josephwhiteexample.org,(281)362-1823x271,Decision Maker,False
6519,2612,Kathryn Kim,youngjoe@example.net,+1-344-795-5223x31160,Technical,False
6520,2613,Laura Nelson,nicholssheena@example.net,498.459.2902x6885,Finance,False
6521,2613,Jeremy Bennett,dwright@example.org,(898)260-9734,Decision Maker,True
6522,2613,Christina Barton,nmurphy@,2752099962,Technical,True
6523,2614,Joshua Allen,troy70@example.org,001-882-275-5318x804,Finance,True
6524,2614,Joseph Chambers,aaron57@example.org,+1-505-267-0122x82967,Technical,True
6525,2614,Mark Romero,pmartin@example.net,233-453-5423x0602,Decision Maker,True
6526,2614,Angela Wilson,davenportjay@example.net,+1-251-709-8078x64501,Decision Maker,True
6527,2615,Kristin Stanley,ychapman@example.net,942-420-0055x10326,Decision Maker,False
6528,2615,Melissa Williams,rfuller@example.com,794-772-7472x8181,Procurement,True
6529,2615,Johnny Frost,jeremyjohnson@example.net,563-344-1906,Procurement,True
6530,2616,Heather Matthews,amycastillo@example.org,762.476.6475x370,Finance,True
6531,2617,James Roy,michele24@example.net,001-249-363-9726,Finance,True
6532,2617,Lori Smith,joycrawford@example.com,+1-593-917-9608x0572,Procurement,True
6533,2617,Jackson Ferrell,invalid_email,(620)730-9718x603,Decision Maker,True
6534,2617,Benjamin Neal,gpatterson@example.com,(946)715-0759x94420,Technical,False
6535,2618,Todd Burgess,christinafitzgerald@example.org,2839930343,Technical,False
6536,2619,William Ray,jonesjessica@example.com,(553)783-7293x2373,Technical,True
6537,2620,Connie Andrews,edward19@example.com,+1-690-709-3780x890,Decision Maker,False
6538,2620,Joseph Mitchell,fmercado@example.net,001-410-658-5141x14956,Procurement,True
6539,2621,Maria Moore,andersonwayne@example.com,787.223.8956x244,Technical,False
6540,2621,Alyssa Navarro,denisebarrera@example.net,7435889194,Decision Maker,True
6541,2622,Kristina Wilson,danielcarter@example.org,803.296.9504x4003,Procurement,True
6542,2623,Samantha Robinson,ukrueger@example.com,001-786-744-7177x3617,Finance,True
6543,2623,Taylor Bonilla,moorepatrick@example.net,773.574.6433x86142,Technical,True
6544,2623,Kayla Baldwin,huntwalter@example.org,615-350-6760x1525,Technical,False
6545,2624,Robert Young,michaelrobertson@example.org,766-477-6697x1078,Finance,False
6546,2624,Nichole Huang,nlewis@example.com,+1-212-440-0270x492,Technical,False
6547,2624,Susan Sweeney,whiteamandaexample.org,(361)339-7027,Technical,False
6548,2624,Allen Mayo,stephensonbenjamin@example.org,+1-644-358-8032x1876,Procurement,True
6549,2625,Michaela Larsen,daniel90@example.com,673-918-7536x41546,Finance,True
6550,2625,Maria Lopez,crawfordmichelle@example.org,(996)730-2051,Decision Maker,True
6551,2625,Nicholas Mendez,jermaine71@example.net,(722)282-2947x02057,Technical,False
6552,2626,Gabriel Flores,invalid_email,752-667-0436x6853,Decision Maker,False
6553,2627,Tracey Davis,kimberly98@example.org,(283)226-2711x27359,Finance,False
6554,2627,Tim Mckinney,dmiller@example.com,309.827.4327x870,Technical,True
6555,2627,Dustin Small,sheenamcdowell@example.org,809-312-9620,Finance,True
6556,2627,Brian Lang,schen@example.org,473.396.9143x264,Procurement,False
6557,2628,Sabrina Greene,thomasbraun@example.org,449.308.2454,Technical,False
6558,2628,Christy Steele,porterjoshua@example.net,237-668-5120x8985,Technical,False
6559,2629,Sophia Rice,esparzatoni@example.com,252.410.7534x8088,Technical,False
6560,2629,Jeffrey Gray,conniebaker@example.net,(997)360-7018x02865,Technical,True
6561,2629,Mrs. Samantha Brown,estradakennethexample.com,855-736-5816x15627,Decision Maker,False
6562,2629,Joshua Fields,jenniferdavis@example.org,(254)833-1686x958,Procurement,True
6563,2630,Tyler Riley,cynthiahansen@example.net,727.374.7006,Finance,True
6564,2631,Elizabeth Hudson,jack25@example.net,001-955-881-6843,Decision Maker,True
6565,2632,Samantha Robinson,daniel67@example.org,8768881864,Finance,False
6566,2632,Ronald Davis,invalid_email,3858047530,Technical,True
6567,2632,Eric Drake,debbie95@example.org,308-502-7113,Technical,True
6568,2633,Taylor Bowers,fmartinez@example.org,932.300.7785x798,Procurement,False
6569,2633,Sydney Cook,donald64@example.com,001-454-682-3798x90989,Procurement,True
6570,2633,Gina Robinson,ojackson@example.org,+1-861-773-2486x9319,Technical,True
6571,2633,Steven Hodges,francisevans@example.org,526-665-2506x746,Finance,True
6572,2633,Roger Conley,angela60@example.org,572-379-4208x8553,Decision Maker,False
6573,2634,Tonya Brown,christymontgomery@example.com,001-783-649-5160x76455,Procurement,True
6574,2634,Jonathan Stewart,kgilbert@example.org,+1-804-658-3032x8415,Technical,False
6575,2634,Mark Garza,timothyedwards@example.org,247-541-0135,Technical,False
6576,2636,Tammy Sanders,wrodriguezexample.com,370.241.0012x03034,Technical,False
6577,2636,Kristina Wagner,robertsontara@example.com,001-402-266-6927x401,Technical,True
6578,2636,Sergio Campbell,andrew94@example.com,557.785.3338,Finance,False
6579,2636,William Brown,donaldmccoy@example.net,580.479.2994x43613,Decision Maker,False
6580,2637,Diana Oconnell,morgan39@example.org,6272183346,Finance,True
6581,2637,Frederick Lee,andrea58@example.com,(338)415-3732x9419,Finance,True
6582,2638,Juan Ramsey,padams@example.org,300-511-8792x8894,Technical,True
6583,2638,David Price,sdavidson@example.com,833-852-9640x1567,Finance,False
6584,2638,Dawn Allen,christiansandoval@example.com,+1-292-420-8754x75515,Decision Maker,False
6585,2638,Johnny Castro,matthewdavidson@example.com,919.253.5395x51154,Technical,True
6586,2638,Katrina Miller,mike71@example.org,001-852-807-7308x99659,Decision Maker,False
6587,2640,Ryan Howell,cynthia53@example.net,627-760-3744x0846,Technical,True
6588,2640,Carmen Winters,brownjuan@example.com,286.970.7994,Decision Maker,True
6589,2640,John Lowe,kburch@example.net,001-798-250-4837x03768,Procurement,True
6590,2640,Jordan Gonzalez,heathersummers@example.com,001-692-339-3820x4454,Decision Maker,True
6591,2641,Kimberly Morris,william63@example.com,(687)862-3702x89668,Procurement,False
6592,2641,Anna Nunez,robinsoncathy@example.net,001-488-774-2481x802,Finance,True
6593,2641,Faith Parker,francisthomas@example.com,380-563-3167x583,Finance,True
6594,2642,Kevin Adams,sarah35@example.net,(496)623-4693x65875,Decision Maker,False
6595,2642,Sarah Gamble,sherrysmithexample.com,+1-407-587-7270,Finance,True
6596,2643,William Delgado,melissasanders@example.com,(985)391-5678,Procurement,True
6597,2643,John Harvey,garciarhonda@example.com,638-854-3490x61642,Technical,False
6598,2643,Brett Martinez,nknight@example.org,+1-661-702-3145,Finance,True
6599,2643,Jared Torres,ghiggins@example.net,(973)779-0336x8737,Procurement,True
6600,2644,Shaun Sullivan,audrey46@example.org,412-794-9834x5456,Procurement,False
6601,2644,Michael Yates,xchung@example.com,001-904-389-0574,Decision Maker,False
6602,2644,David Moore,kathyjordan@example.com,001-449-424-3557x259,Finance,True
6603,2645,Laura Acosta,joshuaprice@example.com,(681)911-8952x292,Finance,True
6604,2646,Kimberly Weiss,jesusnelson@example.org,(635)569-6617x594,Technical,True
6605,2646,Michael Khan,terriwatson@example.com,001-618-256-6594,Decision Maker,True
6606,2646,Michael Cervantes,petersonchad@example.com,234-989-2058x59849,Finance,False
6607,2647,Jeremy Harris,hmartin@example.org,(469)256-6929x729,Procurement,True
6608,2647,Heather Hicks,davidking@example.com,417-502-7755,Technical,False
6609,2647,Richard Jones,patrick27@example.net,001-951-217-7493x672,Procurement,True
6610,2647,Jeremy Smith,clarkejames@example.net,2372715147,Decision Maker,True
6611,2648,Timothy Willis,emilylewis@example.org,(650)526-5366x4805,Decision Maker,False
6612,2648,Dale Mullins,joseph64@example.com,681-568-9818,Procurement,False
6613,2649,Matthew Hogan,bcisneros@example.net,001-407-207-5798x44258,Decision Maker,False
6614,2650,Cynthia Taylor,fergusonbenjamin@example.net,001-440-911-7621x827,Finance,True
6615,2650,Teresa Burton,johnwilliams@example.org,001-842-875-4339x8581,Decision Maker,False
6616,2650,Helen Hill,sandra15@example.net,845.540.6212,Decision Maker,True
6617,2650,Samantha Mills,fflores@example.net,733.217.0461x29405,Decision Maker,True
6618,2651,Michael Byrd,penajeremy@example.net,001-973-818-8967x9933,Procurement,True
6619,2651,Lauren Mckinney,youngmarco@example.org,+1-642-287-5514x01655,Decision Maker,False
6620,2651,Richard Rodriguez,melissamcintosh@example.org,+1-711-981-5605x595,Technical,False
6621,2651,Melinda Matthews,ortizdenise@example.net,+1-802-659-1771x4029,Finance,True
6622,2654,Laurie Myers,hammondlarry@example.org,757-819-7335x231,Finance,False
6623,2654,Lacey Reyes,tgallegos@example.net,001-948-961-0937,Procurement,True
6624,2654,Kristin Mathews,sabrinasimmons@example.org,926.565.3143x5067,Procurement,True
6625,2657,Diamond Johnson,jamesevans@example.net,8142299815,Technical,True
6626,2657,Christopher Silva,youngchad@example.net,001-287-387-4889,Procurement,True
6627,2658,Joshua Bryant,kelleyderrick@example.net,815-894-0535x23749,Technical,True
6628,2658,Amy Costa,briana79@example.org,001-756-848-3382,Technical,False
6629,2658,Brent Brooks,charlotte18@example.org,741-744-9043x7714,Procurement,False
6630,2658,Joshua Jenkins,ywebb@example.net,(592)541-4061,Technical,False
6631,2659,Darryl Bowen,fgomez@example.org,001-487-268-8032x5015,Finance,True
6632,2659,James Carlson,sreynolds@example.com,(475)219-3349x3805,Procurement,True
6633,2660,Todd King,mtaylor@example.org,483.614.9838,Technical,False
6634,2660,Michael Rivers,jimenezchristina@example.net,+1-303-589-3971x1465,Finance,True
6635,2660,Susan Lawson,zsharp@example.org,907.406.0357x373,Technical,True
6636,2661,Paige Baker,christopher16@example.net,472-974-2805x3099,Decision Maker,False
6637,2661,Tina Cox,laura22@example.net,711.445.9304,Technical,True
6638,2661,Jill Miller,reginaldwebb@example.net,+1-401-316-8395x9479,Procurement,False
6639,2663,Teresa Hartman,ginakhan@example.com,(408)646-0470x860,Decision Maker,False
6640,2665,Kimberly Meyer,psmith@example.org,800.815.5330,Technical,False
6641,2665,Ryan Cox,thompsonsusan@example.net,+1-664-202-6801x642,Decision Maker,True
6642,2665,Elizabeth Preston,aaron60@example.net,986.580.3728x4725,Finance,True
6643,2665,Shannon Jones,monica65@example.com,(240)911-0957x562,Procurement,False
6644,2665,Jaime Barber,lisadunn@example.org,+1-494-585-2971x41904,Technical,False
6645,2666,Gregory Harrison,stephenalexander@example.com,9782864872,Procurement,True
6646,2666,Aaron Allen,cheryl37@example.com,337.766.8120x43417,Procurement,False
6647,2666,Mary Mcmahon,bwatts@example.net,715-517-4050x4829,Technical,True
6648,2667,Micheal Hudson,crosbybrad@example.com,+1-834-602-0386x98204,Finance,True
6649,2667,James Beasley,invalid_email,250-588-4937x08278,Technical,True
6650,2667,Jessica Bautista,tracymyers@example.net,9447773884,Finance,False
6651,2667,Cassandra Powers,beckygilbert@example.com,001-778-795-7116x67423,Procurement,False
6652,2667,Emily Fernandez,sbarrett@example.com,678-376-4397x5852,Decision Maker,False
6653,2668,Sheri Brown,jasonbautista@example.net,(928)406-4436,Technical,True
6654,2668,Laura Dixon,alvarezmatthew@example.org,(805)806-8417x05003,Finance,False
6655,2669,Mr. Gary Mcclure DDS,mckenzieeric@example.net,(870)237-6154x75909,Finance,False
6656,2669,Julie Stewart,jill85@,001-676-924-9282x316,Finance,False
6657,2670,Tyler Pacheco MD,annmurphy@example.com,328.253.3447,Decision Maker,True
6658,2671,Patricia Meadows,kevin68@example.net,001-737-570-5674x49965,Technical,True
6659,2671,Jade Crawford,anthony91@example.org,850-751-2126x1815,Decision Maker,False
6660,2671,John Jefferson,lewisdavid@example.net,(679)949-1261,Finance,False
6661,2671,Donna Williams,jonesderek@example.com,(472)924-2076x48894,Technical,False
6662,2671,Stephanie Smith,invalid_email,001-697-476-5406x62741,Procurement,False
6663,2672,Curtis Fernandez,michael73@example.net,001-747-265-1793,Decision Maker,True
6664,2672,Laura Martin,ryan52@example.net,367-492-4959x176,Finance,True
6665,2672,Antonio Curry,fmcpherson@example.org,749-724-2786x8329,Decision Maker,False
6666,2672,Scott Smith,alexandrasmith@example.com,707-855-2522x50105,Technical,True
6667,2674,Jamie Vasquez,emma96@example.net,(802)321-9811,Technical,False
6668,2674,Kristina Powell,amy79@example.net,(608)730-4870,Finance,True
6669,2674,Bruce Smith,smithjessica@example.net,001-235-997-3374,Decision Maker,True
6670,2674,Jermaine Mosley,wrogers@example.net,306.505.5876,Procurement,False
6671,2676,David Lewis,roseperez@example.com,523.487.9372x995,Technical,False
6672,2676,Karen Williams,jbrowning@example.org,2215167644,Decision Maker,False
6673,2677,Russell Bernard,lindaduran@example.com,(989)539-8364x1369,Technical,True
6674,2677,Jennifer Phillips,carrie43@example.net,001-619-816-7702,Decision Maker,False
6675,2677,Christopher Foster,ptucker@example.net,(286)998-7190x813,Procurement,False
6676,2677,Debra Herrera,jensenangela@example.net,926-758-1220x52258,Procurement,True
6677,2680,James Gonzales,james80@example.net,001-883-209-7456x773,Decision Maker,True
6678,2680,Molly Pena,charrisonexample.net,001-969-972-5678x195,Procurement,False
6679,2680,Megan Wood,tracie52@example.net,(985)934-3225,Technical,False
6680,2680,Chelsea Adams,ricardo56@example.com,465.273.5054,Procurement,True
6681,2681,Javier Jackson,mbush@example.org,001-404-241-5537,Technical,False
6682,2681,Shawn Henry,jbarton@example.org,+1-883-297-7648x051,Technical,False
6683,2682,Roberto Williams,wbenson@example.net,001-817-702-6340x5150,Finance,True
6684,2682,John Reed,jessicacarr@example.com,459-333-6495,Decision Maker,False
6685,2682,Darrell Burton,erodriguez@example.org,8673853723,Decision Maker,False
6686,2684,Jason Johnson,tflores@example.org,725.893.7420x100,Procurement,False
6687,2684,Roger Grant,michaelchapman@example.org,325.898.5742,Technical,True
6688,2684,Laura Mejia,shaun44@example.net,(541)829-9922x83886,Procurement,True
6689,2684,Ricky Williams,kelly46@example.net,(723)520-0137x22050,Technical,True
6690,2685,Elizabeth Hall,kelsey35@,(866)721-3024x9685,Procurement,False
6691,2685,Scott Day,chelseawood@example.net,+1-691-357-4113x07532,Decision Maker,True
6692,2685,Kelly Hess,sarah94@example.org,584.715.0364,Technical,False
6693,2685,Ann Ryan,cburns@example.com,399.333.3012,Finance,True
6694,2687,Timothy Merritt,vazquezjay@example.net,(941)615-9854,Technical,True
6695,2687,James Bell,jasonbarr@example.com,327.906.2799x871,Technical,False
6696,2688,Nicole Williams,michaelcaldwell@example.org,666.304.2887,Technical,False
6697,2688,Veronica Burke,patrick09@example.org,001-904-407-7844x695,Finance,True
6698,2688,Charles Campbell,marksimmons@example.net,969-773-7130,Decision Maker,True
6699,2688,James Williams,gabriel62@example.com,001-567-646-2353x6198,Technical,True
6700,2689,Eduardo Huang,crawfordlogan@example.org,+1-913-372-2668x4127,Technical,False
6701,2689,James Williams,bdennis@example.com,622.553.8692x690,Technical,False
6702,2689,Sylvia Johnson,zunderwood@example.net,001-466-559-0607x084,Finance,False
6703,2690,Edward Miranda,wevans@example.org,878.557.5309,Finance,True
6704,2690,Douglas Thomas,williamsrobert@example.net,307.511.6254,Technical,False
6705,2690,Sydney Ferrell,ghartman@example.com,6398077062,Finance,False
6706,2691,Breanna Nichols,irwinanna@example.org,997.625.0585x88211,Finance,True
6707,2692,Richard Hall,glenncain@example.com,(346)902-2489,Decision Maker,False
6708,2692,Kevin Martin,lauren71@example.com,(546)403-6168x223,Procurement,True
6709,2692,Susan Mendez,rogerssuzanne@example.net,001-632-660-1823x2500,Finance,True
6710,2693,Matthew Cunningham,kimberly99@example.org,245-321-3458,Decision Maker,True
6711,2693,Becky Andrade,invalid_email,2238340094,Decision Maker,True
6712,2693,Ronald Kennedy,jaredthomas@example.com,(800)447-1812x005,Decision Maker,False
6713,2693,Gordon Perez,hardinjustin@example.com,001-670-712-5915,Decision Maker,True
6714,2693,Zachary Andrade,invalid_email,(520)547-0344,Decision Maker,True
6715,2695,Melissa Moore,rivasmelissa@example.org,001-371-932-8847x25797,Finance,True
6716,2695,Paul Rodriguez,meghanroberts@example.org,(903)655-2109x0894,Technical,False
6717,2695,Lori White,bcarroll@example.org,+1-502-717-5218,Decision Maker,False
6718,2696,Jeffrey Wright,rogerseileen@example.com,+1-603-310-7485x8082,Finance,True
6719,2696,Gregory Nguyen,lisa12@example.org,(660)763-6041,Finance,False
6720,2696,Catherine Moore,harperjohn@example.org,001-985-823-0148x76071,Procurement,False
6721,2696,Elizabeth Cross,melissa08@example.com,(823)625-5844,Procurement,True
6722,2698,Susan Watson,larry57@example.com,438-869-5480x38040,Decision Maker,True
6723,2698,Kathy White,russelldonald@example.org,(894)225-1993x895,Procurement,False
6724,2698,Mr. Ryan Calhoun,pamela99@example.net,7767306375,Decision Maker,False
6725,2698,Randall Lewis,lucassherry@example.com,+1-374-391-4722x1448,Decision Maker,False
6726,2698,Chad Jackson,hollanddawn@example.net,649-991-8002x81035,Decision Maker,True
6727,2699,Samuel Marsh,bkelly@example.com,(516)882-3070,Technical,False
6728,2700,Kayla Mcdonald,cassandra59@example.com,(453)436-0118,Technical,False
6729,2700,Victoria Sosa,ashleystewart@example.com,001-885-253-2306,Technical,True
6730,2700,Cheryl Carpenter,alex37@example.net,8618741030,Procurement,True
6731,2700,Mallory Holmes,sharon25@example.com,+1-403-595-1204,Technical,False
6732,2700,Mary Keller,rcarlson@example.com,845.351.6809x22574,Decision Maker,True
6733,2701,Dean Davis,uthomas@example.net,(967)700-9754,Technical,True
6734,2701,Natasha Herrera,dustinjacobs@example.org,725.936.5720,Technical,True
6735,2701,Jessica Carson,walkerfrank@example.net,+1-732-424-1557x6434,Procurement,False
6736,2701,Justin Taylor,michael35@example.net,001-967-663-1368,Technical,True
6737,2702,Sarah Roberts MD,carlcruz@example.com,(303)691-3926x13020,Finance,False
6738,2702,Christopher Nunez,sandrarodriguezexample.org,(833)630-1517x05629,Technical,True
6739,2702,Sarah Austin,clarkluis@example.com,001-929-874-8565,Procurement,True
6740,2703,Rebecca Watts,colin67@example.com,(399)711-4571x3772,Procurement,False
6741,2703,Jon Hamilton,crawfordpatricia@example.org,467.473.9102,Decision Maker,True
6742,2703,Sandra Gomez,kromero@example.com,594.659.2634x4935,Decision Maker,True
6743,2704,Amanda Graves,eroberts@example.org,+1-330-596-6313,Decision Maker,False
6744,2704,Margaret Estrada,james33@example.net,464.381.1399x379,Technical,False
6745,2704,Sherry Cabrera,shudson@example.org,(422)472-2464x7539,Procurement,True
6746,2705,Terri Johnson,dakotaperry@example.com,+1-478-224-4606x407,Decision Maker,False
6747,2705,Scott Thomas,eriknoble@example.net,(932)308-0796,Technical,False
6748,2705,Cody Smith,irwinadam@example.com,001-761-735-8473x95931,Technical,True
6749,2705,Lisa Salazar,tanyanelson@example.com,(743)715-3280x414,Procurement,True
6750,2706,Blake Mcdonald,lcampbell@example.com,(846)616-9739x242,Finance,False
6751,2706,Tanya Lin,mevans@example.com,(891)719-3961x7004,Decision Maker,True
6752,2706,Amanda Ortiz,bautistajoseph@example.com,320.644.5882,Decision Maker,False
6753,2707,Christine Beard,invalid_email,754-765-0128x13929,Technical,False
6754,2710,Tamara Mendoza,kendra99@example.net,(517)235-9137x54630,Finance,True
6755,2710,Alec Cortez,margaret82@example.com,8867583907,Finance,True
6756,2710,Angela Reed,veronica55@example.org,556.239.8935,Technical,True
6757,2711,Lisa Peterson,kathleen19@example.org,753-672-1699x05859,Finance,True
6758,2711,Joseph Hunt,bensonjennifer@example.com,3042514307,Finance,True
6759,2711,Anne Torres,travis02@example.net,+1-840-821-9912x701,Decision Maker,True
6760,2712,Mark Gonzales,jennifer74@example.net,536-676-6816,Finance,True
6761,2712,David Cohen,williambarnett@example.com,(520)413-1385,Procurement,True
6762,2713,Lisa Bolton,garciatracy@example.net,+1-382-491-5365,Decision Maker,False
6763,2713,Jodi Bryant,regina93@example.com,3343672857,Finance,False
6764,2714,Michael Nelson,amy07@example.org,(961)783-6201,Decision Maker,False
6765,2715,Amy Aguilar,matthewhayes@example.net,223-207-6860,Procurement,False
6766,2715,Sergio Lara,eriley@example.net,456-668-1162,Technical,False
6767,2716,Wayne Mendez,kenneth38@example.com,001-519-586-2260x288,Decision Maker,False
6768,2716,Thomas Clark,oliviaobrien@example.org,(648)425-3821,Procurement,True
6769,2717,Lori Lee,leonardregina@example.org,+1-220-782-4536x048,Technical,True
6770,2718,Mark Conley,wjohnson@example.net,+1-511-920-7150x25600,Finance,False
6771,2718,Erin Hernandez,andrewanderson@example.net,205.477.3103,Finance,False
6772,2718,Jacob Watkins,qwhitaker@example.org,001-753-928-8462x229,Technical,True
6773,2719,Suzanne Brown,davidbrown@example.org,(215)642-0834,Technical,False
6774,2719,Vincent Norman,lgriffin@example.com,803.897.4610x120,Procurement,False
6775,2719,Ryan Mccormick,yhuynh@example.org,+1-639-702-0420x27241,Procurement,True
6776,2719,Frank Robinson,ymathews@example.org,204.463.3298,Technical,False
6777,2720,Timothy Robertson,patrick55@example.com,(606)718-1268,Finance,True
6778,2720,Pamela Gould,michelle25@example.org,+1-542-760-2169x392,Technical,False
6779,2721,Pamela Berry,chelseatyler@example.net,+1-757-323-5740x48609,Decision Maker,False
6780,2721,Lisa Smith,michellecarpenter@example.com,+1-884-564-5149x45237,Finance,False
6781,2721,Heather Santiago,dhardy@,947.759.4631x76264,Finance,True
6782,2721,Shirley Craig,christopherberry@example.org,7563952991,Decision Maker,False
6783,2722,James Hayes,scotthudson@example.org,614-561-7949,Decision Maker,False
6784,2722,Kimberly Miller,beckjulie@example.org,001-822-286-5547x1290,Finance,True
6785,2722,Nathan Franklin,christinahuff@example.com,8356304838,Procurement,True
6786,2722,Eric Brown,tina17@example.net,251.613.5828,Decision Maker,True
6787,2722,Jessica Greer,pstewart@example.org,+1-974-536-8099x8250,Technical,False
6788,2723,Mr. Dennis Wells,thomas91@example.com,932-475-1123x1559,Decision Maker,False
6789,2723,Chelsea Thompson MD,williamskevin@example.net,+1-637-963-6715x8549,Procurement,True
6790,2723,Christine Cooper,mbrown@example.org,8772971463,Technical,False
6791,2723,Rebecca Duncan,andersondavid@example.net,(948)572-5606x0660,Decision Maker,True
6792,2723,Jessica Lewis,browndaniel@example.net,530-968-9594,Finance,False
6793,2724,Justin Williams,asmith@example.net,(253)562-5216,Decision Maker,True
6794,2724,Carly Schroeder,edickson@example.org,620-765-5523x4101,Decision Maker,False
6795,2725,Levi Lopez,invalid_email,441-899-5701x4858,Technical,False
6796,2725,Michael Hall,ann33@example.net,+1-848-464-3121,Technical,False
6797,2726,Stephen Williams,wlandry@example.org,+1-814-663-5327x17262,Finance,False
6798,2726,Grace Wilson,jdavis@example.com,001-731-360-4059,Technical,True
6799,2726,Sherri Cisneros,tammy94example.net,9706299943,Procurement,True
6800,2726,Evan Cole,michelle96@example.com,+1-599-845-5463,Decision Maker,False
6801,2726,Alice Johnson,kathleenkoch@example.org,767-699-4118x8020,Procurement,True
6802,2728,William Torres,ltaylor@example.net,+1-417-891-7658x470,Finance,True
6803,2729,James Stevens,bobbyfoster@example.net,(478)495-4326,Technical,True
6804,2729,Teresa Orozco,qwolf@example.org,428-780-2704x95463,Decision Maker,True
6805,2729,Bonnie Medina,alexanderwheeler@example.org,7379236623,Finance,True
6806,2729,Dr. Ashley Crawford DVM,richardkim@example.com,(303)362-1915,Technical,False
6807,2729,Stephanie Daniels,ericbeard@example.org,8653675440,Decision Maker,False
6808,2730,Christine Rodriguez,maciasteresa@example.org,467.366.4417x4435,Technical,True
6809,2731,Donna Faulkner,cathydorsey@example.org,(643)829-2713x30301,Technical,False
6810,2732,Paul White,mfreeman@example.org,988.780.0316x49597,Procurement,False
6811,2732,Brittany Morse,michaelgomezexample.net,+1-796-654-5012x565,Decision Maker,False
6812,2733,Timothy Jones,ahill@example.org,(860)508-3546,Technical,True
6813,2733,Kenneth Smith,johnjones@example.org,(730)808-4877,Finance,False
6814,2734,Grant Martin,murphychristopher@example.com,001-726-441-5826,Finance,True
6815,2734,Monique Frye,kellygilbert@example.org,771.250.1671x89962,Finance,True
6816,2735,Jeffery Pennington,jeffreyhayes@example.com,+1-538-454-1329x199,Procurement,True
6817,2735,Jessica Lucas,zbarnes@example.org,+1-801-686-3127,Procurement,False
6818,2736,Stacy Aguilar,valdezdylan@example.net,576.276.1936x989,Finance,True
6819,2736,Wendy Richard,jonesmichael@example.org,848-487-0493x69459,Procurement,False
6820,2736,Jerome Yoder,michellestephens@example.org,+1-911-972-5908x793,Technical,False
6821,2736,Jill Shannon,kaitlinjohnson@example.org,(577)859-7618x9245,Finance,False
6822,2737,Martha Houston,aaronadams@example.org,977.657.8216,Decision Maker,True
6823,2737,Rachel Stone,yfreeman@example.org,484.571.5435,Technical,False
6824,2737,Elaine Moss,joshuastevenson@example.org,+1-655-307-4703x79336,Decision Maker,True
6825,2738,Robert Burke,pcruz@example.org,(264)300-6623x28650,Technical,False
6826,2738,Gregory Wilson,richard86@example.com,6033933258,Finance,True
6827,2739,Austin Garcia,hawkinschristina@example.net,+1-220-771-6382x0154,Procurement,False
6828,2739,Michael Leonard,blambert@example.net,(451)994-9209x44705,Procurement,True
6829,2739,Richard Harrison,ucollins@example.org,466-427-0298x0942,Procurement,False
6830,2740,Stacey Castillo,kelly29@example.com,(384)642-3840x6620,Finance,True
6831,2740,Amy Howell,colonkimberly@example.com,+1-513-345-4059x4756,Technical,False
6832,2742,Douglas Sullivan,pramos@example.com,(464)962-4894x0782,Decision Maker,True
6833,2743,Mark Bolton,melanie16@example.com,(800)214-2463x961,Finance,True
6834,2744,Amanda Blair,gsmith@example.net,8629195971,Decision Maker,False
6835,2744,Sherri Wilson,cperez@example.com,621.274.9762,Finance,True
6836,2744,Kevin Torres,zdennis@example.com,8403525279,Technical,False
6837,2745,Tiffany Cook,jackcummings@example.org,(566)679-0242x8969,Finance,False
6838,2745,Barbara Clark,mguerra@example.com,001-938-379-1643x70766,Finance,True
6839,2745,Shannon Smith,ufischer@example.org,+1-587-410-4897x755,Technical,False
6840,2745,Cynthia Velez,esmith@example.com,(519)917-8884x484,Decision Maker,False
6841,2747,Beth Reid,invalid_email,385.593.5723x124,Procurement,True
6842,2747,Jessica Wilson,toddmacias@example.com,+1-703-690-9082,Technical,True
6843,2747,Angel Sanders,cmendoza@example.net,241.229.4092x39857,Procurement,True
6844,2747,Diana Hanson,adrian00example.org,863.617.9037x0275,Finance,False
6845,2747,Curtis Price,lorihunter@example.org,485.671.5822,Procurement,True
6846,2748,Chelsea Bonilla,juliesweeney@example.net,001-238-877-4927x0987,Procurement,False
6847,2749,Mary Sosa,invalid_email,(684)910-1232x7909,Technical,False
6848,2749,James Flowers,shannon77@example.org,001-381-625-1915x425,Technical,False
6849,2749,Lynn Molina,robertwilson@example.net,876-723-6487x9472,Procurement,True
6850,2750,Juan Dalton,coxnathan@example.com,(438)550-9531,Technical,True
6851,2750,Glenda Clayton,ncherry@example.net,592-332-1106,Decision Maker,False
6852,2750,Holly Yoder,scotthenderson@example.net,(746)851-5609,Technical,False
6853,2751,Laura Smith,xmontoya@example.net,(819)258-5856x4490,Finance,False
6854,2753,Timothy Diaz,wernerdonald@example.com,320.601.3115,Technical,False
6855,2754,Amanda Olson DVM,kathleen36@example.net,373-733-3060x088,Finance,False
6856,2755,Cynthia Lynch,jonathanmartin@example.net,001-956-645-8029,Procurement,True
6857,2755,Dennis Friedman,wtorres@example.com,(760)917-3743,Technical,False
6858,2755,Steven Davis,sjenkins@example.org,(635)469-0258x32084,Technical,False
6859,2755,Chelsea Nguyen,johnsonmichelle@example.com,640.503.1220,Technical,True
6860,2756,Seth Leonard,esweeney@example.net,001-427-780-7937x05821,Technical,True
6861,2756,Patrick Jackson,sharris@example.org,686-201-9624x9407,Technical,False
6862,2756,Danielle Cole,robertaedwards@example.net,(562)555-5051x63052,Finance,True
6863,2756,Lisa Arnold,hancockdenise@example.com,(500)948-3106x12663,Procurement,False
6864,2758,Dennis Warren,shepherdsarah@example.com,(945)993-9500x54407,Decision Maker,False
6865,2760,Debra Norman,jamieflores@example.net,(561)405-2613,Technical,False
6866,2760,Vicki Bradley,acook@example.org,+1-674-247-8322,Finance,False
6867,2760,Daniel Burnett,ronald18@example.com,(538)744-7302x29805,Finance,False
6868,2761,Donald Shields,sheilahurley@example.com,001-442-581-9252x921,Decision Maker,False
6869,2761,Paul Foley,kathy67@example.net,(478)644-6553x333,Technical,True
6870,2761,Erin Duran,briannaevans@example.com,(291)449-6537,Decision Maker,False
6871,2762,Wayne Eaton,smithamber@example.net,+1-917-871-8343x79719,Decision Maker,False
6872,2762,Haley Moore,christopherbrownexample.com,(492)874-8234x429,Technical,True
6873,2762,Christopher Jones,michael93@example.org,(949)737-6461,Procurement,True
6874,2763,Nathan Stephens,jennifer11@example.net,777-291-8952x9346,Finance,True
6875,2763,Roger Myers,kari05@,984.668.5403x16979,Finance,True
6876,2763,Richard Short,jonathan09@example.org,520.831.0736x5989,Procurement,True
6877,2765,Carrie Davis,dansmith@example.net,5746411862,Technical,True
6878,2765,Carrie Johnston,john50@example.org,286-672-3891x5712,Decision Maker,True
6879,2765,John White,joshuamclaughlin@example.org,001-824-989-0103,Procurement,True
6880,2765,Jennifer Hardy,rebecca90@example.com,666-761-6975x078,Procurement,True
6881,2767,Mary Baker,linda52@example.net,9643487945,Finance,True
6882,2767,Christopher Cole,rodriguezjordan@example.net,861-729-1818x91310,Finance,True
6883,2768,Julie Robles,ericksonchristopher@example.com,001-932-438-4209x438,Procurement,False
6884,2768,Billy Cabrera,ballardryan@example.net,(979)250-2432x4625,Technical,False
6885,2768,Jennifer Ashley,mbennett@example.net,312-290-3284x51359,Technical,False
6886,2768,Eric Todd,lisamoreno@example.com,(688)418-7561x5032,Decision Maker,True
6887,2769,Ana Chambers,regina80@example.net,927-204-9399x9315,Technical,True
6888,2769,John Higgins,janice24@example.net,001-674-390-5350x4437,Procurement,False
6889,2769,Jeffery Briggs,dbrown@example.org,+1-215-506-8048x46524,Decision Maker,False
6890,2769,David Barker,shawrobin@example.org,9396157737,Procurement,False
6891,2769,Julie Suarez,william07@example.com,324-728-3328x15241,Procurement,True
6892,2770,Andrew Hudson,thomasdonna@example.net,001-447-906-2498x0585,Procurement,True
6893,2770,Matthew Erickson,jkellyexample.org,941-923-6813,Finance,False
6894,2770,Paul Martinez,xmiller@example.net,853-990-1125,Decision Maker,False
6895,2771,Mrs. Rachael Phelps,gregory60@example.com,001-834-715-6876x0370,Procurement,False
6896,2771,Rachel Cochran,amy94@example.org,+1-318-569-3315,Finance,True
6897,2771,William Thomas,sarahyoung@example.com,340.697.2524,Finance,False
6898,2772,Richard Snyder,alejandrawhite@example.net,+1-354-615-6800,Technical,True
6899,2772,Samantha Allen,erik63@example.net,+1-257-640-5434x807,Finance,False
6900,2772,Mark Patterson,fisherdeanna@example.com,907-891-1885x997,Technical,True
6901,2772,William Price,donaldadams@example.com,502-435-9823,Finance,True
6902,2772,Jimmy Morton,hannahsmith@example.com,(528)271-6723,Procurement,False
6903,2773,Brittany Martinez,bsnyder@,775-937-4893,Finance,True
6904,2774,Tamara Bradley,montgomeryrobertexample.net,001-704-394-8372,Finance,True
6905,2775,Megan Davis,cowanlawrence@,(968)937-5934x30966,Decision Maker,False
6906,2775,Brian Tucker,laurenpruitt@example.org,+1-228-579-3570x3163,Technical,True
6907,2775,Sandra Gomez,mark83@example.com,995.549.1670x0254,Technical,False
6908,2775,Hayden Tyler,jeffrey72@example.net,001-519-258-1867x13646,Finance,False
6909,2775,Brooke Sandoval,patrickdickerson@example.com,718.319.5500,Decision Maker,True
6910,2777,Shelby Ball,michellewallace@example.com,+1-927-879-9234x736,Decision Maker,False
6911,2778,Lawrence Livingston,rebeccataylor@example.net,961-202-0946,Finance,True
6912,2780,Micheal Lopez,brendawatkins@example.org,001-417-969-2569x2050,Technical,True
6913,2781,Regina Parker,laurensmith@example.net,994-206-9990x026,Procurement,True
6914,2781,Rebecca Walter,robertdavis@example.com,6915860047,Finance,False
6915,2781,Laura Smith,tcox@example.org,001-712-481-6308x55298,Finance,False
6916,2781,Nicholas Griffin,zachary41@example.net,(464)883-2114,Procurement,True
6917,2781,Jonathan Davis,newmanrichard@example.com,(516)438-1752x82963,Finance,False
6918,2782,John Ferguson,markmitchell@example.net,(332)862-1292x07330,Decision Maker,False
6919,2784,Angela Warren,uherrera@example.net,+1-684-334-7246x034,Decision Maker,False
6920,2784,Mary Salazar,lucas14@example.net,830.483.4642,Procurement,False
6921,2785,Ann Harris,brandon19@example.org,+1-234-374-4530x72071,Technical,True
6922,2785,Gary Walton,xbowman@example.org,+1-728-452-3077x59314,Technical,False
6923,2785,Julia Gutierrez,jonathan88@,001-821-671-1002x06190,Decision Maker,False
6924,2786,Amanda Lyons,todd91@example.org,001-650-248-2960x76462,Finance,True
6925,2786,Blake Phillips,aprilroy@example.org,492.265.7454x77710,Finance,False
6926,2786,Hannah Sanchez,james70@example.com,(364)899-8237,Decision Maker,False
6927,2786,Anthony Norman,fanderson@example.com,762.545.0088x43236,Procurement,False
6928,2787,Douglas Christian,danielcruz@example.com,240-620-6321x7708,Technical,True
6929,2787,David Townsend DVM,hartmanjustin@example.com,+1-819-621-1387,Procurement,True
6930,2787,John Soto,laustin@example.org,(791)673-9835x57215,Decision Maker,True
6931,2787,Courtney Riley,ssmith@example.net,916-992-3040x6834,Technical,True
6932,2788,Mary Simmons,katherinefarmer@example.net,001-706-572-5626x7106,Technical,False
6933,2788,Kevin Cannon,josephgonzalez@example.org,868.907.7330,Finance,False
6934,2788,William Edwards,xdavidson@example.net,899.981.2846,Finance,True
6935,2788,Adam Daniel,alyssavelez@example.com,583.634.9600x403,Technical,False
6936,2788,Daniel Pace,muellermelanie@example.net,647.938.4913x394,Decision Maker,True
6937,2789,Eugene Mckay,guerramelanie@example.com,750.374.3172,Technical,False
6938,2789,Steven Strickland,kristin43@example.org,355.969.7165,Decision Maker,False
6939,2789,Joann Roberts,jennifer05@example.net,(851)626-2964x353,Finance,True
6940,2790,Mrs. Kristen Edwards,mckinneyluke@example.com,803.940.8575x509,Finance,False
6941,2790,Melody Tran,jennifer09@example.com,746-935-1918,Finance,True
6942,2790,Debra Lee,lopezjanice@example.com,+1-944-995-7686x3204,Decision Maker,True
6943,2791,Rhonda Hernandez,robertsmith@example.net,+1-736-703-1926,Finance,False
6944,2792,Matthew Weber MD,halldonna@example.org,384.218.9224x3051,Procurement,False
6945,2792,Jamie Matthews,amymarsh@example.net,429-306-5661,Decision Maker,True
6946,2793,Michael Walker,xnunez@example.net,276.478.1922,Decision Maker,False
6947,2793,Sabrina Hamilton DDS,allencynthia@example.com,001-682-499-7961x21618,Procurement,True
6948,2794,Patricia Page,baldwindiane@example.com,354.792.9816,Technical,True
6949,2794,Sandra Greene,fuentesjessica@example.net,(863)700-7831,Procurement,False
6950,2794,Patrick Henderson,christopher92@example.net,7485865217,Finance,True
6951,2794,Jason Johnson,hodgecharles@,(991)373-7765x4802,Technical,True
6952,2794,Erica Powers,michaelsmith@,+1-746-942-6283x90821,Decision Maker,False
6953,2795,Richard Rodriguez,manuelbradley@example.com,(609)744-7868x9500,Technical,True
6954,2795,Sherry Johnson,bparsons@example.com,3108247983,Finance,True
6955,2795,Brandon Hill,john19@example.net,7587737824,Procurement,False
6956,2795,Louis Martin,david88@example.org,(453)483-4172x014,Decision Maker,False
6957,2796,Wanda Robinson,christineandersonexample.net,(818)220-8545,Finance,False
6958,2796,Lisa Hall,johnsshirley@example.org,+1-364-521-3964,Technical,True
6959,2796,Wendy Johnson,jenniferflowers@example.net,001-810-761-5476x98981,Decision Maker,False
6960,2797,John Leon,moorestacey@example.org,586.606.1649x549,Technical,True
6961,2797,Alexis Chan,pward@example.com,597.375.6838,Technical,True
6962,2798,Nathan Little,espinozakevin@example.net,2806462591,Procurement,False
6963,2798,Bradley Pruitt,dunntammy@example.com,001-379-522-4124x526,Technical,False
6964,2798,Mark Johnson,howellkelly@example.org,(983)799-4850x21297,Procurement,True
6965,2799,Breanna Cain,anthony89@example.net,(540)459-7781,Decision Maker,True
6966,2801,Derrick Mendoza Jr.,hebertlaura@example.com,500.362.3502x687,Finance,True
6967,2801,Angela Brown,donaldhowe@example.org,880.259.3102x1378,Procurement,True
6968,2803,Richard Owens,dawnadams@example.com,818.494.0455,Procurement,False
6969,2805,Todd Jackson,hernandezmatthew@example.com,2228690578,Procurement,False
6970,2805,David Marshall,clewis@example.com,940-299-1137x85513,Technical,True
6971,2805,Tiffany Cameron,oconnormatthew@example.org,355-275-4642,Decision Maker,False
6972,2805,Willie Patton,imckee@example.net,(227)943-5963,Finance,False
6973,2806,Jo Chan,dale64@example.com,(335)594-5429,Finance,False
6974,2807,Brianna Chen,nicolemueller@example.net,485-339-9739,Technical,True
6975,2807,Greg Smith,kellyjason@example.net,626.726.9820,Finance,False
6976,2810,Brandon Gonzalez DDS,gmcdonald@example.net,001-297-872-3403x461,Procurement,False
6977,2810,Alexandra White,perryjulie@example.com,264-543-9432,Finance,False
6978,2810,Michael Schultz,mariafernandez@example.net,+1-598-769-4033x8071,Finance,True
6979,2810,Teresa Rose,joshuarodriguez@example.com,(516)464-7423x1107,Finance,False
6980,2811,Laura Arnold,invalid_email,466-623-6814,Decision Maker,True
6981,2811,Jonathan Dixon,griffithheidi@example.net,388.585.4574x9500,Decision Maker,False
6982,2811,Tonya Castaneda,wmurillo@,(976)393-1048x8520,Technical,True
6983,2811,Kevin Mendoza,annpena@example.net,530-596-0694,Technical,False
6984,2811,Kevin Reed,emily90@example.net,2103829360,Technical,False
6985,2812,Dr. Kenneth Rogers,matthewjackson@example.org,001-765-661-9518x50395,Finance,True
6986,2812,Brian Williams,qmiller@,001-749-206-7197,Procurement,True
6987,2812,Tracy Davis,mho@example.net,+1-219-975-8345,Decision Maker,True
6988,2813,Daniel Wade,parias@example.org,732-380-7546,Finance,True
6989,2813,Kayla Smith,bailey47@example.net,001-615-975-8007x413,Finance,False
6990,2813,Richard Curry,brianmartinezexample.org,7354912011,Technical,True
6991,2813,Samantha Jones,cathygomez@example.org,(993)588-4327,Technical,False
6992,2813,Joanna Bonilla DVM,vriggs@example.org,(414)632-6890x3228,Technical,True
6993,2814,Michael Adams,seanbrooksexample.com,232-771-7187,Finance,False
6994,2814,Lindsey Macdonald,raymondlee@example.net,7333112296,Finance,True
6995,2814,Jeff Juarez,julia71@example.net,(527)998-6057x319,Decision Maker,True
6996,2814,John Green,greggmcclain@example.com,+1-965-728-7933x127,Finance,False
6997,2815,Dustin Curry,gwagner@example.org,7436265500,Technical,False
6998,2815,Aaron Stevenson,collinssarah@example.com,+1-387-874-2173x78337,Decision Maker,True
6999,2815,Sarah Shields,ntaylor@example.org,+1-726-287-7716x89357,Technical,False
7000,2815,Diana White,michael17@example.org,+1-808-613-5633,Decision Maker,False
7001,2815,Kathleen Hudson,jenniferchen@example.com,(405)783-7873,Technical,False
7002,2817,Martin Moreno,ewilliamson@example.net,8196560859,Decision Maker,True
7003,2817,Gary Ellis,kirstensmith@example.net,3142381397,Procurement,True
7004,2817,William Hale,geraldturner@,821-772-7645,Finance,True
7005,2817,Tony Smith,gregory78@example.com,+1-853-536-0138x775,Technical,True
7006,2817,Robert Knight,linrachel@example.net,853-708-7247,Technical,False
7007,2818,Cindy Reyes,gperez@example.org,275.919.8673x0701,Technical,False
7008,2819,Kevin Mccarthy,harperdrew@example.com,336-443-6003x34118,Decision Maker,True
7009,2820,Elizabeth Owens,petersamanda@example.com,9267239573,Technical,False
7010,2820,Richard Stone,garciakatherine@example.net,232.742.1036,Decision Maker,True
7011,2820,Jennifer Alexander,icain@example.org,+1-459-411-2296x6556,Decision Maker,False
7012,2821,Emma Hale,millertiffany@example.net,324-268-9919x0046,Procurement,True
7013,2822,Luis Simpson,whiteedward@example.com,405.779.3559,Finance,True
7014,2822,Shannon Ellis,bonnie05@example.net,848.385.0203x4468,Decision Maker,False
7015,2822,Mrs. Erica Martin,invalid_email,971-510-4739x26849,Technical,True
7016,2822,Kimberly Simmons,allenemily@example.org,(863)478-1572x695,Procurement,True
7017,2822,Dwayne Phillips,kingjorge@example.org,001-456-634-6593x313,Technical,False
7018,2823,William Thompson,xrodriguez@example.org,278-769-9939x248,Decision Maker,False
7019,2823,Kevin West,cassandrawise@example.com,(577)694-7148x9789,Finance,True
7020,2823,Erica Miles,michelle92@example.org,001-692-917-3488x70784,Finance,False
7021,2823,Joseph Saunders,brettmurray@example.org,(471)311-2256,Decision Maker,False
7022,2823,Erika Miller,invalid_email,+1-858-279-7649x1036,Procurement,False
7023,2824,Luis Butler,zcooper@example.com,786.971.4212x04976,Decision Maker,True
7024,2825,Lance Farmer,jennifergilbert@example.com,(762)698-9160,Decision Maker,False
7025,2825,Emily Long,millerrobert@example.net,001-456-528-4562,Procurement,True
7026,2825,Michael Brown,karenlewis@example.net,+1-824-339-0584x984,Finance,False
7027,2825,Sheena Murphy,rojasaaron@example.com,+1-970-992-3360x1963,Procurement,True
7028,2825,Amy Preston,michael39@example.net,877.886.1326,Technical,False
7029,2826,Yvette Frank,zhuff@example.net,244.548.5973x830,Technical,True
7030,2826,Mitchell Mccullough Jr.,tracy88@example.net,(318)524-2423x2426,Technical,False
7031,2826,Christopher Kaufman,michaelcompton@example.org,+1-473-927-6855,Procurement,True
7032,2826,Ernest Black,jamiewood@,001-630-271-1787,Technical,False
7033,2827,Christopher Johnson,invalid_email,732-887-7640x491,Technical,True
7034,2828,Rodney Stewart,yallison@example.org,(368)282-9192,Decision Maker,False
7035,2828,Tabitha Collins,jason04@example.org,(385)236-0977x37521,Decision Maker,True
7036,2828,John Thompson,bthompson@example.net,7797659509,Procurement,False
7037,2829,Marc Campbell,jasminedaniel@example.net,959-756-5683x3879,Technical,True
7038,2830,Ryan Barajas,etorres@example.com,7637512524,Technical,True
7039,2830,David Medina,valerie01@example.org,001-554-953-5338x95421,Decision Maker,False
7040,2830,Catherine Dickson,amandajohnson@example.com,+1-756-942-1251x4729,Procurement,True
7041,2830,Samuel Glover,william69@example.com,+1-855-819-3199x91198,Technical,True
7042,2831,Daniel Shea,qchristian@example.com,(307)602-4836,Decision Maker,False
7043,2831,Dr. Carl Williams,jonathan27@example.org,+1-802-393-0661x299,Technical,False
7044,2833,Mandy Maldonado,ryan44@example.com,736.765.0585,Decision Maker,True
7045,2833,Hayley Thompson,ronnie21@example.org,7758582424,Decision Maker,False
7046,2833,Kent Thomas,sherrybauer@example.org,001-206-396-9876x862,Decision Maker,False
7047,2833,Samuel Smith,megan14@example.net,001-464-753-4167x8919,Finance,False
7048,2834,James Williams,marcus38@example.com,880-208-5525x1144,Procurement,True
7049,2834,Brandi Friedman,mhenson@example.net,+1-937-621-2083x8234,Procurement,True
7050,2834,Claudia Taylor,rcastro@example.net,(881)789-6320x426,Finance,True
7051,2834,Tiffany Ball,castrotyler@example.net,(374)570-1164x16850,Decision Maker,False
7052,2835,Lisa May,xromero@example.com,001-271-540-7550x0037,Procurement,True
7053,2835,Nancy Bailey,maria73@example.net,001-707-321-0079x86976,Finance,True
7054,2835,Glenda Mccullough,rothdevin@example.org,777-996-2890x9025,Finance,False
7055,2837,Jerry Deleon,alexishorton@example.com,(364)286-0378x61159,Technical,True
7056,2837,Jay Nixon,jjones@example.org,395.564.3382,Procurement,False
7057,2837,Lisa Lee,odonnelltonya@example.org,001-549-944-1193x75900,Finance,True
7058,2838,Patricia Hernandez,ramirezrhonda@example.net,721.638.6357,Finance,True
7059,2838,Kimberly Wade MD,danielsshawn@example.net,(296)381-3715x63625,Decision Maker,False
7060,2839,Lauren Miranda,stoneandrea@example.net,963-351-9559,Technical,False
7061,2839,Karen Anderson,sarahenderson@example.org,297-275-1823x93796,Procurement,True
7062,2839,Justin Costa,agood@example.org,001-589-989-7242,Finance,True
7063,2840,Erika Smith,parkerchristopher@example.com,247.331.0083x8319,Finance,False
7064,2840,Bailey Stewart,nicholsonjames@example.net,972.511.2830x4794,Decision Maker,False
7065,2840,Patricia Becker,pattersonpatricia@example.org,947.523.0080x92020,Finance,True
7066,2841,Jeremy Hurley,henryanna@example.net,589.607.9082x5819,Procurement,True
7067,2841,James Elliott,suzannelewis@example.com,001-918-521-7092x829,Technical,True
7068,2841,Eric Butler,patriciabates@example.net,212.333.3806x8524,Finance,False
7069,2841,David Harrell,leahguerrero@example.org,929-228-5608,Procurement,True
7070,2841,Todd Olson,guytucker@example.net,450-355-7003,Technical,False
7071,2842,Nathan Aguilar,joshua82@example.com,574-451-0479x43065,Technical,True
7072,2842,George Lewis,jessicasanders@example.com,(865)415-3530x2790,Decision Maker,False
7073,2842,Samantha Yang,mariagonzalez@example.com,(230)432-0683,Decision Maker,True
7074,2842,Ronald Martin,kwilliams@example.net,+1-227-686-5784x430,Decision Maker,True
7075,2842,Jessica Obrien,fpierce@example.net,409-623-6079x21455,Procurement,False
7076,2843,Jennifer Ibarra,mooretheodore@example.com,(209)295-5484x689,Technical,True
7077,2843,Billy Silva,warnerkeith@example.org,(857)335-2255x6240,Finance,False
7078,2844,Beth Patel,ryan20@example.org,+1-314-494-9587x67094,Procurement,True
7079,2844,David Howard,carlospowell@example.org,+1-890-568-7123x9783,Finance,False
7080,2844,Darlene Adams,curtiswebb@example.com,6838811205,Procurement,True
7081,2845,Isaac Randall,nelsoncynthia@example.org,986-852-1939x023,Decision Maker,False
7082,2845,Jason Foster,hancockmelinda@example.org,+1-703-707-5140,Technical,False
7083,2845,Amanda Richards,steve27@example.com,+1-914-346-0999x53573,Decision Maker,True
7084,2845,Jose Barnes,heidimayo@example.com,3973561055,Procurement,False
7085,2847,Mariah Cameron,hlee@example.com,(481)944-2745,Technical,True
7086,2851,Laura Rice,ubarber@example.org,707-921-1144x51447,Technical,False
7087,2852,Michael Jones,qhill@example.com,894-301-3834x11782,Finance,True
7088,2852,Martin Chapman,jasminehudson@example.com,001-713-638-2350,Decision Maker,True
7089,2854,Sharon Johnson,karen37@example.org,248-592-7410x69523,Technical,False
7090,2855,Daniel Miller,robinsontonya@example.com,001-306-419-3604x57188,Finance,True
7091,2855,Curtis Palmer,jacksontimothy@example.org,405-273-2951x891,Procurement,False
7092,2856,Paul Nelson,kjohnson@example.org,+1-562-475-2585,Decision Maker,True
7093,2856,Donna Williams,scottpayne@example.net,694-748-7411,Technical,False
7094,2856,Antonio Thomas,gmcclure@example.net,(430)795-8403x9157,Procurement,True
7095,2856,Patricia King,kathleen46@example.com,4502944852,Finance,True
7096,2857,Latasha Collier,jenniferhogan@example.org,(877)917-1628x51436,Finance,True
7097,2857,Bill Schneider,smanning@example.com,(727)849-4041,Finance,False
7098,2857,Anthony Vang,brandonroberts@example.com,873-780-4369,Procurement,True
7099,2857,Michael Henderson,derek33@example.com,3717787953,Decision Maker,False
7100,2857,Robert Fox,laura90@example.com,001-799-451-3777,Procurement,True
7101,2859,Linda Mack,robert54@example.net,(810)283-1269x44792,Procurement,True
7102,2859,Lauren Singh,kylekelley@example.org,5288344441,Decision Maker,False
7103,2859,Amanda Arellano,joshua02@example.com,366-891-8843,Procurement,True
7104,2859,James Jackson,loganrichard@example.net,905.509.6765x09887,Decision Maker,False
7105,2860,Kenneth Fernandez,kevin62@example.org,001-449-909-0756,Finance,False
7106,2860,Terry Roberts,gcaldwell@,(663)973-8127x04839,Finance,False
7107,2860,Shannon Knight,michelle02@example.org,983.704.5219x0147,Finance,True
7108,2860,Jesse Graham,idavidson@example.net,001-347-875-7006x79619,Finance,False
7109,2860,Brianna Roberts,swood@example.org,6019359304,Decision Maker,True
7110,2861,Jason Rivera,valerie37@example.net,215.929.6180,Finance,True
7111,2862,Brett Gonzalez,qscott@example.net,3537821535,Procurement,False
7112,2863,Dwayne Smith,mandrews@example.org,001-959-363-0879,Finance,True
7113,2864,Kelli Robinson,sarahcombs@example.net,200.247.4023x8192,Technical,False
7114,2864,Mary Rodriguez,matthew22@example.com,(227)928-2077x1526,Decision Maker,False
7115,2865,Christopher Carroll,robert60@example.com,001-919-777-5656,Technical,True
7116,2866,Kimberly Davis,bhahn@example.org,+1-739-442-8592x59778,Procurement,True
7117,2867,Hannah Morris,thompsonmichael@example.com,819-401-3195x9730,Procurement,True
7118,2867,Angela Bush,jennifernewman@example.net,2725367383,Technical,True
7119,2867,Chad Banks,sharon77@example.net,6864376019,Decision Maker,False
7120,2867,Andrew Salinas,gibsonangela@example.org,922-310-0249x39494,Decision Maker,True
7121,2868,Danielle Carter,mike44@example.net,712-718-5405x273,Procurement,True
7122,2869,Jacqueline Collier,christopher13@example.org,+1-386-812-2595x18200,Decision Maker,True
7123,2869,Daniel White,robertjones@example.net,445-510-5652,Technical,True
7124,2869,Ryan Taylor,harrismonica@example.com,(758)425-3977x92282,Decision Maker,False
7125,2869,Lonnie Williams,robinsonchristine@example.org,263.248.1963x498,Procurement,False
7126,2871,Daniel Bradshaw,calebwilson@example.org,(247)974-1103x46383,Finance,True
7127,2871,Christopher Porter,evan56@example.com,973.798.5831x090,Decision Maker,True
7128,2871,Matthew Payne,zramirez@example.net,001-790-521-6481,Decision Maker,False
7129,2872,Monique Johnson,garypham@example.org,(339)843-0407x687,Technical,False
7130,2873,Ian Cain,angela40@example.org,(673)946-4878x500,Finance,True
7131,2873,Joanna Schmidt,kimberly40@example.net,(252)453-4099,Technical,True
7132,2874,Travis Pugh,christopher34@example.org,001-702-626-0960,Procurement,False
7133,2874,Brian Mueller,geraldwallace@example.net,584.981.6968x6647,Technical,False
7134,2875,Jennifer Nelson,david21@example.org,522-683-8679,Technical,False
7135,2875,Jaclyn Bradley,cliu@example.com,+1-225-997-1970,Decision Maker,False
7136,2875,Adam Wagner,markfisher@example.net,+1-874-787-6998x06842,Finance,True
7137,2876,Melissa Hodge,qluna@example.net,+1-793-212-3344x529,Finance,False
7138,2876,Anne Dawson,zjoseph@example.org,+1-684-571-5296x09686,Decision Maker,True
7139,2876,Teresa Logan,wernermichelle@example.com,001-450-351-1131,Finance,False
7140,2876,Jacob Reynolds,hcox@example.org,(761)354-7438,Procurement,True
7141,2877,Jose Smith,cgomez@example.net,+1-367-943-4085x79983,Finance,True
7142,2877,Charles Morgan,nunezmario@example.com,+1-282-676-6890x32916,Finance,False
7143,2878,Kelli Mendez,melissaford@example.com,825.993.6685,Procurement,False
7144,2878,Jonathan Martinez,hmullins@example.org,+1-508-678-1492x8044,Decision Maker,False
7145,2878,Rachael Sullivan,hensleytimothy@example.net,620-651-5668,Decision Maker,False
7146,2880,Jennifer Gonzalez,chunt@example.com,(655)609-0151x4799,Finance,False
7147,2880,Nancy Crawford,jessicaanderson@example.net,+1-356-388-4234x137,Finance,False
7148,2880,Christine Le,kevin72@example.com,(917)835-7372x1977,Finance,False
7149,2880,Tommy Roberts,josebecker@example.net,+1-812-219-8971,Decision Maker,False
7150,2881,Shirley Adams,sarah07@example.org,+1-948-490-9939x86596,Technical,False
7151,2881,Christopher Reed,karen00@example.net,001-533-996-2266x976,Finance,True
7152,2881,Bradley Jackson,pmartin@example.com,6629042813,Decision Maker,True
7153,2881,Alexandria Ware,wlewis@example.org,749.243.6296x584,Procurement,False
7154,2882,Jill Beck,jessica89@example.net,3044260205,Decision Maker,False
7155,2883,Teresa Anderson,carlsondaniel@example.org,4714358709,Finance,True
7156,2883,Devin Jones,andersonjonathan@example.org,549-627-2899x5094,Technical,True
7157,2883,Michelle Williams,melissacross@example.org,+1-870-795-7703x036,Technical,False
7158,2883,Angela May,ian58@example.org,(789)243-2407x207,Finance,False
7159,2883,Robert Thomas,lopezdaniel@example.net,275-252-8251x2000,Technical,False
7160,2884,Robert Jones,vaughntracy@example.org,+1-765-497-8428x5407,Procurement,False
7161,2884,Dillon Wilson,buchanansteven@example.org,989.792.8584x85631,Decision Maker,False
7162,2885,Drew French,martinezkevin@example.com,(486)469-3805x767,Decision Maker,False
7163,2885,Daniel Martin,dustinbrown@example.com,774-247-8726x0851,Procurement,True
7164,2885,Christine Jennings,derek78@example.net,7434434009,Decision Maker,False
7165,2885,Roberto Nicholson,mitchellmichelle@example.org,955.492.6877x14152,Decision Maker,False
7166,2885,Kirk Miller,jennifer67@example.com,435.265.3813,Decision Maker,False
7167,2886,Kevin Lucas,bartoncorey@example.net,729.951.5974x9169,Procurement,False
7168,2886,Frank White,reginamatthews@example.org,395.452.6053,Finance,True
7169,2886,Kenneth Shah,fordmatthew@example.com,720-610-2536x1323,Procurement,True
7170,2886,Rebecca Jackson,meyerandres@example.org,870.253.1758,Procurement,False
7171,2886,Richard Cole,jpatterson@example.org,543.252.0408,Technical,True
7172,2887,Sarah Baxter,sandra12example.net,(446)585-7762,Procurement,False
7173,2887,Cheryl Jacobs,katiegreen@example.net,001-826-472-9930x811,Finance,False
7174,2888,Brian Macias,jasonavila@example.net,699-844-1434x266,Decision Maker,False
7175,2889,William Thomas,curtiscosta@example.net,001-987-939-5029,Finance,False
7176,2890,Mark Mitchell,myersaustin@example.com,486.428.4663,Procurement,True
7177,2890,Timothy Porter,ascott@example.org,463.753.1872x195,Procurement,True
7178,2892,Jonathan Nichols,hparker@example.net,001-332-293-4071x9683,Procurement,False
7179,2892,Jesse Johnson,kimberly69@example.com,+1-380-456-6566,Procurement,True
7180,2892,Christopher Smith,nicholashunt@example.net,8285233658,Technical,False
7181,2893,Jamie Jacobs,iweeks@example.org,(346)451-0978,Decision Maker,True
7182,2893,Amanda Little,invalid_email,+1-957-799-7185x5457,Decision Maker,True
7183,2893,Sharon Hughes,karenmontgomery@example.org,244-397-7967,Finance,True
7184,2893,Shelley Evans,cmiller@example.net,001-771-531-7640x44304,Decision Maker,True
7185,2893,Anthony Rivers,osmith@example.com,908.998.2027,Decision Maker,False
7186,2895,Andrew Wallace,lindsaystanley@example.org,(769)527-2535x278,Decision Maker,False
7187,2897,Deanna Pope,hperez@example.org,(320)973-6686x4083,Procurement,False
7188,2897,Heidi Lopez,mbaldwin@example.com,+1-298-269-0070x0368,Decision Maker,True
7189,2898,Tom Rodriguez,robinsonanna@example.org,001-508-656-6208,Technical,False
7190,2898,Holly Wilson,fgreen@example.net,(845)963-8932,Technical,False
7191,2898,Lisa Brown,elizabethwilliamson@example.org,546.988.9964x7994,Finance,True
7192,2898,Justin Campbell,roberthunter@example.net,001-627-600-7856x37036,Procurement,True
7193,2899,Lisa Reed,jenkinsdouglas@example.com,576.964.5050x2392,Technical,False
7194,2899,Robert Smith,ochapman@example.net,(367)254-8285,Technical,True
7195,2899,Rodney Ayala,okaiser@example.net,394-931-4770x00726,Finance,False
7196,2901,Karen Walters,dschultz@example.com,4427638781,Procurement,True
7197,2901,Philip Lopez,ehenry@example.org,(399)289-7136x116,Technical,False
7198,2901,Donald Macias,lwu@example.org,(544)947-3879,Technical,True
7199,2901,Amanda Fernandez,debra16@example.com,7112009637,Technical,False
7200,2901,Patricia Hale,benjamin45@example.org,586-879-6625x6536,Finance,True
7201,2902,Andrew Foster,micheallucas@example.com,731-317-8381x4966,Finance,True
7202,2902,Tina Aguilar,jacksonjennifer@example.org,001-989-392-9068x4393,Technical,True
7203,2902,Dennis Medina,sweaver@example.com,+1-892-756-8919x515,Technical,True
7204,2902,Lisa Strickland,dorothybarnett@example.net,+1-253-209-9629x86306,Technical,False
7205,2904,Trevor Taylor II,vanessa93@example.net,444-738-7818,Technical,True
7206,2904,Elizabeth Reed,lbenson@example.net,699.650.4054x6390,Finance,False
7207,2904,Angela Wright,charris@example.com,936-301-8257,Finance,False
7208,2905,Rachel Butler,kimberlyscott@example.org,207.553.4727,Procurement,False
7209,2906,Claudia Jones,carrieharrell@example.com,001-527-756-6552,Decision Maker,True
7210,2906,Matthew Scott,fritzeric@example.net,(250)554-0362,Procurement,False
7211,2907,Benjamin Smith,meganwest@example.com,839-860-1282x56939,Procurement,True
7212,2907,Meagan Macias,michaelhester@example.net,684.852.7424x041,Finance,False
7213,2908,Dominique Morris,walkerheather@example.com,999-518-5103,Technical,True
7214,2908,Jeremiah Rowe,newtonmary@example.org,(215)411-5791x357,Decision Maker,False
7215,2908,Amanda Garrett,hdyer@example.net,(644)502-9981x90479,Decision Maker,False
7216,2909,Angela Clements,gonzalezjuan@example.com,(387)870-5177,Decision Maker,False
7217,2910,Cynthia Castillo,hintonjonathan@example.com,001-226-562-1434x030,Finance,False
7218,2910,Christopher Christian,valeriecollins@example.net,896.206.1169x8890,Decision Maker,False
7219,2910,Isaiah Clark,jennifercamacho@example.org,001-334-390-5308,Procurement,True
7220,2910,Jill Martinez,janetflores@example.com,496.834.0445x972,Decision Maker,False
7221,2911,Brian Rios,robertdudley@example.net,+1-486-691-7719x454,Finance,False
7222,2911,Christopher Medina,uadkins@example.net,805-842-2509x6231,Finance,True
7223,2911,Zachary Spencer,rgonzalez@example.net,495.310.7988x6446,Finance,True
7224,2911,Jennifer Mccoy,bowenmarcus@example.org,(518)243-3819x110,Finance,True
7225,2912,Donald Johnson,singhdiane@example.org,+1-358-476-0531x232,Decision Maker,False
7226,2912,Harold Wright,rachel71@example.net,507-260-7573,Decision Maker,True
7227,2912,Kevin Russell,branchrachel@example.org,984-371-8676x19953,Finance,False
7228,2914,Becky Moore,brianmckenzieexample.org,001-675-880-4153,Technical,True
7229,2915,Lucas Contreras,uroy@example.org,468-375-2175,Technical,False
7230,2915,Frederick Williams,reneecooper@example.org,(854)646-0041x7784,Procurement,False
7231,2915,Mitchell Mitchell,clopez@example.net,(414)267-4839x0159,Finance,False
7232,2917,Alexandra Williams,invalid_email,854.737.9288x85034,Technical,True
7233,2917,Frederick Thomas,kristahayes@example.org,+1-915-631-8584x11850,Technical,False
7234,2917,Brenda Johnson,brittany44@example.org,001-575-629-9412x99167,Procurement,True
7235,2917,Ronald Jones,brendandickson@example.com,(574)533-1074x236,Technical,True
7236,2918,Antonio Bush,xburns@example.net,699-514-9177x5803,Finance,True
7237,2918,Albert Fox,stephanieosborne@example.net,9704773212,Decision Maker,True
7238,2918,Michael Cortez,athomas@example.com,001-440-422-5695,Procurement,True
7239,2918,Jason Hunter,davidconner@example.com,(792)792-5981x45290,Procurement,False
7240,2918,Deborah Thomas,vcompton@example.com,333-764-5244x403,Finance,False
7241,2920,Christopher Kennedy,invalid_email,336-481-9205x3214,Technical,True
7242,2921,Mark Young,torresjoseph@example.net,3908033720,Procurement,False
7243,2923,Amy David,kcoleman@example.com,+1-587-876-6739x514,Finance,False
7244,2923,Kathleen Riley,mollymeyer@example.com,(290)915-3960,Finance,True
7245,2924,Christopher Roberts,teresa77@example.org,+1-716-489-2148x8408,Finance,True
7246,2925,Catherine Nguyen,rickymartinez@example.com,936.919.1067,Technical,True
7247,2926,Tina Gibbs,herrerajaclyn@example.org,+1-802-531-6045x81343,Technical,True
7248,2928,Brenda Morris,andersonstephanie@example.net,+1-216-978-4858x589,Technical,True
7249,2928,Richard Campos,espinozadonald@example.com,+1-539-458-2732x3591,Technical,False
7250,2929,Hannah Salas,chavezshawn@example.net,915.555.3597,Procurement,True
7251,2929,Kyle Lynch,robert80@example.net,(725)716-5003x9568,Procurement,True
7252,2929,David Hill,yvette14@example.org,8197668818,Technical,True
7253,2930,Andrew Phillips,uanderson@example.org,877-336-7108x9335,Technical,True
7254,2930,Jacob Rasmussen,morgan06@example.com,001-412-295-1547,Finance,True
7255,2930,Jonathan Glass,scottball@example.com,935-795-2036x889,Finance,False
7256,2930,Shirley Huff,julie40@example.net,850-925-8128x2792,Decision Maker,False
7257,2931,Colleen Sanchez,masongardner@example.com,(592)673-9111x275,Technical,False
7258,2932,Andrea Thomas,harrisjames@example.com,+1-892-305-6759x5391,Finance,True
7259,2932,Vanessa Gibson,kathleenpena@example.net,749.868.1374,Technical,False
7260,2932,Dylan Harrison,uobrien@example.com,343-241-0420x050,Technical,True
7261,2934,Michael Rose,gregorydecker@example.org,894-325-6052x038,Decision Maker,True
7262,2934,Kathy Watkins,harriskathleen@example.org,+1-731-838-6277x4243,Procurement,True
7263,2935,Laura White,christopher67@example.com,(534)284-7441x6023,Decision Maker,True
7264,2935,Shannon Johnson,torresjamie@example.org,675-470-0563x0144,Finance,False
7265,2935,Danielle Jones,gmoore@example.com,374-941-2772x92772,Procurement,False
7266,2935,Laura Allen,hillsheri@example.org,8676572906,Technical,False
7267,2936,Michael Sanders,donnahill@example.net,268.209.9243x815,Decision Maker,False
7268,2936,Brandon Powell,zwiley@example.com,572.957.3802x7684,Decision Maker,True
7269,2936,Austin Miller,hfigueroaexample.com,+1-729-747-2925x6150,Procurement,False
7270,2938,Shane Cobb,wayala@example.com,+1-380-225-2620,Procurement,False
7271,2940,Joseph Roberts,suzanne52@example.com,526.957.8571x613,Finance,False
7272,2940,David Davis,gloverjohn@example.com,001-278-269-1044x5215,Finance,False
7273,2940,Brian Smith,johnsonbrent@example.org,001-945-278-5733x15524,Technical,True
7274,2941,Amy Gonzales,icraig@example.com,+1-641-467-7344x404,Decision Maker,True
7275,2941,Nathan Downs,umorris@example.org,702.438.4565x943,Finance,False
7276,2941,Chad Lewis,warebilly@example.net,471-299-3424x660,Finance,True
7277,2941,Victor Alvarez,invalid_email,382.554.9941,Finance,False
7278,2942,Patrick Harris,karen28@example.org,(857)707-2409,Finance,True
7279,2942,Tommy Garcia,adamsthomas@example.com,583-684-0736,Decision Maker,True
7280,2942,Lindsay Byrd,nmckee@example.com,547-741-1698x1276,Procurement,False
7281,2942,Amy Phillips,qjones@example.net,(407)797-7144,Decision Maker,False
7282,2942,Kimberly Hernandez,ajackson@example.net,730.800.7004,Technical,False
7283,2943,Shawn Dyer,yolanda31@example.org,599-302-9746x71296,Finance,True
7284,2943,Samuel White,williamsjustin@,001-968-653-1634x100,Decision Maker,False
7285,2943,Adam Mahoney,bjohnson@example.org,+1-816-235-8113,Decision Maker,False
7286,2944,Mikayla Floyd,jeffreyhayden@example.org,(813)749-4165x13561,Technical,True
7287,2944,Margaret Campos,tsmith@example.org,(729)322-0432x3763,Finance,False
7288,2944,Joshua Petersen,uorozco@example.com,+1-937-746-1500x816,Finance,True
7289,2944,Daniel Holmes,dnielsen@example.net,859-257-9350,Procurement,False
7290,2944,Angela Lambert,wheelershane@example.org,001-770-953-3358x0945,Technical,False
7291,2945,Lori Hernandez,alexander30@example.net,975.806.0445x978,Finance,False
7292,2945,Nicole Davis,ethan72@example.net,(771)890-3080x75277,Technical,False
7293,2945,Bryan Jones,nguyenjo@example.net,450-213-8163x0169,Technical,False
7294,2945,David Cole,buchanannatasha@example.org,538.468.6148,Procurement,True
7295,2945,Julie Kirby,melissamorse@example.org,(789)648-3212x354,Finance,False
7296,2946,Taylor Hamilton,morgankenneth@,595-773-2644x615,Finance,False
7297,2946,Douglas Morris,ejenkins@example.org,(483)296-7665x40023,Finance,False
7298,2946,Ashley Benson,atkinsonchristina@example.com,+1-826-584-6122,Finance,False
7299,2947,Thomas Barr,invalid_email,723-830-9880x6808,Technical,False
7300,2947,Gloria Carlson,davisjoseph@example.net,001-628-461-2493x276,Technical,False
7301,2947,Kevin Lee,ruizkara@example.org,(216)531-5872,Decision Maker,False
7302,2949,Michele Pierce,djohnson@example.org,001-946-873-8337x44798,Procurement,False
7303,2949,Jordan Hicks,kevinbentley@,698-437-8510x116,Technical,False
7304,2949,Stacey Thomas,ingrammason@example.net,001-815-561-3879x0345,Decision Maker,True
7305,2950,Stephen Clark,benjamincervantes@example.net,001-880-833-3525,Procurement,False
7306,2951,Hannah Rose,jordantina@example.net,716-950-9067x87775,Technical,False
7307,2951,Kendra Day,christopherbarnes@example.com,802.591.0695,Technical,False
7308,2951,John Black,jasonkeith@example.net,298.732.4379x091,Technical,False
7309,2951,Lauren Williams,yking@example.org,(403)300-4935,Procurement,True
7310,2951,Lori Torres,marcusparker@example.com,(858)228-3526,Decision Maker,True
7311,2952,Christopher Tran,fuentesjessica@example.org,(748)506-5117,Procurement,False
7312,2952,Susan Richardson,woodarddavid@example.net,001-792-815-4221x12550,Finance,False
7313,2952,Elaine White,halllauren@example.net,+1-471-345-5515x558,Technical,True
7314,2953,Tony Murphy,beckycooper@example.com,517.607.4292,Decision Maker,True
7315,2953,Melissa Tyler,lisaedwards@example.org,001-674-816-3193x16567,Technical,False
7316,2953,Sarah Roberts,amy28@example.net,(415)596-7354x579,Finance,False
7317,2953,Michele Cameron,emaddox@example.net,985.654.2274,Technical,False
7318,2954,Fred Brown,alyssahernandez@example.net,(892)432-6342,Finance,True
7319,2954,Julie Perez,jensenmark@example.net,001-464-971-6955x32986,Technical,False
7320,2954,Brian Baker,garciadanny@example.com,369.848.2234,Finance,False
7321,2954,John Humphrey,mclaughlinjoanna@example.net,(687)731-6625,Finance,False
7322,2954,Megan Snyder,chelseahughes@example.com,+1-783-367-3986x0183,Technical,True
7323,2955,James Brown,kimberly02@example.org,967.532.7737x9115,Finance,False
7324,2955,Sierra Murphy,isaiahanderson@example.net,(306)373-7419x23529,Procurement,True
7325,2955,Marissa Beck,justinriggs@example.com,001-503-537-4816x16842,Finance,True
7326,2955,Heather Phelps,murphybrandy@example.org,201-573-9088x158,Finance,True
7327,2955,James Smith,ambersalazar@example.org,235.580.4777x58845,Finance,True
7328,2956,Lori Evans,taylorjames@example.com,+1-563-262-0899x2804,Technical,True
7329,2956,Ronald Mann,acamacho@example.org,862.683.5550,Decision Maker,True
7330,2956,Barbara Warren,josephcaldwell@example.org,548-434-0295x466,Finance,True
7331,2957,Lindsey Morris,ericdavis@example.net,(598)512-7476x33920,Technical,True
7332,2957,William Aguilar,guerrerojoshua@example.com,(268)454-6876x297,Technical,False
7333,2957,Corey Thompson,hjohnson@example.net,870-936-9799,Finance,True
7334,2957,Jessica Ryan,invalid_email,825.672.1112,Technical,False
7335,2957,Teresa Garcia,shawn36@example.com,640.950.6484x18491,Decision Maker,False
7336,2958,Haley Bird,wardstephen@example.net,695.389.5961,Decision Maker,False
7337,2958,Shannon Thomas,elogan@example.net,(717)647-9113x079,Decision Maker,True
7338,2959,Jasmine Ware,andrewsimpson@example.com,753-991-8862,Decision Maker,True
7339,2959,Jeff Clark,sean24@example.org,317.626.2820x71876,Decision Maker,False
7340,2960,Betty Mitchell,whitney09@example.org,689-399-5874x234,Procurement,False
7341,2960,Dennis Duncan,robertmorgan@example.net,+1-974-835-1469x91978,Technical,False
7342,2960,April Copeland,carolinepeterson@example.com,501.883.1126x8005,Technical,False
7343,2960,Martin Caldwell,thomasjamie@example.net,947-909-5471,Decision Maker,True
7344,2961,Taylor Sanchez,jessica56@example.com,4128042537,Procurement,True
7345,2962,Timothy Gray,michaelpotts@example.org,269-888-2823x64257,Finance,True
7346,2962,Kelly Rice,shaungallegos@example.org,+1-864-460-3689x34708,Finance,False
7347,2962,Dr. April Chambers,hjohnson@example.org,8793839576,Decision Maker,True
7348,2962,Brett Nelson,whiteanthony@example.net,001-265-394-5505x87180,Technical,True
7349,2963,Amanda Taylor,ibarratimothy@example.com,7628130306,Decision Maker,False
7350,2963,Hannah Hill,pereznancy@example.net,+1-263-679-9007,Technical,True
7351,2963,Brian Wu,suttonjulie@example.com,001-471-516-7937,Procurement,True
7352,2963,Andrea Campbell,noah33@example.net,001-958-235-3648x35512,Finance,True
7353,2964,Jason Perry,fwarner@example.org,9307182233,Procurement,False
7354,2965,Kelly Flores,kevinhensley@example.com,(661)622-2010x070,Technical,True
7355,2966,Jordan Kennedy,nicolelopez@example.com,288-845-0204x61349,Decision Maker,False
7356,2966,Riley Scott,stokesmark@example.net,494.204.5549x857,Decision Maker,True
7357,2966,Sean Green MD,ayalajennifer@example.net,638-514-9685,Decision Maker,True
7358,2966,Anthony Adams,hhutchinson@example.com,+1-556-234-1430x898,Finance,False
7359,2966,Eric Watts,julie20@example.net,570.664.1520,Procurement,True
7360,2968,Christina Bishop,vbowman@example.net,(434)544-1908,Procurement,True
7361,2968,Victoria Schroeder,wwang@example.com,001-832-525-2781x0655,Decision Maker,True
7362,2968,Kimberly Wong,burnsnatalie@example.org,+1-564-232-3629x0338,Finance,False
7363,2969,Darin Wheeler,gregorycontreras@example.org,5037124209,Finance,True
7364,2969,Miss Gabriela Hancock,davisjacob@example.net,866.800.5753x3757,Procurement,True
7365,2969,Justin Myers,jessedonaldson@example.com,510-600-5407,Finance,False
7366,2971,Wendy Ayala,yhaynesexample.org,544-784-0793,Technical,False
7367,2971,Alan Evans,gonzalezcolin@example.net,4016858166,Finance,False
7368,2971,Leah Patel,keybrittany@example.net,001-798-529-1770,Technical,True
7369,2974,Susan Campbell,stuartlauren@example.org,(313)433-2518x67490,Technical,True
7370,2974,Gina Anderson,yolandaparrish@example.org,3585513993,Procurement,True
7371,2974,Greg Castro,onorton@example.com,001-573-431-9858x559,Decision Maker,True
7372,2975,Cheryl Perry,haleygallegos@example.com,(653)788-0759,Technical,False
7373,2975,Christina Davis,melissasanchez@example.org,2563070365,Procurement,True
7374,2975,Robin Lee,xgriffithexample.org,(265)224-4372,Technical,True
7375,2975,John Avila,hrogers@example.com,299-257-2015,Technical,False
7376,2975,Shannon Romero,stephenanderson@example.org,5935485525,Procurement,True
7377,2976,Sandra Thompson,djones@example.com,3789959983,Decision Maker,False
7378,2977,Brenda Hill,zacharymartin@example.org,694.307.1448x2890,Decision Maker,False
7379,2977,Karina Griffith,jennifermorales@example.com,001-378-548-9291x81156,Finance,True
7380,2977,Elizabeth Lewis,invalid_email,7487932409,Decision Maker,True
7381,2977,Linda Harris,collinskenneth@example.org,001-656-253-0305x8970,Decision Maker,False
7382,2977,Benjamin Bowman,pcole@example.org,+1-991-411-3620x364,Technical,False
7383,2979,Michael Burns,donnaburnett@example.com,422-643-4034x3590,Procurement,False
7384,2979,Jessica Moore,jessica36@example.org,+1-417-557-4090x082,Technical,True
7385,2980,Heather Lopez,choover@example.com,001-438-854-9015x4258,Procurement,False
7386,2980,Jennifer Ortiz,gibsonmary@example.net,001-686-704-2754,Decision Maker,False
7387,2980,Sharon Shaffer,blackchristina@example.net,484-400-1434x028,Technical,False
7388,2980,Katherine Walker,sarahhernandezexample.com,+1-728-782-6489x361,Technical,False
7389,2982,Dustin Smith,yparker@example.org,(509)778-8516x766,Decision Maker,False
7390,2982,Kimberly Schmidt,gabriel87@,738.554.9918,Finance,False
7391,2983,Rachel Sellers,jacksonmelanie@example.org,771-291-2887,Finance,False
7392,2983,Claire Porter,sophiacaldwell@example.net,(449)226-2587x944,Procurement,False
7393,2983,Maria Yu,yevans@example.org,001-318-783-5145x03584,Technical,True
7394,2984,Javier Davis,brookslynn@example.net,(377)215-4796x6643,Procurement,True
7395,2984,Kathleen Hamilton,lgomez@example.net,+1-722-638-9756x63054,Decision Maker,True
7396,2986,Jose Obrien,jonathan23@example.org,+1-304-364-2587x0375,Finance,False
7397,2986,Paul Pruitt,dmichael@example.org,001-362-894-8489x31002,Finance,False
7398,2986,Gregory Jones,eriley@example.org,001-292-220-9035,Finance,False
7399,2987,Richard Barnett,lesliewebb@example.net,(996)404-6590x75331,Procurement,False
7400,2987,Jordan Berg,hatfieldsharon@example.com,(714)386-7883,Procurement,True
7401,2989,Phillip Weber,christian81@example.net,001-956-832-9378,Procurement,False
7402,2989,Ashley Byrd,hoopermichael@example.org,+1-956-487-8528x68293,Decision Maker,True
7403,2989,Jose Brady,vdowns@example.com,835.389.9447x2310,Finance,True
7404,2989,Jeffrey Rodriguez,scottfoster@example.org,7122063005,Procurement,False
7405,2990,Walter Sharp,daniel34@example.com,+1-725-904-0395,Finance,False
7406,2990,Troy Rose,washingtonvicki@example.org,+1-596-505-2069x6150,Technical,True
7407,2991,Amber Garcia,sanchezandrew@example.com,+1-533-924-2220,Procurement,True
7408,2991,Alec Torres,zhawkins@example.org,314.619.3385x0445,Procurement,False
7409,2991,Laura Obrien,alisonjennings@example.org,(790)565-6423x0339,Finance,False
7410,2991,Alyssa Pugh,gary95@example.net,718-444-2401,Finance,True
7411,2991,Kenneth Arnold,martinantonio@example.com,451.828.2990x92790,Technical,False
7412,2992,Karen Banks,amoore@example.net,(813)871-6591x94330,Finance,True
7413,2992,Daniel Mayer,randolphanthonyexample.net,787.695.6078x27877,Procurement,True
7414,2993,Jennifer Williams,bryangentry@example.com,5942860260,Finance,False
7415,2994,Jennifer Mitchell,ericksonkevin@example.org,(768)984-5251x21538,Finance,True
7416,2994,Joseph Ellis,daniel53@example.net,001-853-751-0813x4288,Technical,True
7417,2994,Jasmine Davis,craig43@example.org,(712)812-3522,Finance,True
7418,2995,Eric Williams,uadamsexample.com,(326)916-1899x2057,Procurement,False
7419,2996,James Mccoy,markthompson@example.com,921.919.1641,Procurement,False
7420,2996,Robert Haley,jrobles@example.org,553-652-0439x693,Finance,False
7421,2996,Jonathan Fisher,yschwartz@example.org,859-726-1760x51132,Decision Maker,True
7422,2997,Russell Jones,cyoung@example.net,(295)665-7638,Procurement,True
7423,2997,Michael Anderson,shannonchung@example.org,2629508879,Decision Maker,False
7424,2998,Jeremy Clark,robersonkimberly@example.com,273-649-3505,Procurement,True
7425,2998,Deborah Ruiz,sandersmark@example.com,001-489-565-2759x65562,Finance,False
7426,2998,Arthur Pacheco,taylorcarla@example.net,295-653-4814,Finance,False
7427,2999,Stephanie Clark,christopherwarren@example.org,001-496-736-6583x964,Procurement,False
7428,2999,Shannon Morgan,ronald16@example.org,4472666856,Technical,True
7429,3000,Sara Lawson,wlamb@example.com,992-377-9972x76586,Decision Maker,False
7430,3000,Faith Lynch,hannah83@example.com,+1-702-779-3834,Decision Maker,False
7431,3000,Andrea David,davidhurley@example.org,(661)325-3312,Technical,False
7432,3002,Heather Cole,robert02@example.com,923.932.1784,Procurement,False
7433,3002,Laura Wagner,douglasloretta@example.org,5529132147,Finance,True
7434,3002,Susan Martinez,xlawson@example.org,578-905-2113,Technical,False
7435,3003,Joshua Parrish,jamiechavez@example.net,001-436-941-7114x0352,Technical,False
7436,3003,Victoria Potter,elliotteric@example.com,581.274.2625,Decision Maker,True
7437,3003,Alexander Thomas,rbaker@example.com,+1-843-728-8434x507,Finance,True
7438,3003,Renee Donovan,villanuevacory@example.com,(791)343-9265x072,Decision Maker,True
7439,3004,Christopher Duke,prodriguez@example.org,339.797.5821x25923,Finance,True
7440,3004,Lauren Jackson,helenporter@example.org,5713793305,Decision Maker,False
7441,3004,Jasmine Daniels,michaelsmith@example.net,001-481-256-8696x67890,Decision Maker,True
7442,3006,Lauren Wolfe,frodriguezexample.net,254-837-2889x0421,Technical,False
7443,3006,Matthew Meyer,elizabeth39@,(918)789-2428,Procurement,False
7444,3006,Sheila Chaney,ssmith@example.net,967-949-8747,Decision Maker,True
7445,3006,Carlos Henson,rhayes@example.net,992-636-7386,Procurement,True
7446,3008,Erin Cooper,justinthomas@example.net,(943)216-6693x5357,Decision Maker,False
7447,3008,Ann Rogers,gdurhamexample.net,001-765-255-8139x9321,Procurement,False
7448,3009,Mrs. Tracy Allen,morganjames@example.org,744.859.1852x76629,Finance,False
7449,3009,Lisa Wilcox,andrew40@example.net,4709764969,Decision Maker,True
7450,3011,Michael Rice,cody14@example.org,4588598247,Finance,True
7451,3011,John Morris,christopher26@example.net,7088787022,Technical,True
7452,3011,Jeffrey Weeks,dhall@example.com,978.636.4892x5248,Finance,True
7453,3011,Paul King Jr.,laurawood@example.net,497-301-1542x88148,Technical,False
7454,3012,Joseph Cabrera,kimberlybarber@example.com,+1-744-490-6371x046,Technical,True
7455,3012,Eddie Moore,meadowssharon@example.org,+1-210-952-7099,Decision Maker,False
7456,3012,Christopher Smith,sramseyexample.com,(623)800-7906,Finance,True
7457,3012,Ashley Hancock,cpace@example.org,(226)212-3928x030,Procurement,False
7458,3013,Tim Aguilar,andrew75@example.net,(218)472-2599x707,Decision Maker,False
7459,3013,Juan Miller,haleymcdaniel@example.com,001-474-844-6664x9773,Technical,False
7460,3014,Cassandra Brown,nunezdarrell@example.org,427-447-9126,Technical,False
7461,3014,Brittany Griffin,mullinsanthony@example.org,3585325377,Procurement,False
7462,3014,Amy Jones,parrishmichelle@example.org,001-398-597-8573x99548,Technical,False
7463,3015,John Anderson,craigferguson@example.net,781-630-8539x719,Decision Maker,False
7464,3015,Kelsey Gibbs,timothy76@example.org,370-610-1849,Decision Maker,False
7465,3015,Philip Heath,thomasellis@example.net,+1-871-864-8199x34181,Finance,True
7466,3016,Julia Powell,invalid_email,(812)691-4097,Procurement,True
7467,3016,Laura Cobb,fuentesmelanie@example.com,899.279.6123x629,Procurement,False
7468,3016,Kara Ingram,cody32@example.net,866.201.7770x5083,Technical,False
7469,3016,Stacy Harvey,martinmegan@example.net,+1-561-483-3870x43595,Finance,True
7470,3017,Rebecca Banks,invalid_email,001-733-815-7690x2599,Decision Maker,False
7471,3018,Amy Drake,dakota48@example.net,(354)687-1097x6606,Procurement,True
7472,3018,Veronica Moore,carlosdaniel@example.org,338-474-8270,Technical,False
7473,3019,Melissa Delacruz DVM,tammievillanueva@example.com,001-637-521-0958x5612,Finance,True
7474,3019,Carol Burnett,alvarezdonald@example.com,9723187391,Technical,True
7475,3021,Timothy Ortiz,andersonbrenda@example.org,8942920643,Decision Maker,True
7476,3022,Allison Simmons,floresdonna@example.org,666.320.6457x01379,Decision Maker,True
7477,3022,Ana Norris,leslieshelton@example.net,+1-771-635-3804x3958,Decision Maker,False
7478,3022,Tracy Carey,invalid_email,001-749-378-8576,Finance,True
7479,3022,Natalie Fox,cherylwalker@example.org,+1-335-570-5934x30234,Procurement,True
7480,3022,Ryan Stephenson,xdixon@example.org,519.588.7894x6020,Finance,True
7481,3023,Ashley Lowe,gonzalezsusan@example.com,887-561-1074,Procurement,True
7482,3023,Travis Byrd,vlopez@example.org,001-738-252-1802x36757,Procurement,False
7483,3023,Shawn Hartman,masoneric@,+1-673-840-3296x57316,Procurement,True
7484,3024,Grace Herrera,edwardssamantha@example.org,(792)963-8989x4797,Finance,False
7485,3024,Mrs. Rebecca Smith,rodriguezkrista@example.org,001-401-610-1712x82386,Technical,True
7486,3025,Melissa Jones,invalid_email,(727)247-1755x079,Finance,True
7487,3025,Logan Thomas,cynthiawilliams@example.net,529.790.0084x299,Decision Maker,False
7488,3025,Michelle Meyer,smithbrian@example.org,2908766451,Procurement,True
7489,3025,Kevin Young,kwallace@example.net,860-773-1633,Decision Maker,True
7490,3025,Sean Patrick,lwright@example.org,(337)992-7357,Technical,True
7491,3026,Paul Chaney,hughessarah@example.net,(584)217-2782x759,Finance,True
7492,3026,Benjamin White,invalid_email,+1-763-458-2033x71713,Procurement,False
7493,3026,Sandra Johnson,xbarker@example.org,(343)523-6314x9319,Finance,True
7494,3026,Shannon Castro MD,saundersdestiny@example.org,8539845399,Technical,True
7495,3028,Deborah Anderson,xtodd@example.net,777-811-1488x23168,Decision Maker,False
7496,3028,April Copeland,jamesnovak@example.net,221-864-0931,Technical,False
7497,3028,Jamie Kaiser,lperkins@example.com,(406)765-6304x6629,Technical,True
7498,3030,Heather Lopez,ogibson@example.net,968.263.4763,Technical,True
7499,3030,Nicholas Carson,andersonstephanie@example.net,001-774-913-4038x026,Technical,False
7500,3030,Sherry Baldwin,caseyjones@example.com,815-613-5812x429,Technical,True
7501,3030,Mrs. Emily Thomas,reynoldsbethany@example.net,5865092163,Decision Maker,False
7502,3031,Daniel Williams,jjohnson@example.net,5576511227,Technical,True
7503,3031,Michael Elliott,shelby73@,(785)318-5243x584,Procurement,False
7504,3032,Steven Adams,patricialopez@example.com,521-668-3401x79455,Decision Maker,True
7505,3032,Matthew Jackson,cjohnson@example.org,001-763-685-4253x8650,Technical,False
7506,3035,Charles Sanchez,nicholassmith@example.org,+1-635-983-1499x68205,Procurement,True
7507,3035,Caleb Perry,timothywilson@example.net,293-419-6815x76072,Decision Maker,True
7508,3035,Wanda Smith,howardbrenda@example.org,(817)350-2807x1328,Technical,True
7509,3036,Theresa Hunter DVM,tracysandoval@example.org,001-819-953-3298x25355,Finance,True
7510,3036,Sharon Myers,robert71@example.org,834.967.4639x0636,Finance,True
7511,3037,Harry Bailey,annapena@example.org,842.936.3648x99038,Technical,False
7512,3038,Laura Garcia,tonyadixon@example.com,684-318-4217,Technical,True
7513,3039,Nathaniel Horn,hbowman@example.org,5506203603,Decision Maker,True
7514,3039,Stephanie Smith,abigail83@example.net,306.634.9806,Decision Maker,False
7515,3039,Melissa Scott,michaelcollins@example.com,958.441.8532x729,Technical,False
7516,3039,Janet Fox,briangraham@example.org,788-793-3575x0890,Technical,True
7517,3039,Jade Fox,nelsonjose@example.org,771-797-4439,Finance,False
7518,3040,Rebekah Thomas,crystal16@,(847)547-5072,Decision Maker,True
7519,3040,Kurt Bruce,morrowamanda@example.net,232.919.3519x50885,Technical,True
7520,3041,Tiffany Becker,irussell@example.com,435-832-4716,Technical,False
7521,3041,Michael Lam,qmeyer@example.com,(841)289-5621,Technical,False
7522,3041,Angela Hood,michelle59@example.com,(212)272-8554x00421,Finance,False
7523,3043,Kenneth Schroeder,mary22@example.org,228.897.7200,Finance,False
7524,3043,Robert Woods,ygonzalez@example.com,261-747-0743x450,Finance,True
7525,3043,Caitlyn Lane,dstout@example.org,001-751-896-7235x97982,Finance,False
7526,3043,Ryan Hubbard,breannahensley@example.org,3033296389,Technical,True
7527,3043,Jason Ellis,tracey61@example.com,7154021982,Decision Maker,False
7528,3045,Michael Perry,valeriejackson@example.org,+1-416-386-4841x773,Technical,True
7529,3045,Wayne Gonzales,tmalone@example.net,458-389-0085x45231,Technical,True
7530,3046,Frank Collins,hicksvictoria@example.net,+1-755-704-4510x32162,Decision Maker,False
7531,3046,Craig Williams,taracraig@example.net,9542325403,Procurement,False
7532,3046,Scott White,schaeferjill@example.org,+1-690-314-6929x5411,Finance,True
7533,3046,Tiffany Phillips,forbessharon@,984-791-1740x74370,Decision Maker,True
7534,3046,Joyce Ferguson,ashleystanton@example.net,(559)461-7257,Technical,True
7535,3047,Lisa Cole,wgrantexample.com,+1-380-320-6883x477,Procurement,True
7536,3047,Kimberly Frazier,andre24@example.com,2059082261,Procurement,False
7537,3047,Sarah Smith,pgarrett@example.net,914-578-3063x291,Finance,True
7538,3047,Brianna Andersen,uhoffman@example.com,(655)482-6684,Procurement,True
7539,3048,Cassandra Dorsey,jmoore@example.org,3675661324,Procurement,True
7540,3048,Arthur Bartlett,andrewssean@example.net,(203)634-8270x4514,Decision Maker,False
7541,3049,Roy Yang,andersonjames@,001-747-880-7296x673,Decision Maker,True
7542,3049,Jeffrey Lee,brian48@example.org,321.634.5164x2479,Decision Maker,False
7543,3049,Shawn Fuentes,jonathanwilson@example.net,258-952-8859x519,Finance,False
7544,3049,Christopher Bonilla,youngkara@example.net,685.930.0887,Technical,True
7545,3049,Sandra Frey,kelly86@example.org,337.268.8743x9420,Decision Maker,False
7546,3051,Deborah Dixon,erinfernandez@example.net,806.362.2976x8324,Technical,False
7547,3051,Benjamin Hopkins,wingram@example.org,+1-625-925-6821x1380,Decision Maker,True
7548,3051,Jared Barker,eileenevans@example.org,(338)930-7218,Decision Maker,True
7549,3051,Michael Oliver,xshort@example.net,477-308-4877,Procurement,False
7550,3051,Keith Mills,connie14@example.com,541-956-8957x10564,Decision Maker,True
7551,3052,Andrew Fowler,palmerthomas@example.com,+1-423-821-1947x80746,Procurement,False
7552,3052,Joshua George,matthewanderson@example.org,(715)649-9646x4861,Procurement,False
7553,3052,Jacob Rodriguez,geraldflores@example.com,+1-611-693-8879x67719,Decision Maker,True
7554,3052,Jeffrey Smith,brianbarrera@example.org,001-905-372-5078x674,Procurement,True
7555,3052,Brandon Ochoa,dwest@example.net,(268)238-7400x362,Procurement,False
7556,3053,Heather Walker,kimberlyhenry@example.net,4566947726,Decision Maker,True
7557,3053,Christina Cobb,kyle81@example.com,(881)570-9868x2587,Procurement,False
7558,3054,Holly Jacobs,okrause@example.net,(308)400-4756x56966,Decision Maker,True
7559,3054,Travis Flores,carriegreenexample.org,(234)275-9080,Decision Maker,True
7560,3055,Craig Myers,benjaminmiller@example.com,+1-740-844-8598x01841,Finance,False
7561,3056,Nicole Berry,david59@example.com,(430)847-7543,Decision Maker,True
7562,3056,Holly Kelly,kayla33@example.com,001-972-765-6331x530,Technical,False
7563,3056,Michael Walsh,gutierrezjoe@example.org,676.457.7753x7469,Finance,False
7564,3056,Andrew Thompson,owensgregory@example.org,863.333.5451x3685,Technical,False
7565,3057,Mark Alexander,valenzuelaevan@example.org,632.766.6765x2699,Decision Maker,True
7566,3057,Debra Roth,henrywilliam@example.org,849.592.0865x4163,Decision Maker,True
7567,3057,Oscar Allen,kathleenwhite@example.net,(449)269-7144,Technical,True
7568,3058,Juan Harrison,xsanders@example.com,(728)270-0732x6457,Technical,True
7569,3058,Kevin Torres,danielrodriguez@example.net,(680)279-1849,Procurement,True
7570,3058,Erik Chandler,ybradley@example.com,5773858077,Procurement,True
7571,3058,Chelsea Hall,daniel33@example.com,+1-945-579-2051x987,Procurement,False
7572,3058,Gregory Orr,nancynunez@example.org,+1-299-611-8380x0879,Finance,True
7573,3059,Patrick Gonzalez,ngibson@example.net,9118911128,Procurement,False
7574,3059,Kari Roy,bgibbs@example.com,001-963-940-5757,Procurement,True
7575,3059,Kenneth Howell,gevans@example.org,(248)585-4246x948,Decision Maker,False
7576,3060,Matthew Ponce,cardenassummer@example.org,+1-935-230-8366x03909,Technical,True
7577,3060,Beth Bennett,johnstonrandy@example.net,216-714-0511,Decision Maker,False
7578,3060,Oscar Lopez,rodriguezjames@example.net,001-294-901-2355x5746,Decision Maker,True
7579,3060,Tracy Caldwell,ninakeller@example.com,258.385.2012,Decision Maker,False
7580,3060,Tamara Terry,kimberly50@example.org,686.258.2607,Procurement,False
7581,3061,Sean Heath,anthonyherrera@example.com,001-720-314-1924x118,Technical,True
7582,3061,Tonya Lutz,cherylowens@example.com,+1-967-732-3151x1878,Finance,False
7583,3061,Brandon Collins,fishersteven@example.net,+1-818-403-4295x591,Technical,True
7584,3061,Kyle Green,jeremygallagher@,439-415-5143,Procurement,True
7585,3061,Elizabeth Moore,lopezterri@example.net,(898)831-9471x062,Finance,False
7586,3063,Benjamin Warren,madison36@example.org,001-710-629-7999,Decision Maker,True
7587,3063,Sherry Riley,smithjoseph@example.com,325-962-3792x021,Finance,True
7588,3063,James Williams,danieldouglas@example.org,001-865-889-2393x431,Finance,True
7589,3063,Phillip Hill,carlajonesexample.com,319-875-6307,Decision Maker,True
7590,3063,Jacqueline Collins,zanderson@example.net,699.419.1504x8860,Procurement,True
7591,3064,Edwin Miller,patriciaflores@example.org,+1-225-649-1170x396,Procurement,False
7592,3064,Kelly Allen,paulorr@example.org,679-663-5831x986,Finance,False
7593,3065,Frederick Harvey,vlane@example.net,+1-490-383-4256,Finance,True
7594,3065,Jeffery Pacheco,andreadaniel@example.com,+1-313-656-4313x67214,Technical,True
7595,3065,Raymond Sutton,iroach@example.org,939.576.8966x814,Decision Maker,True
7596,3065,Paul Ross,linda19@example.com,+1-854-770-8378x3857,Decision Maker,True
7597,3065,Steve Wiley,billy42@example.com,+1-591-611-7694x2979,Technical,True
7598,3066,Johnathan Martin,katherine48@example.com,221-578-9967x57594,Decision Maker,False
7599,3067,Kara Mason,zdavis@example.net,316-519-2261,Technical,True
7600,3068,Elizabeth Irwin,larrygibbs@example.org,448-812-1617,Technical,True
7601,3069,Kelly Johnson,olutz@example.net,348-829-3400,Decision Maker,False
7602,3069,Kristina Dominguez,moralesglenn@example.net,001-530-813-4937x047,Procurement,True
7603,3069,Jennifer Jensen,rhughes@example.com,+1-651-735-8442x4861,Finance,True
7604,3070,Brian Owens,karen18@example.org,(317)730-5865x36886,Procurement,True
7605,3070,Shawn Jimenez,austin23@example.net,399.361.8379,Technical,True
7606,3070,Elizabeth Andrews,travis58@example.com,+1-291-696-3007x91588,Finance,True
7607,3070,Robert Ferrell,ryanmedina@example.org,001-777-216-4720x39223,Technical,False
7608,3071,John Velazquez,qhodges@example.net,980-462-8924x3629,Decision Maker,True
7609,3071,David Harris,makaylahansen@example.org,246-853-6773x42315,Technical,True
7610,3071,Joel Lawson,michelleaustin@example.net,001-975-726-5103x6775,Procurement,True
7611,3071,Nicholas Phillips,james17@example.net,385-294-0257x00289,Procurement,True
7612,3071,Derek Hamilton,invalid_email,001-608-859-5805x133,Finance,True
7613,3073,Jimmy Marshall,aclark@example.net,786.971.1929x05448,Technical,False
7614,3073,Heather Reynolds,guzmanjoseph@example.com,(882)722-7703,Decision Maker,False
7615,3073,Joseph Moreno,lrodriguez@example.com,381-333-7075x8170,Procurement,True
7616,3073,Joy Wood,woodscourtney@example.net,(643)224-2311x965,Procurement,True
7617,3073,Jennifer Kim,gbryant@example.com,(835)742-6335x57433,Procurement,True
7618,3074,Daniel Hill,wmartinez@example.org,564-575-0986x377,Technical,True
7619,3074,Thomas Jones,gbradley@example.org,659.783.3463x50619,Finance,True
7620,3074,Jeffrey Rivera,crystal07@example.org,332.535.0476x481,Decision Maker,True
7621,3074,Christopher Moreno,scarter@example.net,001-544-517-9958x082,Procurement,True
7622,3075,Paula Johnson,seaton@example.com,319-559-1392x21631,Technical,True
7623,3075,Bradley Ramos,romeromichael@example.org,001-378-828-4948x4080,Decision Maker,False
7624,3075,Donald Patterson,millsjoseph@example.com,883-618-5316x56880,Decision Maker,True
7625,3075,Scott Terry,gstanton@example.org,+1-706-667-5256x5141,Procurement,True
7626,3075,Ricardo Clark,foleymelissa@example.com,001-852-459-4688x565,Finance,False
7627,3076,Sandra Hooper,joshuahodges@example.net,569.607.6833,Procurement,False
7628,3076,Mary Silva,palmerkaren@example.org,(858)600-5863,Decision Maker,True
7629,3076,Melanie Roberts,pdavies@,307.845.8324x471,Finance,True
7630,3076,Nicholas Brown,tkennedy@example.org,(426)459-8145,Procurement,False
7631,3077,Christopher Mckenzie,gwest@example.com,852.239.5114x588,Procurement,True
7632,3077,Matthew Williams,burnsjorge@example.org,+1-414-711-6722x6978,Technical,True
7633,3078,Lawrence Thompson,zallen@example.com,557.817.5120x1092,Procurement,True
7634,3080,Michael Robinson,pauladuran@example.org,001-554-803-0874x570,Finance,False
7635,3080,Cheryl Nguyen,kwatson@example.com,001-345-514-2373x71513,Technical,True
7636,3080,Eric Brock,mwest@example.com,+1-743-210-3475x761,Decision Maker,False
7637,3080,Ryan Price,pmartin@example.net,602.415.1340x5142,Procurement,False
7638,3081,Wendy Crawford,melissa26@example.org,(333)781-5854x874,Technical,False
7639,3081,Margaret Griffith,halejoseph@example.net,(534)657-7464,Finance,False
7640,3081,Dale Franklin,paulgilbert@example.org,6835494492,Decision Maker,False
7641,3081,Connie Anderson,carrie09@example.net,(212)308-5696,Decision Maker,True
7642,3082,Alejandra Harrison,willistyler@example.org,642-753-7716x3487,Technical,True
7643,3082,Anthony Lozano,antonio79@example.org,(922)847-7770x7162,Procurement,False
7644,3082,Melody Carlson,lisa72@example.com,839-673-6263x27862,Decision Maker,True
7645,3082,Jonathan Kim,jacquelinefreeman@example.com,491-808-9238x73088,Procurement,True
7646,3082,Michael Wright,leah17@example.net,707.666.4290x1753,Technical,True
7647,3083,Mary Green,wolfesarahexample.org,(412)404-0763,Procurement,True
7648,3083,Daniel Holder,hillchristopher@example.com,+1-689-464-6239,Finance,True
7649,3083,Laura Martinez,lorilivingston@,4857989567,Finance,False
7650,3083,Andrea Rose,grahameric@example.com,(850)427-9869x65022,Decision Maker,False
7651,3084,Edward Adams,wmckay@example.com,+1-759-904-2492x7202,Procurement,False
7652,3084,Laurie Welch,brianhernandez@example.org,296-745-5394,Procurement,False
7653,3084,Derrick Lawson,ndoyle@example.org,001-752-392-8401x6397,Finance,True
7654,3084,Michael Franklin,fowlermartin@example.com,6969178111,Finance,False
7655,3085,Amy Stevens,nzhang@example.org,+1-742-226-7458x04380,Procurement,True
7656,3085,Tracy Daniel,zalexander@example.org,(998)439-8618,Finance,True
7657,3085,Laurie Hernandez,lance82@example.net,695.563.1978,Finance,False
7658,3085,William Nguyen,frank60@,597.493.2830x68028,Finance,False
7659,3085,Janet Frazier,jbarnes@example.com,969.878.7599x93943,Technical,False
7660,3086,Patricia Petersen,desireerojas@example.net,405-299-6682,Technical,True
7661,3087,Jeffrey Reynolds,scott74@example.org,286-820-0713,Finance,False
7662,3087,Richard Robertson,idavis@example.net,001-214-580-8443x571,Decision Maker,True
7663,3087,David Perry,stephaniesherman@example.net,001-324-620-9815,Finance,True
7664,3087,Erica Young,jenniferanderson@example.org,+1-800-555-3149,Finance,True
7665,3087,Mark Rodriguez,timothybaker@example.org,721.440.6512,Finance,True
7666,3088,Jamie Miller,jayolsen@example.com,+1-868-342-9475x6236,Finance,False
7667,3088,Anthony Thomas,danielburgess@example.org,490-710-1065,Finance,False
7668,3090,Robert Bailey,rhondahuff@example.com,988-889-0747x6311,Procurement,False
7669,3090,Kathy Norman,longpatricia@example.com,9879593936,Procurement,False
7670,3090,Kendra Delgado,lynchdonald@example.org,001-264-277-2382x39116,Procurement,False
7671,3090,Danny Russell,erogers@example.org,001-404-620-5151x68950,Decision Maker,False
7672,3091,Cole Williams,colonerin@example.org,+1-431-339-1221x5674,Technical,False
7673,3091,Christine Weiss,christina06@example.com,428-888-9900x550,Finance,False
7674,3091,Timothy Grant,cedwardsexample.net,(898)743-0364x1588,Procurement,True
7675,3092,Catherine Wagner,jameslee@example.org,001-993-236-7834x0025,Procurement,False
7676,3092,Stephanie Rojas,hstephenson@example.net,699.543.2441x34924,Procurement,True
7677,3092,Daniel Dickson,dryan@example.org,749-475-1160,Procurement,True
7678,3092,Alexandra Watts,kiararodriguez@example.com,(321)569-4798,Decision Maker,False
7679,3092,Phillip Sandoval,jflores@example.org,(249)512-6987,Procurement,True
7680,3093,Jason Matthews,ashley35@example.com,001-387-700-5107x263,Decision Maker,False
7681,3093,James Peterson,danielle08@example.com,852.330.4746,Decision Maker,False
7682,3093,Jason West,fschmidt@example.net,828-228-3762,Decision Maker,True
7683,3093,Erika Smith,murraydouglas@example.org,001-228-462-7214x6123,Finance,False
7684,3093,Danielle Anderson,woodskaren@,266-238-1436,Decision Maker,False
7685,3095,Chelsea Newton,cpacheco@example.org,655-766-4822x14453,Finance,True
7686,3095,Mary Heath,laurarogers@example.org,(690)296-2676x575,Technical,False
7687,3095,Lisa Williams,klawson@example.net,(797)779-4354,Procurement,True
7688,3095,Meghan Williams,ericaroberts@example.org,352-245-9410,Finance,True
7689,3095,Cynthia Stevens,taylormiller@example.net,8992329517,Finance,True
7690,3096,Sarah Cohen,mayashley@example.net,001-778-603-9740x300,Technical,True
7691,3096,Kevin Padilla,vclark@,845.491.5328x0021,Finance,True
7692,3096,Nicole Ponce,hamiltonbruceexample.org,775.971.9160,Technical,True
7693,3096,Mr. Nathaniel Myers MD,jlewis@example.com,633.202.0186,Procurement,False
7694,3096,Natalie Martinez,edwardsdebra@example.org,345.718.3821x773,Procurement,True
7695,3097,Jessica Gray,zachary15@example.org,364.407.9368,Finance,False
7696,3097,Drew Gillespie,crystal85@example.org,(347)872-1035x91780,Finance,True
7697,3097,Erik Jones,lperez@example.org,(886)868-4475,Finance,True
7698,3098,Kelly Burton,johnbrown@example.com,6205286093,Decision Maker,False
7699,3098,Brittany Webster,williamssheila@example.com,+1-357-868-1159,Finance,False
7700,3098,Rodney Stafford,ethan12@example.org,001-633-890-7765x22294,Technical,True
7701,3098,David Berg,aliciadavis@example.net,+1-253-796-6002x637,Decision Maker,False
7702,3099,Vanessa Savage,brandy12@example.org,860-412-4660x6133,Technical,True
7703,3099,Mrs. Michelle Savage,jaredtrevino@example.net,(956)555-5302x59727,Finance,True
7704,3099,Kenneth Scott,andrewbrooks@example.org,269.316.5097x0855,Finance,False
7705,3099,Jonathan Hernandez,whitneybeasley@example.com,+1-236-306-0923,Decision Maker,True
7706,3100,Maria Spears,kaitlynhansonexample.org,201.663.5998,Finance,False
7707,3100,Emily Brewer,hawkinsbrianna@example.org,(696)377-9183,Procurement,False
7708,3100,Crystal Garner,walkerscott@example.org,7133159603,Procurement,False
7709,3100,Nichole Mata,blake50@example.net,001-796-217-0917x20453,Procurement,True
7710,3100,Jaime Hartman,angeladavis@example.org,506.700.5641,Decision Maker,True
7711,3101,Karen White,heidi77@example.net,674-494-7268x225,Technical,False
7712,3102,Jeffrey Potts,torreskristin@example.net,593-898-9680x7647,Finance,False
7713,3102,Stephanie Long,charles36@example.com,569.968.4886x675,Technical,False
7714,3102,Jason Nguyen,emily62@example.com,(759)591-2125x979,Decision Maker,True
7715,3103,Becky Andrews,awilson@example.net,(878)999-2354,Finance,True
7716,3104,Louis Flores,garciawilliam@example.net,253.589.2972,Decision Maker,True
7717,3104,Anita Lawson,sthompson@example.com,549-463-7568x2445,Technical,True
7718,3104,John Smith,josephcummings@example.com,(554)276-6626x224,Technical,False
7719,3104,Sandra Gonzalez,lisawhite@example.org,(941)324-7152,Technical,False
7720,3104,Mary Morgan,pricechristina@example.org,001-956-525-1703x5773,Procurement,True
7721,3105,Kristen Malone,lwalter@example.com,756-895-5295,Finance,False
7722,3105,Benjamin Stanton,davissydney@example.com,404-602-5505x48166,Decision Maker,False
7723,3106,Angela Jones,gerald61@example.com,(266)221-2200,Technical,False
7724,3106,Linda Gibson,invalid_email,654-273-2859x72368,Finance,False
7725,3106,Christopher Vargas,johncooley@example.org,+1-409-437-6743x847,Finance,False
7726,3106,Kathleen Scott,daviswilliam@example.net,595.657.0359x38462,Decision Maker,False
7727,3106,Christopher Frazier,beckermadison@example.org,5516629756,Technical,True
7728,3107,Robert Allen,bcruz@example.com,574.802.6611,Technical,True
7729,3107,Brittany Alvarado,clayton68@example.com,001-662-745-1087x25612,Finance,False
7730,3107,Angelica Cook,dmoody@,6009419305,Procurement,True
7731,3108,Timothy Baird,mary45@example.org,215.269.8694,Procurement,True
7732,3108,Patrick Kaufman,kristenroy@example.org,909.255.6723x7593,Procurement,False
7733,3108,Christian Rodriguez,hcook@example.net,799.815.4134x5407,Finance,False
7734,3108,Cheryl Castro,patty42@example.com,+1-369-259-4179,Decision Maker,False
7735,3109,Timothy Norris,poolerenee@example.org,001-668-539-2170x76532,Finance,False
7736,3109,Michael Hubbard,cameron43@example.org,3573461882,Technical,True
7737,3109,David Reeves,invalid_email,+1-841-304-1255x66108,Finance,False
7738,3109,Martin Davenport,ewilliams@example.org,695.394.8995x03697,Procurement,True
7739,3109,Jamie Munoz,aalvarez@example.net,001-657-883-9796x70866,Technical,False
7740,3110,Colin Patterson,ryan58@example.org,(429)235-5045,Procurement,False
7741,3111,Steven Beck,hmora@example.net,(812)981-5649x7133,Procurement,True
7742,3112,Victoria Salinas,invalid_email,697.462.4583,Procurement,True
7743,3112,George West,briankelley@example.org,486-829-1469,Decision Maker,False
7744,3112,Caleb Higgins,hunterkatelyn@example.com,874-967-7776x3988,Procurement,False
7745,3115,Erika Ramirez,invalid_email,001-626-770-5038x428,Technical,False
7746,3115,George Lowe,garygonzalez@example.com,(985)635-9783x651,Procurement,False
7747,3115,Krystal Russell,uallen@example.com,6297586362,Decision Maker,True
7748,3115,Jonathan Martinez,larsondavid@example.com,(990)514-5007x289,Technical,False
7749,3116,Yolanda Cox,shannon96@example.com,001-265-379-9162,Technical,True
7750,3116,Andrew Lowe,ybarron@example.com,835.479.6990x4191,Procurement,True
7751,3116,Thomas Harris,wolfedustin@example.org,001-623-785-0900,Finance,False
7752,3116,Robert Williams,amurphy@example.org,(955)857-4843x1629,Decision Maker,False
7753,3117,Kevin Williamson,aaronjohnson@example.org,(822)792-9106x9943,Decision Maker,True
7754,3117,Stacey Byrd,howardalan@example.net,+1-994-812-8230x85864,Procurement,False
7755,3118,Ronnie Smith,david27@example.com,(284)694-4487x952,Technical,False
7756,3118,Joseph Byrd,maxwellbrooke@example.org,001-675-750-1224x634,Technical,True
7757,3118,Nathaniel Jordan,nhayes@example.org,001-910-938-9804x62744,Decision Maker,True
7758,3118,Emily Wood,mary44@example.org,209-573-0169,Finance,True
7759,3119,Robert Glover,josephmiller@example.net,(999)316-4547x256,Decision Maker,False
7760,3119,Emily Chavez,murphyrichard@example.com,(935)458-0532x9811,Procurement,True
7761,3120,Alan Alvarez,shawn79@example.com,729.909.0524x49643,Decision Maker,False
7762,3120,Carol Koch,amanda06@example.com,+1-374-874-0033x9803,Procurement,True
7763,3120,Matthew Barajas,rachelsmith@example.net,281-321-4901x593,Decision Maker,True
7764,3120,Anthony Arnold DDS,kdavis@example.net,856.788.4594,Procurement,True
