customer_id,customer_name,country,state,city,industry,account_status,tax_id,email,phone,created_date,last_updated_date,owner_id
1,"Cunningham, Stewart and Green",United States,Texas,Johnfurt,Semiconductors,Inactive,TAX972064,emilyevans@hickman-walls.com,599.711.8384x251,2022-09-22,2023-01-22,8
2,Moore-Bass,India,Virginia,Cherylhaven,Manufacturing,Active,TAX189814,contrerasangela@garcia.com,001-282-344-9353x4874,2023-09-23,2023-10-28,69
3,"Henderson, Hill and Smith",Germany,Wyoming,Lake Tina,Software,Prospect,TAX598369,joycearnold@hoffman-rodriguez.com,+1-605-798-2620,2024-01-31,2024-04-24,34
4,Nolan and Sons,United States,Utah,Lake Curtis,Manufacturing,Inactive,TAX322086,vdickson@frost.com,(360)825-6342,2024-01-10,2024-12-28,26
5,Garrison and Sons,Germany,Illinois,Baileybury,Healthcare,Prospect,TAX781446,andrewlee@ramirez-jones.com,(386)885-0142x940,2023-02-04,2023-09-16,67
6,Chandler-Edwards,United States,Rhode Island,South Rachelborough,Software,Active,TAX167136,bradley60@frost.com,(861)659-5148x465,2022-11-24,2022-12-04,76
7,"Martinez, Fisher and Bentley",United States,Utah,New Ashley,Manufacturing,Active,TAX107540,akelley@mitchell-jordan.org,+1-757-377-3872x148,2021-05-26,2022-05-23,8
8,Chambers and Sons,India,Illinois,North Brandon,Semiconductors,Inactive,TAX174299,xcarr@gibson.org,567.463.2016,2023-11-19,2024-03-19,36
9,"Holmes, Williams and Wright",United States,Delaware,Andersonmouth,Software,Prospect,TAX238739,stephanie79@mcclain.info,(677)943-4873,2024-03-15,2024-12-31,61
10,Reeves and Sons,India,Louisiana,Luisside,Healthcare,Inactive,TAX299659,taylorjesse@hernandez.com,+1-876-903-6690,2021-07-13,2021-08-31,56
11,Bender LLC,India,Wisconsin,Castanedachester,Healthcare,Inactive,TAX864491,tracynelson@johnson-rogers.biz,001-427-929-8069x9016,2021-04-21,2022-03-31,13
12,Williams Group,India,Massachusetts,South Mark,Retail,Inactive,TAX939482,aramirez@conley-ruiz.net,4535100330,2021-08-12,2021-12-17,25
13,Wells Inc,India,Oregon,South Holly,Healthcare,Active,TAX542374,gary91@oconnell.org,3496663193,2022-01-11,2022-06-02,60
14,"Burke, Martinez and Riggs",India,Arizona,Amandastad,Semiconductors,Inactive,TAX947272,huntermatthew@short-garcia.com,+1-672-762-8498x7769,2024-02-02,2024-03-23,7
15,Rivas Inc,United States,Louisiana,Sanchezmouth,Manufacturing,Active,TAX197793,frogers@white-lewis.com,949-948-0831x36783,2022-04-30,2022-07-24,53
16,Mcguire-Davis,United States,Iowa,Holtport,Software,Inactive,TAX161483,thomas85@barajas-pierce.com,001-574-544-3135x182,2021-12-04,2022-06-16,1
17,"Washington, Hardy and Bray",Canada,North Dakota,Tinaborough,Finance,Inactive,TAX399105,jeremy24@erickson.com,6089427109,2023-05-17,2024-05-07,72
18,Alexander-Lopez,United States,Arkansas,Shelleyfort,Healthcare,Active,TAX299122,shortrichard@ray.com,(529)841-3186,2022-08-31,2022-12-20,8
19,Kerr-Evans,United States,Pennsylvania,Torreston,Manufacturing,Active,TAX884309,mezajared@baker.com,928.612.0679,2022-10-05,2022-11-03,7
20,Hall Ltd,United States,Maine,Jonesbury,Manufacturing,Prospect,TAX265080,kristin93@wilson-walker.com,621-802-4994x717,2021-04-27,2022-01-12,11
21,Mason-Snyder,Japan,Colorado,South Jessicaview,Semiconductors,Prospect,TAX171262,davissuzanne@matthews.com,001-802-978-7429,2024-10-14,2024-12-31,52
22,Harrison Group,India,Michigan,Elizabethburgh,Manufacturing,Active,TAX707040,robert74@landry.info,954-851-6808,2024-05-02,2024-05-22,80
23,Lopez LLC,India,South Carolina,Garrettton,Retail,Prospect,TAX692683,josephanderson@kim-wolfe.com,3935248086,2023-12-07,2024-05-16,34
24,Murray Inc,India,Tennessee,South Sarah,Retail,Inactive,TAX350280,william46@baird-sanchez.net,(763)698-2146,2022-06-28,2023-01-16,17
25,Campbell LLC,United States,Pennsylvania,Grimesmouth,Finance,Inactive,TAX431535,jreed@bennett.com,001-463-960-5766,2021-05-29,2021-06-02,59
26,Martinez PLC,United States,Michigan,Port Meganville,Manufacturing,Active,TAX176819,jsmith@pitts-booker.com,345.596.1586x5780,2024-01-07,2024-04-25,65
27,"Cohen, Mitchell and Perez",India,Colorado,Goodville,Finance,Active,TAX356150,tjackson@williams.com,(856)523-8692x221,2023-01-27,2023-06-21,21
28,Durham-Thomas,United States,New Jersey,Stevetown,Manufacturing,Prospect,TAX417212,rsantana@moore.org,664-674-3671x3695,2024-06-06,2024-12-31,68
29,Spence Ltd,India,Montana,Alanton,Manufacturing,Inactive,TAX795613,swall@lawson.com,+1-339-642-1047x0952,2021-08-01,2021-10-08,34
30,Burgess-Thompson,India,Florida,Alyssaview,Semiconductors,Prospect,TAX680097,jonathansummers@coffey-phillips.com,871-223-6851,2021-11-15,2022-04-03,37
31,Herrera-Gibson,United States,Utah,Brendastad,Retail,Inactive,TAX313487,leonardthomas@henson.com,+1-517-446-1200x4711,2024-11-08,2024-12-31,34
32,Chavez-Santiago,United States,West Virginia,Matthewsberg,Finance,Active,TAX196781,fpena@russell.com,277.835.1585,2024-07-23,2024-12-31,36
33,Lopez-Martinez,India,New Jersey,Lake Jasontown,Finance,Active,TAX768061,buchananjohn@buchanan.com,001-683-493-3529x04228,2022-06-21,2022-09-11,57
34,Guerrero Inc,United States,Florida,West Kristybury,Healthcare,Prospect,TAX110139,alfred40@harmon.com,001-617-975-8917x8390,2021-08-18,2021-09-25,20
35,"Maynard, Brown and Mendoza",United States,Montana,Parksfort,Finance,Prospect,TAX679364,fjones@franklin-jones.com,+1-398-356-9847x896,2021-10-31,2022-06-08,17
36,"Curtis, Mack and Le",India,Indiana,Hayesbury,Finance,Active,TAX475190,dmorgan@perry-davis.biz,245-727-1111x61528,2022-03-07,2023-02-19,32
37,"Martinez, Gomez and Ortega",United States,Wisconsin,Parrishton,Finance,Prospect,TAX526117,caroline51@romero.com,(285)614-9368x998,2024-06-25,2024-09-12,31
38,White Ltd,Japan,Wisconsin,Sandrastad,Software,Inactive,TAX125990,whitedouglas@morales.com,683-766-7525,2022-01-03,2022-06-22,53
39,"Carlson, Ware and Moore",Japan,Wisconsin,Lake Christophermouth,Retail,Active,TAX379766,ctucker@nelson-fischer.com,(261)249-7840x369,2021-11-23,2022-11-17,14
40,Turner and Sons,India,Wyoming,Port Jonathan,Semiconductors,Inactive,TAX333238,david76@anderson.com,885.816.0607x15969,2022-02-13,2022-10-06,45
41,Wilson-Smith,India,Massachusetts,Port Stacey,Software,Active,TAX124813,xcollier@kim.com,(596)781-6453x52181,2024-09-13,2024-12-20,52
42,Luna-Fuentes,India,Georgia,North Dwayne,Semiconductors,Inactive,TAX468203,glennhernandez@jones.info,001-699-279-9552x71774,2024-08-06,2024-12-31,52
43,Romero-Collins,United States,New Hampshire,North Miguelport,Manufacturing,Inactive,TAX128941,newmantiffany@gilbert.biz,298.907.9359x782,2021-08-25,2022-01-05,23
44,Shepherd LLC,United States,Virginia,New Debbieton,Finance,Active,TAX213668,jasmineritter@mills.com,(465)790-5151x8644,2024-05-06,2024-12-14,45
45,Aguilar and Sons,Germany,Minnesota,Tammyfurt,Finance,Inactive,TAX735656,brookehurley@hansen-schneider.com,(481)568-5054,2023-11-14,2024-01-12,50
46,Meza-Tucker,Japan,Iowa,East Chris,Software,Inactive,TAX146542,romeroamber@stephenson.org,(296)822-2927,2024-12-22,2024-12-31,1
47,Rhodes-Young,United States,New Hampshire,Karenmouth,Manufacturing,Prospect,TAX854377,amandacollins@mckee-lee.org,274.968.8623x924,2024-10-05,2024-12-31,47
48,Spencer-Garcia,United States,North Dakota,West Christopherburgh,Retail,Inactive,TAX753425,shannon82@davis-lozano.info,(206)706-8536x153,2022-10-05,2023-09-09,16
49,Combs Ltd,Germany,Michigan,East Benjamin,Finance,Prospect,TAX424308,ihorton@harrison.com,232-589-8614x341,2024-09-27,2024-12-31,42
50,Fowler-Dean,United States,California,Port Rebeccaside,Finance,Prospect,TAX233470,chenbailey@thomas.com,001-262-818-5188,2022-01-28,2022-08-31,49
51,Williams-Hughes,United States,Mississippi,Juliestad,Software,Prospect,TAX696750,cooperjessica@garcia.com,3589527722,2022-09-09,2023-04-04,71
52,Carter Inc,Japan,Illinois,West Sarahhaven,Finance,Inactive,TAX320392,ihays@king-mullins.com,950-954-1566x7652,2023-05-31,2024-03-22,78
53,Glass-Stone,United States,Colorado,Millerburgh,Healthcare,Inactive,TAX563638,manuel15@phillips.com,001-775-470-5964x016,2024-10-15,2024-12-31,66
54,Thomas PLC,United States,Utah,Johnsonland,Retail,Active,TAX790855,kimberlydiaz@herring-johnson.com,+1-375-257-1928x56543,2021-06-23,2021-11-15,66
55,"Lopez, Holmes and Mcintyre",United States,Delaware,Kimberlymouth,Manufacturing,Inactive,TAX197923,wendymitchell@gonzalez-taylor.com,427.715.5188x442,2022-04-27,2023-04-06,40
56,"Walker, Galloway and Conner",India,Kansas,Johnsonside,Software,Active,TAX125611,tanner82@henson.info,466.491.2517x78528,2021-04-05,2021-08-08,61
57,Shaw-Oneill,United States,Delaware,West Fred,Semiconductors,Inactive,TAX534572,sarah35@jacobson.net,724-298-1829x922,2024-07-13,2024-12-31,25
58,Miller Ltd,Germany,Wyoming,Debrashire,Healthcare,Inactive,TAX519066,bmontgomery@small-gardner.com,736.447.1027x6773,2022-05-15,2022-07-29,1
59,Hensley-Flores,Japan,Minnesota,Andersonstad,Semiconductors,Inactive,TAX329471,floressteven@cole-thomas.com,969-963-2595x3278,2021-12-27,2022-12-18,67
60,Jimenez-Davis,United States,Montana,Levyborough,Manufacturing,Active,TAX989545,brandon47@khan.net,8162245650,2021-09-06,2022-04-27,18
61,"Hoffman, Cox and Roberts",Japan,Missouri,Duranview,Retail,Prospect,TAX686075,andersoncolin@norton-morgan.com,001-923-498-6800x02578,2024-05-04,2024-10-13,57
62,"Barry, Taylor and Velazquez",United States,Massachusetts,South Vicki,Retail,Prospect,TAX547470,brittney88@burns.com,(551)269-4097x499,2024-01-28,2024-09-12,21
63,"Castillo, Warren and Griffith",Germany,Wyoming,Hernandezbury,Healthcare,Inactive,TAX371782,armstrongjackie@smith.biz,(563)768-9702,2022-05-22,2023-04-13,36
64,"Mendoza, Bennett and Frye",Germany,New Jersey,Amyview,Manufacturing,Inactive,TAX757193,plee@grant-walker.com,001-843-775-7584x41986,2022-05-05,2022-09-22,57
65,Roberts LLC,India,Virginia,West Sandraview,Finance,Active,TAX384913,ilewis@fitzpatrick-horton.com,299-333-0833,2022-11-19,2023-05-01,70
66,Rivera-Kennedy,India,Utah,North Tamara,Software,Active,TAX501641,richarddonovan@woods-gonzalez.com,440-619-3802x62067,2024-11-22,2024-12-31,28
67,Smith PLC,India,Rhode Island,West Justinside,Healthcare,Inactive,TAX668969,ismall@mcdonald.com,001-774-320-5493x2966,2023-08-13,2024-03-12,8
68,Caldwell-Lopez,India,Florida,Morrisbury,Healthcare,Inactive,TAX907189,greenjoe@finley-turner.org,8456301742,2024-04-11,2024-12-31,3
69,"Wilson, Hendricks and Phillips",Japan,South Carolina,East Susan,Manufacturing,Inactive,TAX600149,vhernandez@brooks.net,+1-533-491-8785x19108,2021-01-13,2021-07-12,39
70,Murphy PLC,Germany,New Hampshire,Lake Jamieshire,Healthcare,Prospect,TAX883826,gdavis@stokes-chavez.net,(279)808-7406x40391,2024-01-24,2024-11-27,29
71,Graves-Weaver,United States,Arkansas,South Anthonychester,Finance,Inactive,TAX609232,kaylacannon@brewer.biz,466.518.2512x868,2021-03-01,2021-09-16,44
72,Avila LLC,United States,New Jersey,Patelbury,Healthcare,Prospect,TAX273061,stevenmoore@pineda.com,2699033119,2023-08-16,2023-10-20,80
73,"Powers, Brennan and Sanchez",United States,Arizona,Gonzalesside,Healthcare,Prospect,TAX691807,karenparsons@gordon.com,001-695-299-5342x8364,2024-09-19,2024-10-02,11
74,"Fry, Hobbs and Buck",United States,South Dakota,Peterston,Software,Inactive,TAX290556,shelly68@horton-russell.com,(428)873-3427x0866,2021-04-13,2021-08-24,49
75,Scott LLC,India,Tennessee,South Melanieland,Healthcare,Inactive,TAX453894,brettbennett@morrison.org,001-583-873-5403x3173,2023-02-16,2023-07-08,54
76,Arnold LLC,India,Missouri,Fergusonstad,Semiconductors,Inactive,TAX120324,jose87@garcia-zavala.info,001-853-655-6093x20489,2024-01-10,2024-02-05,45
77,Gonzalez and Sons,India,Missouri,South Andrea,Semiconductors,Prospect,TAX142213,jonathan77@jackson-norton.com,(287)228-0801,2021-03-05,2021-07-09,26
78,Taylor-Mccoy,Japan,California,North Jeffery,Manufacturing,Active,TAX350132,nbrooks@estrada.info,6082860084,2021-09-16,2022-05-16,15
79,"Li, Craig and Drake",United States,Idaho,North Alicebury,Software,Inactive,TAX833442,christineking@adams-sanders.com,(979)233-4101x6668,2022-06-09,2022-12-14,22
80,"Smith, Jackson and Porter",United States,Nevada,Arielville,Retail,Prospect,TAX220096,hallrachel@clay.com,+1-448-590-2503x92614,2021-12-02,2022-05-10,14
81,"Davenport, Price and Mosley",United States,Michigan,Camposberg,Finance,Prospect,TAX810250,masonterri@davis.com,899-496-5047x73586,2023-02-08,2023-08-30,26
82,"Willis, James and Barton",India,Maine,Lake Charles,Retail,Prospect,TAX354646,eric26@ward-davis.com,854.312.1267x888,2021-07-28,2022-07-19,39
83,Davis PLC,Japan,Colorado,Michelletown,Manufacturing,Active,TAX934904,robert18@armstrong.biz,(824)644-7212,2024-03-05,2024-03-26,45
84,Evans-Patton,United States,Mississippi,Sherylfort,Retail,Inactive,TAX172306,stephentaylor@rush.org,(457)856-9245x9375,2023-11-03,2024-09-29,44
85,Carter-Neal,India,New York,West Nicholas,Healthcare,Inactive,TAX210665,kdiaz@vargas.com,+1-480-873-7416x72434,2023-06-07,2023-12-09,59
86,Jones-Ewing,Germany,New Mexico,Fergusonchester,Healthcare,Active,TAX869440,gibbsmichael@wheeler.com,+1-552-990-9656x10143,2023-12-05,2024-11-02,35
87,Myers-Barton,United States,Pennsylvania,West Whitney,Manufacturing,Inactive,TAX587455,agarcia@wilson.com,(745)373-8757x177,2023-06-12,2024-04-10,35
88,Williams-Page,India,Alaska,Deborahburgh,Software,Active,TAX392477,zacharyarnold@castro-mullen.com,(522)566-0937x9660,2023-07-13,2023-11-14,60
89,Goodwin-Stokes,United States,California,Port Monicaburgh,Retail,Inactive,TAX452737,mark71@lambert-burns.com,+1-369-469-1557x924,2021-02-28,2021-11-08,42
90,Wilson-Torres,India,Idaho,Heatherhaven,Software,Inactive,TAX936587,ibarnes@reyes.com,+1-227-742-2579,2022-06-14,2022-12-05,36
91,Washington and Sons,Japan,Missouri,Ortizfort,Retail,Inactive,TAX682789,cmckinney@jackson-cunningham.com,304-638-4279x7881,2021-01-21,2021-10-12,25
92,"Morrow, Richardson and Carson",India,Arizona,Paynechester,Retail,Inactive,TAX612311,fitzgeralddesiree@evans.info,451-571-3395x962,2024-02-12,2024-06-14,61
93,Trujillo PLC,United States,Minnesota,Candiceburgh,Healthcare,Inactive,TAX931450,tiffany44@adams.com,(560)842-2325,2021-02-05,2021-03-24,38
94,Thomas-Chen,India,South Dakota,Brooksland,Retail,Active,TAX421080,powellkara@mayer.com,001-801-575-1863,2024-09-21,2024-12-31,48
95,Adams-Clayton,United States,Michigan,New Melissa,Manufacturing,Inactive,TAX546173,patricia00@sims.com,427-670-6324,2024-02-02,2024-07-20,46
96,Pena LLC,Germany,Colorado,Elizabethburgh,Finance,Inactive,TAX363615,sanderskevin@fischer.com,2372129387,2022-04-18,2022-06-18,25
97,"Cooper, Martinez and Dalton",India,Vermont,South Chad,Retail,Prospect,TAX899213,zdavis@garcia.com,(462)921-8909,2024-11-14,2024-12-31,25
98,Bowen-Fuller,India,Georgia,Jensenmouth,Healthcare,Inactive,TAX859782,christophergarcia@lawrence.com,(552)534-1389x99404,2024-04-22,2024-12-31,77
99,"Myers, Lucas and Bowers",India,Kansas,Cruzbury,Semiconductors,Active,TAX410636,elittle@oneal.com,(269)365-8271,2022-04-11,2022-10-12,23
100,Baker Inc,India,Arkansas,Hunterhaven,Retail,Prospect,TAX232731,zhenderson@davidson.org,(741)841-8328,2022-07-16,2022-08-08,7
101,"Walters, Davenport and Becker",United States,California,Hollybury,Retail,Active,TAX768854,sanchezsandy@chavez.com,721-402-0275x8842,2023-10-03,2023-11-24,2
102,"Norman, Adams and Tanner",United States,Wyoming,West Lindsayview,Healthcare,Inactive,TAX561865,bakertheresa@jones.info,001-225-224-1913,2022-11-29,2023-03-03,7
103,Sanchez Group,India,Mississippi,Moraburgh,Healthcare,Active,TAX962050,tranrobin@rios.com,319-951-8023x806,2021-05-14,2021-12-05,63
104,Ayala-Collins,India,Colorado,Smithborough,Retail,Prospect,TAX156213,anne49@marshall.info,001-838-632-0603x85050,2021-11-07,2022-01-22,73
105,Harris and Sons,Canada,Nebraska,Woodwardberg,Semiconductors,Active,TAX224205,christopher38@haynes-watson.com,001-818-426-1990,2024-02-17,2024-09-17,78
106,Carter LLC,United States,Montana,Louisview,Manufacturing,Active,TAX913373,charlesharris@rodriguez.com,(218)553-7474x11249,2023-12-07,2024-06-18,58
107,Hernandez-Dawson,Canada,Minnesota,Palmerport,Finance,Prospect,TAX549660,lori20@bond-hawkins.net,417.512.1003,2022-09-18,2023-07-06,80
108,Watson-Mccoy,India,Tennessee,New Brendaland,Retail,Active,TAX899787,osbornjames@ramos.com,207-802-9667,2022-03-02,2023-01-16,28
109,"Simmons, Gomez and Odonnell",India,Louisiana,Seanberg,Semiconductors,Active,TAX351516,mendezchristina@phillips.com,246-826-3838,2021-12-22,2022-09-30,10
110,"Howard, Stephens and Washington",India,Oregon,Paulburgh,Healthcare,Inactive,TAX822858,floresjeffery@brown-frey.net,(893)721-3348x039,2024-05-01,2024-12-27,38
111,Thompson PLC,India,Massachusetts,Robintown,Finance,Prospect,TAX396451,stacey92@vaughan.info,+1-542-270-1039,2024-12-10,2024-12-31,10
112,"Woods, Rivera and Mendez",United States,Florida,Jennifermouth,Finance,Prospect,TAX718439,johnsonbrenda@schroeder.com,456-891-5452,2024-09-16,2024-12-26,55
113,"Yu, Banks and Thompson",India,Oklahoma,Jeffreyshire,Software,Prospect,TAX256226,nicholasgross@anderson-daniel.org,(390)529-5939x1725,2022-06-29,2022-09-09,10
114,Haas-Jackson,India,Colorado,Seanview,Finance,Prospect,TAX885339,johnjones@buchanan-le.com,(576)426-7658x6179,2024-03-11,2024-08-05,57
115,Jones-Singleton,India,Maine,West Joseville,Retail,Inactive,TAX833723,petersonpamela@dennis.com,599-870-6296x20153,2023-04-05,2023-08-22,65
116,"Spencer, Frost and Fernandez",United States,Texas,Kennethville,Healthcare,Active,TAX727086,longandrea@hernandez-ward.biz,649-373-1032,2021-03-23,2021-10-30,42
117,Anthony-Parker,United States,Montana,Burnsview,Semiconductors,Active,TAX340044,maypaul@mcclure-wood.info,4473743490,2024-10-12,2024-12-31,76
118,Barnett PLC,Canada,Nebraska,New Bruce,Retail,Inactive,TAX704238,acardenas@mcdaniel.com,441.460.8989x9217,2021-03-24,2021-06-21,61
119,Stokes and Sons,United States,Arizona,Millerchester,Healthcare,Inactive,TAX290305,wendyburton@scott.com,268-868-5487,2024-04-13,2024-11-22,63
120,Perry and Sons,Canada,Oregon,North Annaville,Healthcare,Inactive,TAX528184,mikayla56@reyes-washington.org,202.946.2996x0653,2022-11-14,2023-04-27,14
121,Prince-Smith,Japan,Maryland,Juanfort,Finance,Inactive,TAX827369,comptonjeremy@mccann-ramos.com,469-313-7367x850,2023-10-12,2024-03-07,52
122,Mckinney-Powell,Japan,Wyoming,East Jamesborough,Manufacturing,Active,TAX576919,wrightstephen@bush-hill.info,761.403.5797x27985,2021-06-30,2021-12-08,33
123,Curry-Barker,India,Maine,South Brandonshire,Healthcare,Prospect,TAX964998,mercedesholland@clark.com,922.690.3494x4665,2021-01-03,2021-12-05,70
124,Owens Ltd,United States,North Dakota,Silvatown,Semiconductors,Active,TAX643623,anna99@evans-rodriguez.com,445-244-4328x30965,2023-01-11,2023-11-25,64
125,"Jimenez, Phillips and Meadows",United States,Montana,Doyleshire,Semiconductors,Active,TAX380028,matthewreeves@nichols.com,542.782.4172x48251,2024-01-30,2024-04-06,37
126,Garner LLC,United States,Nebraska,Nathanshire,Retail,Inactive,TAX227324,steven17@delacruz.org,+1-417-538-1684x602,2021-03-01,2022-01-17,78
127,Ortiz-Hudson,Germany,New Jersey,West Michelle,Retail,Active,TAX425845,kimberlyfreeman@hatfield.info,832-992-7129x666,2024-02-03,2024-02-10,71
128,Smith-Ferguson,United States,Washington,Stephaniemouth,Software,Active,TAX583863,andrewsmith@wright.com,668-994-2104,2021-08-29,2022-07-26,20
129,"Meyer, Warren and Hamilton",United States,Utah,West Wendy,Retail,Inactive,TAX633590,mhoward@vaughan.com,732.230.9821,2024-12-15,2024-12-31,54
130,Mcdowell-Scott,Japan,Ohio,New Virginiaville,Healthcare,Active,TAX578975,williamsdarrell@james-kelley.info,001-823-304-6184x992,2024-02-03,2024-04-17,50
131,"Higgins, Wilson and Wilson",India,Connecticut,Gonzalezborough,Manufacturing,Prospect,TAX882544,marie35@ortiz.com,001-375-330-0119x721,2021-10-07,2021-11-11,36
132,Newman-Bryant,Germany,Maine,Stevenville,Healthcare,Inactive,TAX925981,morganphelps@solis-edwards.com,600-322-5579,2023-11-06,2024-03-21,1
133,Briggs-White,India,Montana,Riversview,Finance,Prospect,TAX708093,evaughn@banks-robles.com,(402)816-9797,2024-09-13,2024-12-31,20
134,Carr-Huffman,United States,Washington,South Samantha,Healthcare,Inactive,TAX448588,clayscott@green.com,001-989-793-5889x163,2024-02-05,2024-11-09,49
135,"Rhodes, Cruz and Combs",United States,Oklahoma,North Dawnburgh,Finance,Active,TAX831380,kchristian@walton.com,340-983-8663x17797,2022-05-05,2023-02-21,50
136,Stewart-Hooper,India,West Virginia,North Richardton,Healthcare,Active,TAX433632,petersenlatoya@walsh.info,550-237-5899x75711,2023-08-27,2024-08-22,49
137,Kelly-Schultz,India,Maine,Jacquelineton,Retail,Prospect,TAX259493,travisunderwood@griffith.com,363-973-5160,2023-10-12,2023-10-30,17
138,Barrett-Blanchard,United States,Florida,Smithton,Manufacturing,Inactive,TAX205239,eroberson@norman.com,001-821-769-9586x6934,2023-06-21,2023-08-11,68
139,Chavez-Anderson,Canada,Nebraska,Meganside,Semiconductors,Prospect,TAX251157,jennifer83@clark.com,+1-652-828-8515x87996,2023-04-20,2024-03-20,20
140,Mills Inc,India,Missouri,North Ellen,Finance,Inactive,TAX753534,josephfloyd@vega-thomas.com,001-843-580-5719x838,2024-11-19,2024-12-31,11
141,"Mueller, Lindsey and Roberts",Japan,Texas,South Paulmouth,Retail,Prospect,TAX498468,smithjohn@melton.com,+1-359-889-3347x2122,2022-10-11,2023-08-27,63
142,Patterson PLC,Japan,Kentucky,East Brandy,Semiconductors,Prospect,TAX171744,adam72@hernandez.org,5944798515,2022-04-26,2023-03-15,37
143,"Jones, Wagner and Perry",Canada,Ohio,Davisbury,Retail,Active,TAX555052,elizabethrivera@robinson-goodwin.net,380.815.7399x3056,2021-07-21,2022-06-10,13
144,Fernandez-Campbell,United States,North Dakota,Williehaven,Retail,Inactive,TAX130353,stucker@lee.com,001-288-901-3361x38612,2021-04-05,2021-09-18,8
145,"Rivera, Miller and Brown",India,Kentucky,New Lorraineview,Finance,Inactive,TAX252640,ohughes@hamilton-smith.com,+1-309-619-0158,2022-05-16,2023-02-11,53
146,"Turner, Miller and Hubbard",United States,New Hampshire,Fostertown,Software,Active,TAX283573,omoore@francis.com,+1-824-350-8821x0099,2021-06-11,2022-04-19,49
147,Clark-Figueroa,United States,Washington,Jasonhaven,Software,Inactive,TAX711484,eugenewalker@lee-white.org,5879814141,2021-10-21,2022-02-16,60
148,Howard-Lambert,United States,Kansas,West Christineborough,Healthcare,Inactive,TAX799233,todd59@torres.com,962-705-3364x52577,2021-01-20,2021-09-15,37
149,Tucker-Rodriguez,United States,Tennessee,Port Juanberg,Software,Active,TAX563187,josemercado@luna.net,+1-409-796-9308x4887,2022-12-09,2023-10-05,39
150,Walker-Barton,United States,Washington,Dennishaven,Healthcare,Prospect,TAX362246,sanderswayne@allen.com,001-582-372-2992x75037,2023-07-25,2023-12-26,26
151,Wood-Williams,Canada,Indiana,Paulmouth,Healthcare,Active,TAX348728,williamsdeborah@padilla.com,001-849-589-2665x9184,2023-02-21,2023-12-10,46
152,"Sullivan, Roth and Reed",United States,New Mexico,New Nicolemouth,Retail,Inactive,TAX123005,jerryrobertson@lewis-lopez.com,+1-813-265-1777x392,2024-09-10,2024-12-31,36
153,Williams PLC,India,Pennsylvania,East Crystal,Retail,Prospect,TAX151426,macdonalddylan@scott.net,(899)404-1379x7723,2024-05-26,2024-12-31,37
154,"Hoover, White and Keller",Germany,Kentucky,Lake Gina,Software,Prospect,TAX940886,ecarlson@gray.com,9382862912,2022-12-23,2023-04-14,25
155,"Gordon, Wilson and Olson",United States,Florida,Port Erikachester,Retail,Prospect,TAX904751,cwood@moreno.biz,(899)616-2473x149,2024-09-12,2024-12-31,18
156,Smith Ltd,United States,Alabama,New Adrianborough,Retail,Prospect,TAX141337,robert12@pearson-king.net,(995)694-6368x87258,2022-09-25,2023-05-08,5
157,Lane-Schroeder,United States,Montana,Port Michelle,Retail,Active,TAX194511,adkinssean@avery.com,+1-890-326-0127,2022-08-28,2023-02-11,54
158,Baker LLC,India,Colorado,Lake Patrickfurt,Software,Prospect,TAX483629,jennifer90@bowman.com,484.230.9883,2023-12-24,2024-09-05,35
159,Allen-Smith,Japan,Hawaii,West Kimberlystad,Finance,Inactive,TAX945664,msullivan@smith.net,689-455-4393x7690,2022-08-28,2023-02-17,15
160,Hunter-Hansen,United States,North Carolina,Matthewville,Semiconductors,Active,TAX890785,nancy94@ramos.com,001-857-779-0714x16335,2022-04-08,2023-03-20,51
161,"Nichols, Haynes and Baker",Canada,Maine,South Emilymouth,Manufacturing,Inactive,TAX194689,spencergregory@gomez-shannon.com,(537)533-3433,2023-03-20,2023-03-27,34
162,"Kelly, Maxwell and Wilson",United States,Colorado,Austinside,Healthcare,Inactive,TAX805511,charlesnathan@vasquez-galloway.org,972-284-6392x086,2024-10-08,2024-12-31,75
163,"Reed, Dalton and Parsons",India,New Jersey,Lake Aprilmouth,Retail,Inactive,TAX213609,smithjason@garcia.com,+1-943-847-9552,2024-10-14,2024-12-31,61
164,Barnes LLC,India,Mississippi,Ramirezburgh,Manufacturing,Inactive,TAX739717,tiffanyparks@le.net,(963)622-7026x72885,2022-03-30,2023-02-24,9
165,Hart-Bradley,United States,Montana,Lake Frankborough,Healthcare,Prospect,TAX416869,thomas17@cook.com,(706)715-9399x824,2024-08-22,2024-12-31,15
166,"Dixon, Hampton and Griffin",India,Colorado,Austinmouth,Semiconductors,Inactive,TAX616554,mirandadavidson@fisher-salazar.biz,812-653-5544,2021-08-26,2021-10-14,31
167,Norman-Mcmillan,Japan,West Virginia,Gutierrezburgh,Software,Inactive,TAX575679,martinezjimmy@shepard-haynes.com,226.811.1780,2023-01-30,2024-01-08,70
168,"Hubbard, Miller and Baker",United States,Georgia,Lake Sarahfurt,Retail,Prospect,TAX262029,jerome47@martinez.com,+1-955-877-8487x28299,2023-04-30,2024-03-30,13
169,"Bowman, Ferguson and Stout",Japan,New Mexico,Port Christopher,Manufacturing,Inactive,TAX393328,michael42@smith-mills.com,(547)280-7740x649,2021-03-09,2022-02-25,48
170,"Brooks, Jenkins and Castro",India,Montana,East Jennifer,Healthcare,Active,TAX997004,oclayton@miller-garrett.net,001-994-648-4631x22417,2023-01-13,2023-03-04,48
171,"Dean, Lopez and Smith",United States,Arkansas,East Teresaport,Retail,Inactive,TAX163491,david70@davis.info,356.447.5705,2023-03-27,2023-08-15,25
172,Adams Group,Canada,California,Whiteview,Healthcare,Active,TAX794963,hclayton@wright.com,471.283.7645,2022-03-11,2023-02-02,77
173,"Pineda, Meyer and King",Canada,South Dakota,Jameston,Semiconductors,Inactive,TAX355400,teresayoung@nguyen-jackson.com,001-416-730-0979,2021-09-15,2022-07-01,27
174,Wright Group,India,Colorado,Sarahton,Manufacturing,Active,TAX714867,kellyeric@moody.net,+1-657-930-6524x0778,2022-03-19,2022-07-16,43
175,Knight PLC,Germany,Minnesota,Jessicaview,Manufacturing,Active,TAX390743,caseymoore@weiss-weaver.info,7863209593,2021-10-24,2021-12-29,70
176,"Coffey, Fuentes and Lee",India,Utah,Cannonberg,Software,Active,TAX793169,marcus51@mills.com,(820)931-7310,2021-02-22,2021-04-30,2
177,"Hanson, Garza and Williams",India,Iowa,North Sarahborough,Software,Prospect,TAX439498,fhebert@owen-brown.net,001-365-309-4801x4138,2021-02-02,2021-05-02,34
178,"Hall, Cruz and Lee",India,Texas,New Colleen,Retail,Inactive,TAX651640,angelagrant@garcia.info,001-961-722-8685x289,2021-08-21,2021-09-22,61
179,Pierce-Shea,United States,Mississippi,Duranchester,Finance,Prospect,TAX722503,charlene98@brooks.com,(277)660-0490x824,2021-08-12,2022-03-31,65
180,Lewis LLC,India,Alaska,Samanthahaven,Manufacturing,Active,TAX862569,clintonstevens@taylor.org,334.741.9693,2024-09-11,2024-12-31,39
181,Thompson-Petersen,United States,Vermont,New Dawnton,Semiconductors,Active,TAX602248,dmiller@bailey-montoya.biz,739-406-0480,2023-04-03,2023-11-07,14
182,Shaw-Walker,United States,Arkansas,Maddoxshire,Healthcare,Active,TAX184714,walkerkeith@hernandez-rogers.info,001-408-464-1686,2022-10-22,2023-08-29,19
183,Hansen-Freeman,India,Tennessee,New Christina,Finance,Prospect,TAX763829,johnadams@morris-glass.com,266-655-3559,2024-04-13,2024-12-31,42
184,Huerta PLC,India,New Hampshire,South Brady,Manufacturing,Prospect,TAX409222,jamesbrooks@farrell.org,(740)551-4770,2023-07-19,2024-04-02,78
185,"Medina, Harris and Mills",United States,Kentucky,Deanberg,Retail,Active,TAX994217,bennettrebecca@williams.org,507-801-6451x046,2024-09-02,2024-12-31,71
186,"Bray, Garcia and Stewart",Germany,Rhode Island,East Jamesmouth,Software,Inactive,TAX573489,williamssandra@cook-long.com,6558543840,2022-04-13,2022-11-10,44
187,Raymond LLC,Japan,Iowa,West Penny,Healthcare,Inactive,TAX865054,christopherreyes@salazar.com,001-526-449-5782,2021-07-14,2021-12-21,55
188,"Weaver, Mcbride and Huffman",India,Maryland,South Wendy,Finance,Inactive,TAX260053,dianacunningham@stewart.net,001-512-352-0566x4742,2024-11-07,2024-12-31,9
189,Lopez PLC,India,South Carolina,Catherinebury,Semiconductors,Active,TAX552855,jerryjohnson@watts.com,297.652.6772x23306,2021-07-17,2022-01-23,17
190,Walker-Powers,United States,Illinois,North Gregory,Manufacturing,Prospect,TAX688967,fcamacho@nguyen.biz,001-909-965-6999x88081,2022-11-07,2023-10-16,16
191,Rich and Sons,United States,North Dakota,Terrellton,Retail,Inactive,TAX856086,oblack@lee.biz,347-426-4908x2771,2021-04-16,2021-09-10,77
192,"Pace, Horton and Taylor",India,Nebraska,Shannonburgh,Semiconductors,Prospect,TAX632060,tgarza@khan.com,821-211-7518x68926,2022-03-12,2022-05-30,62
193,Barr PLC,India,Texas,East Misty,Semiconductors,Inactive,TAX986438,kaylawilliams@collins-mack.info,221-923-0940x7778,2024-02-14,2024-08-20,15
194,Robinson Ltd,Germany,New Mexico,Ortizland,Manufacturing,Active,TAX946432,sanchezamy@fuller.com,(705)302-0994,2023-05-29,2024-03-11,80
195,Rodriguez and Sons,United States,Hawaii,Cherylshire,Retail,Prospect,TAX127529,tammycurry@huynh-davis.com,856-516-8147x21458,2024-06-01,2024-12-31,35
196,"Clark, Brown and Duncan",India,South Dakota,South Jenniferport,Finance,Prospect,TAX899444,ulynch@fox-carney.com,(599)678-7729,2022-09-25,2023-03-17,45
197,Smith Inc,India,New Jersey,Lake Melaniechester,Software,Prospect,TAX789275,wwilliams@shaffer.com,214-448-8501x556,2023-04-01,2023-05-06,19
198,Rivera LLC,Germany,Utah,Hendrickston,Semiconductors,Active,TAX882354,timothyburton@huang.com,249.758.8039x55124,2023-12-23,2024-04-11,49
199,Sims-Kirby,United States,Oregon,Lopezville,Finance,Active,TAX488028,janet50@gutierrez-crawford.com,(974)238-4215x031,2022-10-01,2023-03-16,73
200,Stein-Moore,United States,Michigan,Oconnorhaven,Semiconductors,Active,TAX265056,kimberly21@rhodes.info,(681)204-0915x7018,2024-06-19,2024-07-14,11
201,"Blake, Fowler and Clark",India,Illinois,West Joshua,Retail,Inactive,TAX609253,kendra14@moore.com,+1-588-413-8585x424,2024-05-28,2024-12-31,54
202,Collins LLC,India,Ohio,Williamstown,Manufacturing,Active,TAX461939,dberger@reyes.biz,(429)397-9545x3817,2023-05-31,2023-07-26,37
203,"Mcdonald, Bryant and Cohen",United States,Virginia,Ruizbury,Manufacturing,Inactive,TAX652530,michellejensen@myers-lyons.com,477-301-7157x72459,2024-09-28,2024-12-31,6
204,Roth-Robles,India,Massachusetts,Port Kevinmouth,Manufacturing,Active,TAX108060,pgarza@sanchez.com,939-766-9583x21971,2022-02-23,2022-07-27,28
205,"Davis, Wallace and Parker",Germany,Montana,New Danielfurt,Finance,Inactive,TAX444061,troy01@montoya.com,001-622-878-4699x73354,2021-09-03,2021-09-06,64
206,"Haas, Cooper and Davis",Germany,Alabama,Abbottport,Software,Active,TAX498676,woodana@smith.com,840-836-9656,2023-12-27,2024-12-21,30
207,Gardner-Bates,United States,New Mexico,East Angela,Retail,Inactive,TAX175576,mary24@martinez.com,001-876-921-2679x6927,2023-03-25,2023-04-15,56
208,Kelly-Lopez,India,Rhode Island,New Tyronebury,Semiconductors,Inactive,TAX703727,robert89@johnson-johnson.info,001-351-597-1284x781,2023-05-30,2024-03-18,52
209,Mccoy-Alvarado,Germany,Texas,Lake Cynthiashire,Healthcare,Inactive,TAX220768,chloe58@harrison.info,001-656-654-4209,2023-04-10,2023-04-20,42
210,Soto PLC,India,Hawaii,Lake Veronicatown,Manufacturing,Inactive,TAX972442,todd28@york.com,(494)944-0192,2024-11-13,2024-12-31,12
211,Morton-Green,United States,Vermont,South Henry,Semiconductors,Active,TAX556839,cooperchristopher@larson.info,001-966-837-2395x04102,2024-04-21,2024-11-12,68
212,Turner-Reese,India,Wisconsin,South Frances,Finance,Prospect,TAX456005,jwells@berg.info,(358)601-8569x4544,2022-03-30,2022-09-16,22
213,"Silva, Murray and Leonard",India,Kansas,New Matthew,Retail,Active,TAX656379,lawrencesmith@decker.biz,281-275-3443,2023-11-11,2024-02-18,45
214,"Davis, Mays and Douglas",India,Indiana,Lake Susanland,Retail,Active,TAX347745,nicholasgallagher@knight.com,247-817-4654x214,2021-07-30,2021-10-12,33
215,Cook-Brown,India,Kentucky,South Chad,Manufacturing,Active,TAX897143,chelseywhite@rodriguez-fernandez.biz,691.974.1011,2024-09-04,2024-10-12,23
216,Mosley and Sons,Canada,Tennessee,North Elizabethview,Retail,Inactive,TAX586490,isabelconway@smith.info,(861)283-0671x98554,2024-02-29,2024-12-21,58
217,"Shea, Holland and Diaz",United States,Michigan,Port Steveport,Manufacturing,Prospect,TAX766158,gregorywilliams@guerrero-evans.biz,257-517-3203,2024-07-03,2024-12-15,41
218,Price-Sparks,India,Tennessee,Victormouth,Semiconductors,Inactive,TAX563688,johnsonbrian@williams.net,282.593.1027x079,2024-07-17,2024-12-19,36
219,"Banks, Smith and Chen",United States,Maryland,South Cherylshire,Finance,Prospect,TAX177794,meyersdaniel@larson-gilbert.com,765.565.1982,2022-09-28,2023-05-22,58
220,Watkins LLC,India,California,West Donaldchester,Finance,Inactive,TAX180458,heathertran@sanchez-perkins.com,496-320-7100,2024-08-13,2024-09-28,79
221,"Pearson, Eaton and Butler",United States,Wyoming,Schwartzborough,Healthcare,Inactive,TAX708519,daniellemills@allen-thompson.com,+1-327-391-4560x833,2024-02-10,2024-03-02,58
222,"Cox, Juarez and Fernandez",Canada,Iowa,Townsendborough,Manufacturing,Prospect,TAX297383,brian12@anthony.com,+1-400-454-3645x97010,2022-10-21,2023-08-26,61
223,Washington Inc,United States,California,Lake Sean,Semiconductors,Inactive,TAX208529,robert53@nguyen.com,001-963-463-1797x0623,2022-12-05,2023-12-05,11
224,Brooks-Ellis,United States,Illinois,Theresaborough,Software,Active,TAX359778,david90@taylor-york.info,(925)534-9292x98316,2024-12-20,2024-12-31,57
225,"Wells, Ford and Smith",United States,Nevada,East Mark,Manufacturing,Active,TAX481574,patriciavargas@mcintyre.biz,3079806867,2023-02-03,2023-06-27,50
226,Allen-Hansen,United States,Alabama,Dodsonberg,Finance,Prospect,TAX726928,kenneth10@caldwell-martin.info,001-990-277-2625,2021-04-18,2022-03-07,43
227,"Jones, Barry and Cook",India,Arizona,Ronaldview,Semiconductors,Prospect,TAX811332,kristinmiller@fitzgerald-brown.com,4163579055,2023-03-03,2023-07-26,33
228,"Fletcher, Harris and Zavala",Germany,Kansas,Lake Timothyshire,Retail,Prospect,TAX257677,karenhodges@gomez-adams.biz,601-955-7788x178,2022-11-14,2022-12-25,75
229,"Richardson, Nunez and Steele",United States,California,South Christopher,Finance,Inactive,TAX787923,shurst@rodriguez.com,001-727-823-8046x827,2024-12-01,2024-12-31,51
230,Rojas-Smith,India,Illinois,North Monicabury,Retail,Active,TAX424620,robert55@watkins-terry.net,274.492.4243x754,2024-02-19,2024-08-29,43
231,Mitchell-Huber,Japan,South Carolina,Lake Amanda,Retail,Prospect,TAX969226,teresafranco@conway.com,2597274523,2024-11-04,2024-12-31,12
232,Hernandez-West,United States,Hawaii,Davidtown,Healthcare,Prospect,TAX479404,xvelazquez@gould.com,9887547492,2021-02-07,2021-08-11,40
233,"Rodriguez, Mendoza and Williams",India,Utah,West Angelbury,Software,Inactive,TAX903373,uhoward@franklin.org,234.730.1871x86375,2023-09-23,2023-12-30,29
234,Hernandez-Nash,Canada,Mississippi,Watsonport,Software,Active,TAX410160,michael78@lewis.biz,942.766.2991x234,2021-07-27,2022-04-12,70
235,Fitzpatrick PLC,Japan,Wisconsin,Davischester,Manufacturing,Active,TAX794083,robert87@bradley.biz,487-604-9478x7300,2022-11-21,2023-10-03,17
236,Blanchard-Flowers,United States,New Mexico,Lake Elizabethport,Software,Active,TAX289630,swhite@sanchez.com,+1-259-679-6471x589,2024-11-19,2024-12-31,22
237,Perkins and Sons,Germany,Massachusetts,Johnsberg,Semiconductors,Inactive,TAX481995,frank45@fields-friedman.com,648-618-3219x2855,2024-10-17,2024-12-31,57
238,"Wolfe, Cox and Ferguson",United States,Minnesota,North Derrick,Retail,Inactive,TAX345369,nathan76@mccall-martin.com,(383)838-9888,2023-12-30,2024-04-30,40
239,Moon-Wilson,Canada,Florida,South Michaelstad,Healthcare,Active,TAX485709,lisapreston@mills.com,4133223423,2024-10-21,2024-12-31,57
240,Vazquez-Bowers,United States,California,Port Toddchester,Finance,Inactive,TAX627335,gonzalezantonio@palmer.com,5144011939,2023-12-17,2024-07-18,21
241,"Bell, Davis and Singleton",Japan,Louisiana,Michaelhaven,Manufacturing,Active,TAX362147,williamjones@hines.com,(480)913-8759,2021-04-17,2022-03-11,62
242,"Rosario, White and Kelly",Japan,Missouri,Lewisbury,Manufacturing,Active,TAX845957,urodriguez@owens.com,654.980.1571x6479,2023-11-23,2024-01-25,37
243,Spencer LLC,India,Nevada,Port Chad,Software,Inactive,TAX571145,xcrosby@smith.info,+1-716-578-1126x69121,2023-11-18,2024-02-01,56
244,Gonzalez-Anthony,India,Montana,East Maryfort,Software,Inactive,TAX466566,kathy99@avila-owen.biz,(979)967-8427x114,2021-02-24,2021-09-24,7
245,Fuller and Sons,India,Alaska,Lake Brianland,Finance,Active,TAX504924,lgregory@jacobs-murphy.com,+1-691-718-7734x778,2021-06-17,2021-12-25,29
246,"Payne, Cisneros and Johnson",India,Nevada,South Shannonfurt,Semiconductors,Prospect,TAX781533,cstevens@hawkins.com,962.446.7197x8897,2022-11-18,2023-01-31,18
247,"Brown, Baker and Garza",India,Missouri,Katieport,Healthcare,Prospect,TAX971482,bryan90@hood.org,2565165565,2021-10-12,2022-10-08,61
248,Young LLC,United States,Pennsylvania,Lake Cameronport,Semiconductors,Active,TAX119927,morganandrew@johnson-barrett.biz,001-886-840-7905,2022-06-09,2022-09-27,20
249,Armstrong-Stokes,United States,Connecticut,West Tyler,Retail,Prospect,TAX653408,garrett45@harris-reid.com,+1-334-340-4963,2023-05-17,2023-07-12,37
250,"Rogers, Jones and Solis",India,New Mexico,Clarkland,Semiconductors,Active,TAX350021,william46@fernandez.org,878.220.8297x37489,2023-05-10,2024-04-01,80
251,"Gonzalez, Ford and Allen",United States,West Virginia,Meganchester,Semiconductors,Inactive,TAX725726,michelle13@adams-mitchell.com,993-863-1230x347,2024-01-03,2024-01-11,66
252,Lucas-Johnson,United States,Hawaii,Derekview,Retail,Active,TAX405420,donna20@tucker.com,694-916-5162x31981,2023-05-30,2023-05-30,79
253,Young Inc,India,Wyoming,Markshire,Manufacturing,Inactive,TAX296412,vshaffer@walls.com,923-747-6490,2024-09-22,2024-12-31,11
254,"Fry, Stewart and Coleman",United States,Utah,West Natasha,Finance,Active,TAX651613,michaelbaldwin@smith-rasmussen.org,5039486451,2024-01-20,2024-10-05,65
255,Smith-Yu,United States,Kentucky,Christopherbury,Healthcare,Inactive,TAX145649,jason27@stewart.com,717-876-5612x481,2024-07-25,2024-12-31,48
256,"Daniel, Kelley and Murphy",India,Vermont,Port Brettburgh,Semiconductors,Inactive,TAX926823,igibbs@morales.com,691-412-3829x65772,2021-05-19,2021-11-11,31
257,"Watkins, Murphy and Campbell",Germany,Colorado,Richardsonfurt,Retail,Active,TAX908977,kduffy@smith.net,+1-693-417-3420x6969,2024-04-06,2024-09-23,18
258,Rubio and Sons,India,Oregon,North Jenniferchester,Manufacturing,Inactive,TAX953025,fwilcox@walker.com,447-862-6393x436,2024-08-09,2024-11-06,60
259,Johnson LLC,Canada,Kansas,Solomonstad,Healthcare,Prospect,TAX291132,emiller@savage.biz,+1-736-269-4118x00537,2021-10-04,2021-11-05,59
260,King PLC,India,Missouri,Tiffanystad,Software,Active,TAX929538,tammyhansen@white.com,921.658.6241x502,2022-02-13,2022-03-06,41
261,"Ward, Jordan and Orr",Canada,Kentucky,Zacharychester,Manufacturing,Inactive,TAX955015,leslievang@peters.info,4329032074,2024-01-18,2024-09-16,33
262,Wilson-Woodard,India,New York,South Michaelside,Retail,Active,TAX400009,hellis@camacho.com,(428)849-9390,2023-01-02,2023-01-26,43
263,Sanchez Group,India,Utah,West Anthonyville,Finance,Inactive,TAX519453,gbrooks@hernandez-miller.info,249.605.0975x923,2023-06-20,2024-01-03,44
264,Yates-Manning,Canada,Oklahoma,Davisview,Healthcare,Prospect,TAX621691,johnwise@davis-phelps.com,(764)521-4764x9251,2023-01-23,2023-10-15,35
265,Griffin-Hughes,Japan,Louisiana,Davischester,Retail,Inactive,TAX182760,christina66@williams.info,+1-432-678-8147x61742,2023-06-01,2024-04-04,24
266,Mills LLC,United States,Oregon,New Charleston,Finance,Active,TAX183958,dixonrobert@guerrero-carroll.com,(349)818-0172x260,2022-11-03,2023-10-07,38
267,"Evans, Matthews and Gibson",India,Texas,Hansonview,Manufacturing,Prospect,TAX546815,tammy23@miller.com,+1-916-680-0610x27769,2021-12-08,2022-11-26,57
268,"Li, Jensen and Vazquez",India,Vermont,Ballardland,Semiconductors,Prospect,TAX469685,dereklee@horton.com,972.436.8314,2024-06-13,2024-12-31,36
269,Henderson-Wilson,United States,Georgia,Maynardfort,Semiconductors,Active,TAX803787,heathbrenda@phillips.com,901-566-7998x40767,2024-07-29,2024-12-31,47
270,"Brown, Smith and Ray",United States,Oklahoma,West Patriciachester,Retail,Prospect,TAX267758,nwilson@reed.com,001-637-857-3839x5972,2021-03-05,2021-05-17,78
271,Whitaker-Nunez,United States,West Virginia,Lauraburgh,Healthcare,Active,TAX232361,justincurry@webb.info,767-643-3800,2021-05-18,2021-09-15,47
272,Rhodes-Thompson,India,North Carolina,Port Brycechester,Manufacturing,Active,TAX734487,williamsondavid@tucker.com,001-308-242-8910x77119,2021-11-11,2022-10-24,58
273,"Garcia, Soto and Pitts",Canada,Mississippi,Lake Kelly,Finance,Inactive,TAX900152,fgill@harrell.com,437-360-3754,2021-06-07,2022-03-27,18
274,Watson-Fischer,United States,Mississippi,East Karen,Healthcare,Inactive,TAX781113,icobb@gutierrez-ortiz.info,250.872.0811x55626,2022-07-25,2022-11-29,15
275,Keller Ltd,India,Georgia,Lake Tinahaven,Software,Inactive,TAX642895,robert84@newton.com,392.267.3899x75634,2023-03-04,2023-12-16,16
276,"Cook, Hardy and Singh",India,Florida,Jasonhaven,Finance,Prospect,TAX567951,adrienne20@zamora.org,234-368-1054x851,2022-03-16,2023-01-23,37
277,Evans-Doyle,United States,New Jersey,Tonyashire,Healthcare,Active,TAX228594,michaelmitchell@armstrong.com,858-893-5712,2021-10-05,2021-11-11,58
278,Davis Group,India,Florida,Lewisland,Retail,Inactive,TAX192055,erica69@stone.info,+1-367-576-2282x7728,2024-10-28,2024-12-31,45
279,Kennedy-Francis,Germany,Oklahoma,Sandraville,Manufacturing,Prospect,TAX404466,xrodriguez@roberts.com,(544)470-2296x044,2022-09-07,2022-11-26,23
280,"Burns, Martinez and Bailey",Germany,Arizona,Olsonport,Manufacturing,Active,TAX227257,ymccullough@alvarez-cortez.org,(828)877-7251,2022-02-16,2022-04-28,31
281,Mccullough LLC,Germany,Ohio,Lake Pamelaview,Semiconductors,Inactive,TAX680933,clinejasmine@mccoy.com,+1-281-339-8909x8378,2024-03-18,2024-09-22,60
282,"Mayer, White and Smith",Japan,Indiana,Port Janice,Manufacturing,Active,TAX741674,imiller@flores.com,662-460-8564x11182,2021-06-26,2021-07-29,40
283,Scott Inc,India,Georgia,Stephanieburgh,Retail,Prospect,TAX601916,mendezmark@reeves.biz,552-565-4610,2023-12-13,2024-07-10,53
284,"Willis, Vasquez and Goodwin",Japan,Missouri,West Brucemouth,Semiconductors,Active,TAX432427,bjones@schultz-mcintyre.com,589-413-8249x671,2024-08-08,2024-09-14,58
285,Fernandez-Jackson,United States,Kansas,Aliside,Manufacturing,Inactive,TAX234568,dwilliams@roberts.info,394-665-3984x028,2024-02-04,2024-12-27,76
286,Foster Inc,India,Florida,Natalieborough,Software,Inactive,TAX627290,nicole54@chavez.com,279.250.2097,2021-04-24,2021-06-26,67
287,"Thompson, Peters and Horton",India,New York,Medinaland,Software,Active,TAX438334,staffordlisa@chambers-gomez.biz,+1-256-620-1753x703,2024-12-23,2024-12-31,45
288,"Morse, Howard and Davis",Canada,South Carolina,Lindseybury,Manufacturing,Inactive,TAX987025,tinacoffey@campbell.org,403.561.4987,2021-06-11,2021-10-17,26
289,"Rodgers, Chambers and Morrison",United States,Idaho,New Davidland,Manufacturing,Inactive,TAX231250,jordanhudson@ibarra.com,208.794.8706,2024-07-04,2024-12-06,79
290,Richard-Russell,United States,Delaware,Simpsonhaven,Manufacturing,Prospect,TAX276827,stephensonjeffrey@hull-patel.com,3635519036,2024-04-27,2024-12-31,20
291,Martin LLC,India,California,North Timothytown,Manufacturing,Prospect,TAX734534,mary31@allen-peterson.com,883-719-9717x91100,2022-11-23,2023-09-07,6
292,"Brown, Anderson and Ellison",Japan,New Hampshire,West Cherylchester,Semiconductors,Active,TAX147670,garciabrian@phillips.biz,996-839-9076,2024-08-06,2024-12-31,34
293,"Harvey, Morgan and Pace",United States,Alaska,Holmesshire,Manufacturing,Inactive,TAX748133,danielsmith@jones.org,(584)456-7972,2024-08-01,2024-08-16,64
294,Brown LLC,Japan,Pennsylvania,Palmerstad,Manufacturing,Inactive,TAX773088,brandy82@harrison.com,550-589-2038x8065,2022-09-11,2023-05-16,32
295,"Kerr, Glover and Peterson",Japan,Texas,Nealmouth,Retail,Inactive,TAX411882,melissa95@evans.com,830.433.7933x7563,2023-07-18,2023-08-24,8
296,Cox Inc,India,Minnesota,New Dariusport,Healthcare,Inactive,TAX587002,llee@williams-johnson.com,323-242-5832x3024,2022-02-22,2022-08-15,78
297,"Taylor, Pena and Dyer",India,Michigan,West Stephen,Retail,Inactive,TAX869864,lisa28@keith.com,(533)286-5596,2022-12-09,2023-07-01,17
298,"Matthews, Dickerson and Phillips",Germany,Georgia,Johnview,Manufacturing,Prospect,TAX211341,melissaschmitt@clark-miller.info,+1-991-928-6857x87255,2022-10-16,2023-02-16,60
299,Adams-Morales,India,Pennsylvania,East Jeffreyborough,Healthcare,Active,TAX247720,zroy@torres.org,(754)581-2147,2021-07-18,2021-08-12,38
300,"Williams, Hunt and Rogers",Canada,New Hampshire,Reynoldsstad,Manufacturing,Inactive,TAX360330,ystewart@white.com,+1-315-714-8881x4311,2021-11-24,2022-05-10,74
301,Payne LLC,Germany,Illinois,Johnview,Software,Active,TAX622469,janicebolton@singh.com,956-569-0782x6333,2023-11-21,2024-07-17,64
302,"Matthews, Tran and Harrison",Japan,New Jersey,Latoyamouth,Healthcare,Active,TAX194423,roymcmahon@clark-cole.net,7525924075,2023-03-17,2023-11-30,59
303,Simmons-Goodwin,Canada,Wisconsin,Marktown,Software,Prospect,TAX470037,weekseric@carroll-lloyd.org,001-966-336-1863,2021-04-10,2021-05-05,37
304,Hudson-Hayes,United States,Maryland,East Damonside,Retail,Prospect,TAX593446,antoniobarker@johnson-gonzalez.biz,833-848-1705x8025,2022-08-09,2023-05-10,2
305,Mayo and Sons,Japan,Ohio,Mendozaland,Healthcare,Active,TAX377319,nfriedman@harrell.biz,001-272-499-4938x743,2023-01-20,2023-08-14,47
306,Brown-Ross,India,Kansas,Reneefort,Semiconductors,Prospect,TAX689107,cford@davis.com,001-446-392-6329x676,2022-02-03,2022-08-07,71
307,Hale-Williams,India,Hawaii,Nicoleside,Healthcare,Prospect,TAX572230,elizabeth13@jenkins-gill.com,(911)285-6724x380,2024-02-01,2024-06-23,80
308,Fowler Ltd,United States,West Virginia,Jamesfurt,Semiconductors,Active,TAX201377,randysmith@fletcher.com,+1-277-371-1837x27422,2023-03-18,2023-09-25,44
309,Phillips PLC,United States,West Virginia,Jacksontown,Finance,Active,TAX308727,eric52@klein.net,270.281.6470,2024-05-18,2024-12-31,52
310,Wang-Mcfarland,United States,Mississippi,East Christopher,Semiconductors,Active,TAX243693,ajohnson@hoover-frazier.com,712.520.6815,2022-11-14,2023-07-14,67
311,"Clark, Weaver and Mcmillan",United States,Delaware,East Daniel,Manufacturing,Prospect,TAX246570,glenn65@price.com,949-350-1364,2022-11-03,2023-09-12,41
312,"Herrera, Mooney and Jefferson",India,Hawaii,Susanmouth,Manufacturing,Prospect,TAX983532,xgregory@anderson.com,+1-571-250-9976x83890,2022-09-05,2023-07-05,44
313,"Blake, Martinez and Young",United States,Nevada,New Christopher,Manufacturing,Prospect,TAX613641,nicholasphillips@bennett.com,897.652.4508,2024-12-22,2024-12-31,39
314,Perez Ltd,United States,Michigan,Johnside,Semiconductors,Inactive,TAX447329,knoxelizabeth@solis.com,+1-468-552-7017x130,2024-10-11,2024-12-06,54
315,Davis PLC,United States,Oklahoma,East William,Retail,Prospect,TAX759827,thardy@griffith.biz,(993)344-9734,2021-02-24,2021-12-26,61
316,Sanders-Jackson,India,New Hampshire,Wagnerchester,Retail,Prospect,TAX705693,lorileon@gill.com,001-949-382-8246x74746,2022-04-12,2022-05-08,75
317,Taylor-Harrison,United States,Georgia,North Alexander,Manufacturing,Prospect,TAX856215,travis66@brooks.org,660-716-9236,2024-06-23,2024-12-31,19
318,"Fletcher, Reid and Richardson",Japan,Arkansas,Housebury,Software,Active,TAX700383,timdorsey@mccoy-rhodes.com,897-824-3992x011,2024-12-05,2024-12-31,25
319,"Willis, Santana and Stone",India,Illinois,Martinchester,Finance,Inactive,TAX258787,heather88@tanner.com,495-924-3640,2023-04-26,2024-04-13,27
320,Davis Ltd,United States,Nebraska,Penachester,Manufacturing,Inactive,TAX989587,gregorylopez@gonzalez.net,679-832-3023,2021-05-08,2022-05-04,18
321,Sims-Weber,United States,South Dakota,North Kelly,Manufacturing,Inactive,TAX794395,emartinez@johnson-young.info,+1-610-904-0901x38069,2023-09-07,2024-06-02,49
322,Sherman-Munoz,India,Michigan,Evelynmouth,Software,Inactive,TAX659024,lisa56@bishop-hester.com,607-562-0918,2022-12-03,2023-09-08,46
323,Hayes-Parks,United States,New Mexico,Kellertown,Retail,Prospect,TAX774558,allen50@nguyen.biz,001-291-456-7164x9328,2024-11-20,2024-12-31,79
324,Robles-Turner,United States,Utah,Jacksonmouth,Software,Inactive,TAX685196,olsonamber@lewis.com,960-325-6434,2022-09-04,2022-12-28,39
325,"Taylor, Nichols and Swanson",Germany,Colorado,Monicashire,Retail,Active,TAX823769,schneidernicholas@paul.net,(733)441-4111x59319,2024-12-14,2024-12-31,41
326,Finley-Ray,United States,Alabama,Bryanside,Manufacturing,Prospect,TAX386741,melaniewhitney@wise-salinas.com,999.431.6087x52437,2022-08-13,2022-10-14,74
327,"Campbell, Burgess and Sweeney",United States,Vermont,New Lukehaven,Healthcare,Inactive,TAX958130,hillmelanie@mendoza.biz,6524330276,2022-12-08,2023-02-20,38
328,Kelley LLC,India,Nevada,Mooneyfurt,Retail,Active,TAX463188,ujones@campbell-leblanc.net,(612)459-0472x9277,2023-06-25,2024-05-25,33
329,Robinson Ltd,Germany,Illinois,West Jessicashire,Software,Active,TAX968170,gregoryvanessa@bennett.com,8154720185,2024-01-09,2024-05-26,72
330,"Sharp, Sanchez and Wilson",United States,Montana,Turnerburgh,Software,Active,TAX745584,yparsons@barrett.biz,975-601-1117x830,2024-04-16,2024-08-16,32
331,"Mcgee, Bauer and White",India,New Mexico,Evansberg,Manufacturing,Active,TAX768933,nguyenjennifer@lopez.net,+1-387-418-9813,2022-04-22,2022-05-18,13
332,"Neal, Smith and West",United States,Massachusetts,North Davidborough,Retail,Inactive,TAX205428,christopherscott@miller.net,458-926-0340x8487,2024-10-27,2024-12-31,1
333,"Edwards, Bartlett and Shea",Canada,Rhode Island,Lake Corey,Software,Inactive,TAX784607,youngjacob@chase-lewis.com,+1-683-895-4296x184,2023-09-02,2024-05-03,26
334,"Mckee, Ross and Miller",Germany,Kentucky,Bentleyberg,Finance,Inactive,TAX399279,chadoconnor@terry.net,+1-326-325-6609x314,2024-08-15,2024-09-14,12
335,"Kelley, Jones and Bowman",United States,Mississippi,Kimberlyberg,Software,Prospect,TAX874568,joshuagarcia@gray.com,(684)697-1859,2021-03-18,2021-06-15,54
336,"Garcia, Williams and Stewart",Japan,Wisconsin,Whiteside,Software,Active,TAX976822,iwoods@smith-palmer.com,+1-722-969-4053x96727,2023-03-25,2023-12-03,24
337,"Mitchell, Cisneros and Meyer",Canada,Virginia,West Cynthia,Finance,Active,TAX109717,mezarichard@bruce-walters.com,001-431-929-0148x7068,2022-09-04,2023-06-21,78
338,Robertson-Cuevas,India,Ohio,South Alexanderborough,Finance,Inactive,TAX576419,kleinjacqueline@reed.net,+1-290-897-2832x15285,2024-08-06,2024-12-31,68
339,Gray-Brooks,United States,Delaware,Robinbury,Software,Prospect,TAX590755,robertstimothy@lewis-rojas.org,(734)680-7970x5097,2022-07-13,2022-10-19,15
340,Rodriguez-Bailey,India,Washington,South Michael,Retail,Inactive,TAX779776,jordanjames@robertson.info,8244376545,2022-06-11,2022-09-14,2
341,"Cain, Rodriguez and Gonzales",Germany,New Hampshire,East Michael,Finance,Prospect,TAX807160,tsmith@rodriguez.com,(366)850-2374,2022-01-31,2022-04-30,79
342,Pierce-Marsh,Japan,Virginia,West Karen,Healthcare,Inactive,TAX640310,vshaw@anderson-rosario.com,(225)880-3056,2022-11-03,2022-12-17,52
343,Roberts-Tucker,United States,Wisconsin,Wrightberg,Software,Active,TAX600646,johnwang@gamble-wright.biz,571.389.2392,2022-10-25,2023-03-01,1
344,Morales LLC,India,Illinois,South Andres,Software,Inactive,TAX890371,christopherwilliams@warren-graves.com,356.670.8604,2022-07-01,2022-12-16,39
345,Ramirez-Bell,United States,Nebraska,West Patty,Manufacturing,Active,TAX374258,blakewilliams@morris.org,362-247-5541,2024-08-31,2024-12-31,31
346,"Arnold, Atkins and Rivera",India,West Virginia,Juliashire,Semiconductors,Inactive,TAX421709,john43@cruz.org,709-633-7118,2021-11-24,2022-06-19,65
347,"Wells, Juarez and Ferguson",Canada,Georgia,East Jamesside,Retail,Inactive,TAX823821,patricia85@west-love.biz,476-688-0294,2021-08-29,2022-07-22,38
348,Sosa Inc,India,Vermont,Lake Lisa,Software,Active,TAX240057,gcohen@martin.biz,+1-566-294-3202,2023-09-07,2023-11-24,59
349,"Gibson, Zimmerman and Warren",Germany,Maryland,West Jeanette,Manufacturing,Inactive,TAX536045,jacksonbrandon@carter.com,724-303-3810x595,2024-12-08,2024-12-31,61
350,"Henson, Baker and Anderson",Germany,South Carolina,Markton,Retail,Active,TAX898867,hollowayjeffrey@thompson-bonilla.net,+1-891-464-9837x35439,2022-05-22,2023-05-05,77
351,Hall-Barber,Japan,Mississippi,South Clayton,Semiconductors,Prospect,TAX568449,stephenochoa@lopez.com,+1-540-942-2693x1216,2023-12-18,2024-12-12,47
352,"Waller, Garcia and Rose",India,Washington,New Coryfurt,Manufacturing,Active,TAX164758,rodriguezalexander@michael.com,(490)901-8513,2024-01-27,2024-10-11,26
353,"Stafford, Ochoa and Parker",United States,New Mexico,East Brian,Software,Active,TAX444056,courtney10@garcia.com,362.903.0366x25436,2023-12-02,2024-07-15,15
354,Ewing and Sons,United States,Connecticut,Michaelmouth,Retail,Prospect,TAX612573,wardsandy@huang.com,(668)759-2624,2021-07-06,2022-03-24,58
355,Nelson Group,Japan,Texas,Sarahland,Healthcare,Active,TAX638179,hensleytiffany@thomas.info,419-864-2152,2023-05-01,2023-12-20,73
356,Flores-Coleman,India,Vermont,Guzmanmouth,Healthcare,Prospect,TAX946112,leahvaldez@reyes.info,+1-887-588-3619,2022-09-24,2022-10-05,51
357,"Miller, Ward and Harris",India,Alaska,Angelaberg,Semiconductors,Prospect,TAX328486,brownmichael@phillips.net,(333)930-2126x06501,2024-03-30,2024-05-06,6
358,"Harrell, Johnson and Diaz",United States,Colorado,North Alexander,Retail,Active,TAX667451,lhernandez@manning-adkins.com,465.270.4120x0928,2021-05-04,2021-06-08,61
359,Wall-Frazier,India,New Jersey,Samanthahaven,Healthcare,Active,TAX906325,jenna62@dudley-boyd.com,001-736-890-3628x9177,2021-10-05,2022-08-29,54
360,Martin-Pratt,India,Tennessee,Leeville,Healthcare,Inactive,TAX495833,millercarrie@johnson-campbell.net,213-590-4383,2023-02-09,2023-03-22,70
361,Miller-Hudson,India,Arizona,Williamsmouth,Finance,Active,TAX287143,hardingalan@walton-benjamin.net,356.452.1568,2024-01-06,2024-07-25,68
362,Matthews Group,India,New Mexico,West Evanmouth,Software,Active,TAX892911,mcclurechristopher@hall.com,001-228-889-8572x54596,2021-02-16,2021-07-18,60
363,Clark PLC,United States,Rhode Island,East Ashleyfort,Manufacturing,Inactive,TAX657772,ballarddouglas@payne-novak.com,317.452.4214x9551,2023-02-16,2023-06-13,32
364,"Ingram, Scott and Kennedy",United States,Kentucky,Santosberg,Software,Inactive,TAX297636,bonillatracy@trevino-morales.org,+1-227-558-9551x68740,2021-08-20,2021-09-05,54
365,"Nicholson, Smith and Farrell",United States,Maine,Moorefurt,Semiconductors,Active,TAX316092,walkermorgan@davis.info,312-716-6365,2021-05-18,2021-07-08,77
366,Davies-Tucker,India,Vermont,Wilsonmouth,Manufacturing,Prospect,TAX837449,gardnerstacy@bowman.org,5962056730,2021-04-10,2021-08-13,6
367,"Henderson, King and Thompson",United States,Georgia,West Richardport,Software,Prospect,TAX327823,hsavage@caldwell.com,9169542356,2021-04-26,2021-07-06,65
368,"Barker, Martin and Horton",Canada,Minnesota,Morrowside,Software,Prospect,TAX704095,christiancontreras@thomas.com,2279275164,2022-10-16,2023-08-07,77
369,Walters Ltd,Germany,Pennsylvania,North Jefferyborough,Finance,Active,TAX416422,xhorton@burke.com,339.905.5044,2021-10-21,2022-09-24,67
370,"Duarte, Gutierrez and Bell",India,Ohio,Millsmouth,Finance,Inactive,TAX163918,housestephen@thompson-larson.net,(964)364-9111x10961,2024-02-15,2024-12-13,23
371,"Wallace, Perkins and Johnson",United States,Maine,Lewismouth,Healthcare,Prospect,TAX619696,ewilson@bell.biz,+1-860-253-8444x4630,2021-04-07,2021-09-30,49
372,Johnson LLC,Germany,North Dakota,Matthewshire,Finance,Prospect,TAX536548,zallen@jensen.com,001-862-562-6582,2023-04-17,2023-07-02,39
373,Mckinney and Sons,India,North Carolina,Lake Barbarafurt,Manufacturing,Inactive,TAX352673,mary25@davis.biz,2924098196,2022-04-07,2022-09-07,19
374,Walters-Strickland,Japan,Idaho,Lake Rachael,Semiconductors,Prospect,TAX532723,james36@hopkins-hill.com,+1-309-311-7911x2442,2023-05-04,2024-02-13,68
375,Kirk-Durham,India,Indiana,Garciatown,Software,Inactive,TAX313214,ojones@clark.biz,272-424-0299x01557,2022-11-08,2023-10-05,11
376,"Harmon, House and Lee",Canada,Alaska,New Williamberg,Finance,Active,TAX661654,michellewilson@johnson.com,624-947-3158,2022-01-26,2022-02-21,35
377,"Lamb, Graham and Potts",India,Illinois,Geraldview,Manufacturing,Prospect,TAX141468,ygarcia@collins.info,(776)394-5919x66395,2021-05-30,2021-09-03,76
378,Jackson-Johnson,Germany,North Carolina,Brendaport,Manufacturing,Active,TAX602681,raymond12@jordan-lopez.com,235-752-5105,2022-03-04,2022-08-21,39
379,Marshall LLC,Canada,Iowa,South Justinborough,Semiconductors,Active,TAX299254,dakotaramirez@shah.org,+1-366-355-3307x7046,2021-08-29,2022-05-01,32
380,Jackson-Murphy,United States,Missouri,New Andrew,Retail,Active,TAX515898,schneidermelissa@buck.com,(708)780-5017x1644,2022-05-06,2023-02-12,42
381,Miller-Hampton,Germany,New York,South Kennethmouth,Healthcare,Inactive,TAX659572,hallison@pace-garcia.com,5027156321,2024-08-21,2024-12-31,40
382,"Mayo, Villa and Parrish",India,Kentucky,North Brandonport,Manufacturing,Inactive,TAX588640,bakerhailey@nelson-jackson.com,001-371-525-2967,2021-07-21,2022-03-18,41
383,"Woods, Henry and Ramirez",Canada,Wyoming,Perezview,Finance,Inactive,TAX534037,jennifer58@keller.com,001-311-770-3037x637,2021-04-04,2022-01-17,29
384,Cervantes PLC,Germany,North Carolina,Kathleenport,Semiconductors,Inactive,TAX680189,grios@sloan.com,(379)483-6314x6249,2024-04-11,2024-12-31,54
385,Walter-Mcgee,India,Kansas,South Jacobtown,Software,Inactive,TAX341192,cstanley@baker-mcintosh.com,(763)326-8685x074,2023-02-17,2023-12-05,32
386,Wong Ltd,United States,Nevada,West Jaime,Retail,Prospect,TAX453961,brookemoreno@stone-rodriguez.com,+1-631-531-0094x3181,2022-06-12,2023-02-17,63
387,"Lyons, Sullivan and Long",United States,Iowa,Tylerburgh,Retail,Inactive,TAX277487,michaelroberts@roberts.org,843.725.1225x7207,2021-10-14,2022-07-20,63
388,Thompson LLC,India,California,Lake Kathleen,Manufacturing,Prospect,TAX161585,wheelertara@smith.com,3946388221,2023-12-10,2023-12-27,10
389,"Rogers, Henry and Bell",Canada,Ohio,Elizabethview,Retail,Active,TAX901467,stephen54@cook.org,814.780.2632x5703,2021-01-14,2021-08-13,18
390,Garner and Sons,Japan,Missouri,West Natalieside,Software,Active,TAX841521,harcher@baker.com,969-764-4309x85916,2021-11-06,2021-11-10,28
391,Rodriguez-Smith,United States,Utah,South Erin,Finance,Active,TAX747847,cindy24@roberts-marsh.com,203.249.1074x065,2024-07-30,2024-12-31,79
392,Taylor-Koch,Canada,North Carolina,North Jennifer,Retail,Inactive,TAX116495,wendygonzalez@hull.com,466.861.4494,2021-01-14,2021-10-13,71
393,"Liu, Brock and Taylor",United States,Wyoming,West Derek,Semiconductors,Prospect,TAX857273,kevinmiller@ho.biz,828-975-8575,2022-07-17,2023-04-17,37
394,Ali-Murray,India,Oklahoma,Port Robertberg,Retail,Prospect,TAX551488,kristin98@martinez-daniels.org,306-726-0787x0104,2022-01-03,2022-02-26,13
395,"Davis, Roberts and Olson",United States,Michigan,North Joyhaven,Software,Active,TAX749887,mileszachary@yang.com,340-579-3110x2918,2023-12-15,2024-04-22,46
396,Garcia Inc,India,North Carolina,Myersville,Healthcare,Active,TAX491172,richard23@green.org,562-902-2328,2023-04-12,2023-12-03,73
397,Roberts-Contreras,India,Pennsylvania,Richardsonview,Retail,Active,TAX414546,zcruz@marshall.com,2479196094,2024-11-01,2024-12-12,5
398,Odonnell LLC,India,Florida,Khanmouth,Healthcare,Inactive,TAX679549,albert25@foley.net,(381)922-5957x2446,2023-09-02,2023-09-30,2
399,Estes-Obrien,Germany,Idaho,Davidmouth,Semiconductors,Inactive,TAX986392,breanna61@johnson.com,411.877.5331,2023-06-08,2024-05-03,43
400,Nielsen-Brown,United States,Kentucky,North Melanieland,Semiconductors,Prospect,TAX144618,mhines@pittman.info,(829)583-3477x4332,2022-04-16,2022-08-02,73
401,Perkins Ltd,United States,Texas,East Arthurberg,Semiconductors,Active,TAX817675,wardricky@lin.net,833.897.8559x8217,2022-07-29,2023-05-03,73
402,Carroll and Sons,United States,North Dakota,Craigfort,Software,Inactive,TAX116418,brettfernandez@walker.com,(851)224-1893x8984,2022-03-01,2022-12-26,19
403,"Terry, Rodriguez and Ruiz",Germany,Kentucky,North Matthewview,Retail,Inactive,TAX180674,matthewhubbard@harris.com,001-903-471-9905x16991,2022-09-05,2022-11-27,73
404,Cummings-Garcia,India,New York,Lake Michael,Healthcare,Prospect,TAX666820,oturner@velazquez.com,+1-496-808-7066,2022-11-11,2023-05-26,18
405,"Simmons, Taylor and Kim",Germany,South Carolina,Michaelmouth,Retail,Prospect,TAX182237,phull@davis.com,(789)700-3010x27240,2023-10-23,2024-04-17,7
406,"Rios, Sanchez and Carter",India,Rhode Island,Mendozaville,Software,Active,TAX457137,jonesshawna@simpson.com,774.358.4384,2024-05-24,2024-12-31,77
407,Reed Group,India,Virginia,Ramirezborough,Finance,Active,TAX764926,maureenmeyer@harmon-clark.com,001-820-637-7107x0449,2022-07-14,2023-03-01,63
408,Brown PLC,India,Missouri,Smithfurt,Manufacturing,Inactive,TAX552825,owallace@gray.biz,+1-604-508-5095,2022-01-16,2022-12-30,75
409,Peterson PLC,United States,Nevada,Pattonton,Semiconductors,Prospect,TAX409727,transtephanie@mitchell.biz,001-298-642-6732,2022-05-20,2023-05-20,10
410,"Tapia, Miller and Wright",India,Ohio,Matthewfurt,Software,Inactive,TAX846247,gilbertmichael@king.com,949-254-2770,2024-07-22,2024-10-08,50
411,Johnson-Howard,India,South Dakota,South Brian,Semiconductors,Active,TAX105447,hillcheryl@ashley-alexander.com,001-944-772-3229x03102,2022-09-24,2023-05-09,47
412,Tran and Sons,Germany,Arkansas,Theresatown,Semiconductors,Active,TAX191537,amber09@bailey.net,618.413.3595x616,2022-01-19,2022-08-27,58
413,Nguyen LLC,United States,Michigan,Merrittstad,Manufacturing,Inactive,TAX208310,sdunlap@johnson.com,001-701-593-5889,2021-02-23,2021-04-09,46
414,Rivas-Johnson,United States,Washington,South Kathryn,Manufacturing,Prospect,TAX922543,friedmansusan@cunningham.net,001-568-618-0978x8754,2022-10-27,2023-05-12,2
415,Murphy LLC,India,Iowa,Edwardsville,Healthcare,Active,TAX860053,seanrosario@cox-bell.net,457-593-7639,2024-02-20,2024-06-23,74
416,Craig-Wade,United States,Rhode Island,Lauramouth,Retail,Inactive,TAX277735,david66@lucero.com,(370)421-6487,2021-10-12,2022-02-26,39
417,Bass Inc,India,Vermont,North David,Software,Active,TAX275329,wstrong@morales.com,001-941-855-9991x015,2023-06-10,2023-10-29,54
418,"Cole, Davenport and Roberts",India,New Mexico,Lake Isaac,Semiconductors,Inactive,TAX363926,hernandezalan@wood.info,(289)841-3475,2022-05-21,2023-04-06,64
419,Morris-Flores,United States,Idaho,North Lisa,Software,Inactive,TAX212168,russellramirez@edwards.com,377-532-4491x342,2021-10-05,2022-03-09,1
420,"Roberson, Fischer and Johnson",Canada,Arizona,North Tracy,Finance,Prospect,TAX498343,woodjuan@simmons.info,511-376-7412x4151,2022-11-06,2023-06-19,43
421,Moore-Rogers,United States,New Jersey,Lake Haileyton,Retail,Prospect,TAX242736,tgarcia@stewart.com,+1-903-629-6334x7272,2022-09-08,2023-02-19,78
422,Gonzalez Inc,Canada,North Dakota,North Ryan,Software,Inactive,TAX429445,ngrant@thompson.biz,+1-793-957-8243x4776,2021-12-30,2022-07-21,41
423,Davis-Rodriguez,India,Wisconsin,Robertmouth,Retail,Prospect,TAX614858,john61@marshall.com,(562)877-9630x448,2024-03-25,2024-07-27,42
424,Hart LLC,India,Kentucky,Robertmouth,Healthcare,Inactive,TAX219420,dross@washington-robinson.com,276-239-2831x9952,2024-02-29,2024-06-10,76
425,Davis-Bush,Canada,Minnesota,Lake Brandonborough,Software,Prospect,TAX904905,amanda28@heath-perez.com,(856)938-3000x818,2024-02-01,2024-02-14,60
426,Moore LLC,Canada,Alaska,Lake Kelsey,Software,Inactive,TAX936433,arthurbrady@rios-anderson.com,411-386-0089,2022-08-20,2023-08-09,9
427,"Chapman, Myers and Decker",Japan,Maryland,Ronaldtown,Healthcare,Prospect,TAX623557,joshua31@costa-johnston.biz,261-936-8474x8836,2021-10-13,2022-09-02,39
428,"Long, Watson and Payne",India,Connecticut,Walkertown,Retail,Active,TAX849979,cwise@woods-rodriguez.com,921-518-2379x31269,2023-05-17,2023-11-26,10
429,Saunders LLC,United States,Nebraska,Joyberg,Manufacturing,Inactive,TAX710527,morrisannette@savage-adams.com,001-887-387-5357x78811,2023-04-01,2023-12-30,65
430,Martinez-Smith,Canada,North Dakota,East Jamesville,Retail,Inactive,TAX670053,mccluretyler@pratt.net,(460)641-6448x59592,2021-03-17,2021-09-17,69
431,"Cohen, Lang and Crane",United States,Mississippi,Thomasborough,Semiconductors,Active,TAX906306,sara22@espinoza.com,(971)704-3318,2022-05-24,2023-04-25,46
432,Brown Group,India,Rhode Island,North Michael,Manufacturing,Active,TAX690579,michaelsmith@hill.org,001-545-696-4883x1921,2024-08-14,2024-12-31,52
433,Baker Inc,Canada,Florida,Riverashire,Finance,Inactive,TAX211090,tammy97@jackson.com,292-422-7051,2021-01-22,2021-03-13,34
434,"Aguirre, Coleman and Ruiz",India,Maryland,East Annfurt,Retail,Prospect,TAX685098,wmccarthy@roberson-stewart.com,+1-832-742-6877x418,2024-04-03,2024-12-31,74
435,Johnson LLC,India,New Jersey,Jessicaborough,Finance,Inactive,TAX585556,patrickwhite@cowan.com,6942515480,2024-10-23,2024-12-31,65
436,"Hill, Mendoza and Williams",India,Vermont,Joshuaton,Semiconductors,Inactive,TAX209627,roysara@chen.net,805-309-2221,2022-08-29,2023-03-29,11
437,Ramos Ltd,India,Arkansas,Connorside,Retail,Active,TAX465249,tonya39@smith.com,001-429-658-0660x138,2022-10-01,2023-03-25,59
438,Thompson Inc,Germany,Louisiana,Lake William,Manufacturing,Inactive,TAX465219,cynthiawilkinson@collins.com,357-491-9711,2023-09-03,2023-10-22,57
439,"Miller, Stewart and Sims",Germany,Alaska,Port Alex,Healthcare,Inactive,TAX170437,steven34@may.com,506-442-4295x6334,2022-09-07,2022-09-29,15
440,Green-Gonzales,India,Colorado,Kellystad,Finance,Prospect,TAX214675,kelsey87@mcdaniel.org,(328)593-6543x5884,2024-10-18,2024-12-31,32
441,Robinson-Green,United States,Delaware,South Donald,Manufacturing,Active,TAX447067,nathan69@morris.com,6264755125,2024-02-21,2024-09-26,60
442,Payne-Walton,India,New Hampshire,Watkinschester,Healthcare,Prospect,TAX293411,pwells@cummings-burke.info,+1-464-403-8166x49690,2022-01-17,2022-12-10,56
443,Tanner-Sanford,India,North Dakota,New Karen,Retail,Prospect,TAX306909,elizabethkramer@waller.com,(476)527-0232x441,2023-07-10,2024-05-08,55
444,Kim Ltd,India,Kansas,Lake Angela,Retail,Active,TAX315780,adam25@ruiz.biz,001-737-667-3162x526,2022-07-25,2023-07-20,9
445,"Cross, Coleman and Long",United States,California,Tracyshire,Manufacturing,Active,TAX483561,walkercharlotte@wood.net,2995613273,2022-10-30,2023-02-07,59
446,Graham-Morgan,India,Tennessee,South Edward,Retail,Inactive,TAX653349,paul70@mullen-fisher.com,(881)971-5160x2529,2024-08-01,2024-12-31,77
447,Tucker Ltd,India,Montana,Wiseport,Healthcare,Prospect,TAX219781,ogreen@munoz.net,(275)785-1268x612,2022-12-14,2023-06-12,59
448,"Lawrence, Gonzalez and Hess",United States,Washington,Grahammouth,Retail,Prospect,TAX939503,bill77@williams-greene.com,965-740-8424x560,2022-09-02,2023-07-13,76
449,Fields-Larson,India,Minnesota,New Joannabury,Software,Inactive,TAX223586,christopherdavis@thomas.com,393.889.7015x502,2022-05-04,2022-10-07,15
450,"Baird, Miller and Pennington",India,West Virginia,Robertotown,Retail,Active,TAX635638,stephaniescott@newton.com,794.949.8830,2023-03-07,2023-10-07,77
451,Hodges Group,India,Louisiana,West Walter,Healthcare,Inactive,TAX294776,jacobsrenee@mitchell.biz,+1-624-947-9513x30531,2023-09-24,2024-08-14,69
452,"Fisher, Larson and Weaver",United States,New Mexico,West Matthewstad,Retail,Active,TAX681868,vhernandez@clark-wolfe.biz,660-691-7851x385,2021-12-08,2022-08-15,37
453,Hayes-Mcdonald,India,Georgia,New Michael,Finance,Inactive,TAX749498,wperry@potter.net,001-373-668-2691x1633,2021-04-20,2021-10-20,2
454,Hancock Ltd,United States,Montana,Bellborough,Software,Inactive,TAX688861,rlester@townsend-mccoy.com,288.763.6774x72264,2023-11-02,2024-10-01,64
455,Douglas-Vega,United States,Connecticut,Carpenterchester,Healthcare,Inactive,TAX844638,ojenkins@montgomery.org,+1-981-399-6059x329,2023-06-29,2024-03-05,22
456,Johnson-Guzman,India,Tennessee,Arnoldborough,Semiconductors,Active,TAX406278,stephensharp@thompson.com,924-310-3977x39732,2021-03-08,2021-07-26,29
457,"Massey, Wiggins and Stout",United States,Kansas,Bowenland,Software,Inactive,TAX693127,goodmanevelyn@camacho-cowan.biz,964-281-9807,2023-10-12,2024-07-19,66
458,Cain-Clayton,India,Washington,West Reginaldhaven,Semiconductors,Inactive,TAX912764,hpatterson@thomas.org,001-912-956-5237x34151,2024-01-18,2024-07-23,70
459,Sherman LLC,Japan,Maine,Riveramouth,Semiconductors,Prospect,TAX562806,ashley90@hernandez.com,959.954.4294,2024-01-24,2024-05-14,55
460,"Phillips, Manning and Neal",India,Georgia,Micheleview,Retail,Active,TAX412170,anthonylewis@hernandez-smith.com,001-788-867-9252x9858,2021-03-08,2021-10-24,34
461,Wong-Harrell,India,New Mexico,South Penny,Semiconductors,Inactive,TAX223088,barnettcalvin@parker.com,791-235-7790x833,2022-05-01,2022-08-16,76
462,Sims-Crane,United States,North Carolina,West Angelaside,Retail,Prospect,TAX763508,wallerbrian@mills.com,001-333-472-0948x413,2023-05-27,2023-08-19,79
463,"Turner, Clark and Sanchez",India,Wisconsin,Marshallside,Software,Active,TAX944565,florescynthia@mendoza.com,331.989.3974x9096,2021-05-02,2022-02-17,45
464,"Lee, Shaffer and Mendez",United States,New Jersey,West Karenview,Manufacturing,Prospect,TAX276556,vwelch@webb.com,+1-435-948-8471,2022-10-25,2023-10-20,38
465,Flores PLC,India,New Mexico,Martinland,Finance,Prospect,TAX812296,gchambers@peterson-mcdaniel.com,913.334.8458,2021-07-15,2021-09-22,53
466,"Evans, Lynch and Duncan",Canada,Georgia,Ericfurt,Finance,Prospect,TAX233051,melissabishop@nguyen.info,+1-796-943-4745x2455,2024-12-07,2024-12-31,32
467,Coleman-Long,India,Nebraska,Port Shelbyton,Finance,Active,TAX898462,zgomez@proctor.com,001-533-544-5056x658,2024-10-16,2024-12-31,63
468,"Shaw, Gates and Rodriguez",India,Kansas,West Jennifer,Retail,Inactive,TAX758309,ccrane@price.com,699-360-1054x857,2023-04-29,2023-11-07,58
469,Taylor-Brady,India,Massachusetts,Hollowayberg,Semiconductors,Inactive,TAX640659,audrey81@sanchez-armstrong.com,+1-584-402-1557,2022-07-24,2023-07-14,48
470,Mcdonald-Murray,United States,Michigan,Lake Teresa,Healthcare,Inactive,TAX710224,jonathan02@may.biz,908.608.5096x0858,2021-01-06,2021-02-22,59
471,"Cook, Jones and Jones",United States,Colorado,New Erichaven,Retail,Inactive,TAX991401,berrytaylor@kaiser.biz,277-825-1295x786,2021-05-10,2022-02-07,51
472,"Carter, Hanson and Price",India,Alabama,West Ronald,Healthcare,Active,TAX618746,melissa95@ellis.org,(292)432-3421x089,2022-07-04,2022-12-16,37
473,"Bailey, Jones and Harrell",India,Iowa,East Kevin,Manufacturing,Active,TAX693643,oritter@barton.com,516.807.3607x763,2023-09-21,2024-03-14,7
474,"Olsen, Davis and Thompson",India,Pennsylvania,East Katherineville,Retail,Inactive,TAX117072,wyang@cowan.com,757.648.1700x66615,2021-09-12,2021-12-01,57
475,Hamilton Ltd,United States,Maryland,Lake Christopher,Healthcare,Active,TAX822040,bliu@blair-merritt.com,(932)290-2822,2021-09-28,2022-08-26,39
476,Carlson and Sons,India,West Virginia,Nathanchester,Finance,Active,TAX786385,robertthompson@sanford.com,(212)207-3465x495,2023-01-09,2023-05-17,11
477,Johnson-Ruiz,India,West Virginia,South Brandon,Retail,Active,TAX154302,ufarmer@jackson.com,461-217-7687,2023-03-23,2024-02-06,40
478,Alvarez-Lam,Germany,Kentucky,West Diana,Software,Inactive,TAX787326,summer17@goodman-christian.com,(638)322-3116,2021-07-06,2022-07-01,13
479,Perez and Sons,India,Washington,Markmouth,Healthcare,Active,TAX239145,kathleen25@brooks-thomas.com,001-960-932-0203x2650,2024-04-30,2024-08-23,67
480,Lopez-Kane,United States,Oregon,Hayesborough,Semiconductors,Active,TAX829386,ihowell@wilson-ramirez.net,852-245-7871x58415,2022-12-05,2023-02-04,55
481,"Martinez, Perez and Ellis",United States,Delaware,New Jenniferberg,Healthcare,Active,TAX340068,kurt68@burch.com,(283)723-0358x9298,2023-02-24,2023-04-10,14
482,"Hall, Valentine and Schmidt",India,Mississippi,North Erin,Finance,Inactive,TAX243790,meganpotter@fernandez.biz,940.764.6867,2023-02-23,2023-05-02,19
483,Griffith LLC,India,Alabama,West Jeanetteport,Manufacturing,Active,TAX739966,sandraaustin@brown.com,(572)536-2669,2024-08-24,2024-11-16,57
484,Jones-Richmond,India,Louisiana,South David,Software,Prospect,TAX884616,jamiethomas@hodges-smith.com,348.719.7374x18972,2021-11-07,2022-06-05,79
485,Herring-Williams,United States,Kentucky,Lake Stevenshire,Software,Active,TAX205345,nancyholt@blake-walker.com,399-653-7660,2021-10-14,2021-12-16,76
486,"Oconnor, Conway and Bowman",Germany,Michigan,Estradaview,Finance,Inactive,TAX429780,christopher17@willis.org,(341)378-9969x86091,2021-10-14,2022-02-17,36
487,Levy and Sons,United States,Mississippi,Ochoaton,Software,Prospect,TAX730193,deborah77@boyer.biz,+1-703-792-0514x60745,2024-05-13,2024-12-31,37
488,Hill Inc,Germany,Massachusetts,Lyonsview,Retail,Active,TAX989079,jasontownsend@wong.com,915.459.8354x1165,2024-09-10,2024-12-31,27
489,Harris-Chase,United States,New York,Matthewmouth,Manufacturing,Active,TAX884170,kari25@rodriguez.com,684.488.2691x31196,2023-03-14,2023-08-12,7
490,"Peterson, Gomez and Anderson",Germany,Missouri,Port Stephanieport,Software,Inactive,TAX504630,nguyenjeffrey@sanchez.com,2736333732,2021-08-19,2021-12-20,64
491,Oconnell PLC,United States,New Mexico,Perryside,Semiconductors,Prospect,TAX112653,robertabbott@ross.biz,001-745-546-5535x8512,2023-01-10,2023-06-21,17
492,"Riley, Davis and Lowery",India,North Carolina,Nicholsville,Manufacturing,Inactive,TAX483162,jenniferrobbins@bray.com,001-407-297-7961,2024-01-24,2024-12-31,23
493,"West, Santos and Huang",Germany,New Mexico,North Evelyn,Semiconductors,Active,TAX715895,blevinsjoshua@valentine-luna.org,862.463.7484x5398,2021-05-19,2021-05-26,34
494,"Baird, Matthews and Huffman",India,South Carolina,Lake Karenshire,Semiconductors,Inactive,TAX631219,hamptonchad@moreno.com,001-833-892-2071x5116,2022-08-10,2023-06-27,65
495,Horton-Taylor,Germany,Michigan,North Larry,Healthcare,Prospect,TAX521818,jasminekoch@davis-green.com,251.257.1840,2021-06-18,2022-05-11,69
496,"Brooks, Jackson and Stuart",United States,North Dakota,North Markport,Software,Inactive,TAX187657,marshashley@villarreal-sosa.com,+1-997-428-3512x9592,2022-09-27,2022-11-06,66
497,"Hernandez, Fuentes and Johnson",Canada,Arizona,Port Sarahport,Software,Prospect,TAX442622,baileyhenry@jackson.com,+1-457-586-7181x535,2023-03-12,2024-01-06,9
498,Lopez-Powell,India,Minnesota,South Lisashire,Healthcare,Prospect,TAX987586,abbottchristopher@flores.net,368.934.5273x46666,2022-05-04,2022-06-02,32
499,Henry LLC,India,Oklahoma,Lynchport,Healthcare,Active,TAX575394,xgay@townsend-hale.net,2312499825,2024-06-07,2024-12-31,8
500,Rasmussen Group,India,Illinois,Tamaraton,Retail,Prospect,TAX876636,hrodgers@hicks.com,517.223.5137,2021-12-26,2022-02-25,2
501,Weeks and Sons,Germany,Vermont,West Adambury,Retail,Active,TAX271790,tracey63@lowery-morales.com,(693)894-6943,2023-10-14,2024-04-08,67
502,"Smith, Colon and Bennett",United States,Illinois,Kingtown,Retail,Inactive,TAX275073,xwilliams@anderson-norris.com,+1-611-627-1285x2464,2023-02-01,2023-04-06,35
503,"Green, Juarez and Foster",Germany,Illinois,New Meghanborough,Semiconductors,Active,TAX451284,apriljohnson@rodriguez-perez.biz,(911)236-9572,2023-05-30,2023-10-16,68
504,"Peck, Wang and Lopez",India,Indiana,Bradleytown,Retail,Prospect,TAX758015,matthewclements@bell.com,(362)548-1323x5707,2021-06-07,2022-02-16,59
505,"Rice, Hawkins and Thomas",United States,Massachusetts,North Gailchester,Semiconductors,Inactive,TAX694423,montgomerygeoffrey@wood-thomas.com,+1-330-260-9069x13098,2021-12-08,2022-06-14,21
506,"Holloway, Alvarez and Duncan",India,Missouri,Ginafurt,Semiconductors,Prospect,TAX806866,pkent@henry.info,227.885.3242x6425,2021-08-25,2021-12-19,66
507,Thomas-Stevens,India,Virginia,South David,Semiconductors,Active,TAX148215,jared66@murray-chavez.biz,555.756.2833x339,2023-08-25,2024-02-27,50
508,Kelley-Gallagher,Canada,Nebraska,Dawnborough,Software,Active,TAX679720,gthomas@pearson.org,(803)435-8268x62703,2024-09-04,2024-12-31,29
509,Terrell-Becker,India,Wyoming,Lake Richard,Healthcare,Prospect,TAX435476,edwardstewart@parrish.info,799-580-1110x00515,2022-07-10,2022-08-18,74
510,"Hernandez, Lewis and Pittman",India,Mississippi,Brandymouth,Manufacturing,Prospect,TAX155230,lmorgan@turner-lang.com,(926)618-9628,2022-01-03,2022-04-27,67
511,"Charles, Wright and Wilson",Canada,Georgia,Daviston,Healthcare,Active,TAX587686,nicolekennedy@jackson-smith.com,399.427.0795x515,2022-08-02,2023-01-08,42
512,Hanson Ltd,India,Montana,North Victoria,Healthcare,Active,TAX486839,suzanneflores@mcguire.info,6992625438,2022-02-15,2022-07-14,73
513,Flores-Jackson,Germany,Tennessee,Lake Kristopher,Retail,Prospect,TAX354367,vferrell@nelson.info,+1-815-880-2909x04637,2023-08-09,2024-02-13,76
514,Dominguez LLC,Canada,Vermont,Rogershaven,Software,Prospect,TAX673108,vrussell@hahn.com,+1-337-244-1715,2022-05-18,2022-08-03,1
515,Drake Inc,Canada,Kansas,East Nathanielberg,Semiconductors,Active,TAX667851,kimberlyshields@sharp.com,+1-312-497-5191x023,2022-12-11,2023-11-01,2
516,Higgins Inc,Canada,Alabama,Moodybury,Semiconductors,Prospect,TAX494552,brendanmiller@garrett-lee.com,001-379-427-4907x280,2022-09-22,2022-11-14,27
517,Baker PLC,United States,Oregon,Lake David,Software,Inactive,TAX615929,lopezmelinda@martin.org,696-484-3645x3804,2021-05-03,2021-07-14,36
518,Brown Group,India,Minnesota,New Katelynchester,Software,Prospect,TAX533121,craigrachel@smith-garner.com,995-791-9457x57574,2024-12-06,2024-12-31,59
519,"Duarte, Lee and Matthews",Canada,Arizona,Robertmouth,Semiconductors,Prospect,TAX200219,sandra67@hayes-thomas.biz,(502)356-2650x62292,2023-11-02,2024-01-09,51
520,Myers and Sons,India,Louisiana,Jamesfort,Manufacturing,Active,TAX556112,jmoore@perez-tucker.info,(962)570-5115x79423,2024-09-18,2024-11-23,31
521,Henry-Frye,India,South Dakota,West Crystal,Finance,Inactive,TAX834764,mcarr@moreno.com,001-725-597-1075x633,2022-10-31,2023-04-11,58
522,Schultz-Winters,India,New Mexico,Angelashire,Semiconductors,Active,TAX242723,holly25@armstrong.org,837.497.0581,2024-04-12,2024-06-06,20
523,"Morris, Moreno and Ford",India,Washington,Carlfurt,Healthcare,Inactive,TAX429287,laceyhill@cox.info,630.755.9782,2023-04-13,2023-06-13,69
524,Galloway-Jacobs,India,Ohio,Port Lisa,Software,Inactive,TAX423284,susanharper@phillips.com,884.336.6044x32400,2023-08-07,2023-12-20,16
525,Marshall-Browning,India,Georgia,Garrettside,Retail,Inactive,TAX966529,brittneyblake@giles.com,397.242.9250,2024-12-14,2024-12-31,78
526,Tran-Wood,India,Massachusetts,Piercechester,Finance,Active,TAX195643,randall59@schneider.org,001-590-380-2711x22182,2024-12-27,2024-12-31,46
527,Compton-Morgan,India,Nebraska,Karenfort,Semiconductors,Prospect,TAX413357,hgardner@may-foster.com,+1-213-272-1433,2022-06-17,2022-09-14,4
528,Day Ltd,Canada,Iowa,Williamsbury,Healthcare,Prospect,TAX884417,stephaniebest@mason.biz,001-560-584-7068x10390,2024-02-01,2024-06-07,13
529,"Henry, Bailey and Miller",United States,Mississippi,South Jason,Software,Active,TAX112537,hermanjulie@baker-brooks.biz,(339)645-3546,2021-05-07,2021-08-28,17
530,Johnson-Morrison,India,Tennessee,Harrisville,Healthcare,Inactive,TAX819622,hughesdaniel@gonzalez.com,001-239-645-7039x438,2024-07-14,2024-12-31,11
531,Robinson and Sons,United States,Michigan,South Stacey,Finance,Active,TAX122859,dcortez@guzman-martin.info,689.243.1910x0900,2021-05-13,2021-08-22,57
532,Wallace-Daniel,Japan,Hawaii,North Michealborough,Semiconductors,Inactive,TAX228479,xharmon@ramirez.com,301-342-4731x0720,2021-03-29,2021-11-20,7
533,"Young, Kane and Riley",India,Oklahoma,Josephshire,Manufacturing,Inactive,TAX961599,sbrown@lewis.biz,2073676209,2023-03-20,2023-11-29,4
534,Mckinney-Higgins,India,Illinois,Andrewview,Healthcare,Active,TAX471136,jimmywest@forbes.org,(787)730-4519x57782,2022-03-16,2022-06-19,36
535,"Arnold, Thomas and Moss",India,Minnesota,Thompsonfurt,Software,Active,TAX743937,taylor54@olsen.net,(756)419-4255x77820,2024-06-22,2024-12-31,32
536,"Peterson, Chen and Garner",United States,Oregon,Port Laura,Healthcare,Inactive,TAX677438,amiller@mooney.com,819.804.8235x71558,2023-09-09,2023-10-10,12
537,Ray Ltd,India,Nebraska,East Daniellemouth,Software,Inactive,TAX309146,marywoodard@moran.com,221.643.6438x1300,2024-08-09,2024-12-31,32
538,Clark Ltd,United States,California,West Shaunville,Manufacturing,Active,TAX501078,qduffy@smith-harper.com,(953)746-9979x9070,2024-12-31,2024-12-31,62
539,Johnson-Haynes,United States,Missouri,South Haleystad,Healthcare,Inactive,TAX693128,yvang@estes.info,281-713-1765x397,2023-10-26,2024-04-07,50
540,Tran-Padilla,India,New Hampshire,New Robert,Semiconductors,Inactive,TAX726121,suttonbrittney@norman.net,(374)996-8049,2022-03-25,2022-04-09,36
541,Barrera LLC,India,Hawaii,West Carolynchester,Healthcare,Prospect,TAX474795,mcdanieltanya@gonzalez.com,9625604235,2024-04-11,2024-08-08,21
542,"Wallace, Haynes and Buck",India,Connecticut,East David,Retail,Active,TAX379473,kimmichael@jordan.com,+1-681-767-0468x6111,2023-12-29,2024-01-26,29
543,Morales-Calhoun,United States,Florida,North Fernandoshire,Healthcare,Inactive,TAX979988,elizabethgriffin@brooks.com,001-461-880-3324,2021-12-22,2022-03-22,31
544,Watson PLC,United States,Alabama,New Elizabethshire,Retail,Prospect,TAX476211,turnerlisa@mccall-valencia.com,377.473.1268,2024-04-26,2024-05-10,46
545,"Martinez, Hicks and Callahan",Canada,California,Palmerland,Manufacturing,Active,TAX690462,johnmolina@ward.com,001-860-456-0356x79327,2022-01-21,2022-09-30,70
546,George LLC,India,New York,South Carolchester,Healthcare,Active,TAX194641,hoffmanjanet@mejia.com,964-875-4895x478,2021-04-26,2021-08-23,78
547,"Lawrence, Castro and Fleming",India,Rhode Island,South Matthew,Manufacturing,Inactive,TAX100716,ihester@jensen.com,898-635-5393x5435,2022-11-11,2023-09-21,26
548,Harper-Santiago,Japan,Illinois,Port Kayla,Finance,Prospect,TAX286080,james58@morris.com,543-839-5275,2022-10-25,2022-11-24,3
549,Love-Randolph,India,New Jersey,Dustinland,Retail,Active,TAX911982,david68@smith-lopez.com,378.994.8963x4067,2021-08-16,2022-05-12,47
550,Hughes-Wilson,Canada,Idaho,West Kathleenton,Finance,Prospect,TAX794303,boonejoshua@nichols.biz,609.800.1594,2023-03-22,2024-01-16,13
551,Hall PLC,India,Rhode Island,Sarahstad,Finance,Active,TAX265154,edwardspencer@farmer-jackson.biz,989.302.1994,2023-06-14,2024-05-06,63
552,Sanchez Group,United States,Iowa,South Chelsea,Software,Prospect,TAX689275,samantharamirez@allen.biz,001-996-973-3116,2024-11-21,2024-12-31,46
553,Stevenson Group,India,South Carolina,Johnsonview,Manufacturing,Active,TAX496764,nicolehenry@peterson.biz,793.752.1962x633,2022-09-21,2023-09-08,38
554,Hill-Espinoza,India,Iowa,Burkefort,Retail,Active,TAX836109,parksanna@wolfe.biz,001-355-860-7676,2024-03-19,2024-10-05,73
555,Bailey-Adams,India,Kentucky,Moorebury,Manufacturing,Inactive,TAX948095,meghanwerner@williams-perez.com,498-604-1847,2024-06-06,2024-09-27,73
556,Garrison LLC,India,Idaho,South Larry,Healthcare,Active,TAX447255,hallchristopher@armstrong.com,487-362-3039x1114,2021-06-09,2021-10-08,45
557,Tran-Wood,Canada,Idaho,New Sarah,Software,Prospect,TAX193035,kristinnguyen@miranda.com,680.962.2072x23959,2024-12-22,2024-12-31,43
558,Gibson Ltd,United States,Delaware,East Danielle,Finance,Active,TAX361662,jonesnicholas@mitchell.info,+1-868-486-8785x99648,2024-11-20,2024-12-24,45
559,"Hodge, Martinez and Johnson",India,California,Meaganville,Semiconductors,Prospect,TAX101343,treyes@johnson-freeman.com,462.279.2463,2021-04-09,2021-10-23,57
560,Mckee LLC,Germany,New York,Owensmouth,Software,Inactive,TAX617033,nicole72@moyer-sanchez.com,+1-914-250-5766x1945,2023-02-15,2023-08-13,70
561,Jones-Rivera,India,Maryland,North Victoria,Healthcare,Prospect,TAX782591,juliehoffman@johnson.net,(207)365-9759x545,2024-11-08,2024-12-31,21
562,Blake-Hamilton,United States,North Carolina,Lake Kimberlyshire,Semiconductors,Inactive,TAX121053,lutzeric@rivera-klein.com,(223)219-6463,2022-10-15,2023-02-25,14
563,Smith-Anderson,India,Nebraska,South Lauren,Software,Inactive,TAX268720,ronaldcarroll@smith.com,3479137271,2021-06-03,2022-03-10,12
564,Jensen-Krause,India,New Mexico,Barbaraside,Manufacturing,Inactive,TAX838726,crystal58@contreras.org,249.633.0674x58476,2021-03-05,2021-10-11,22
565,Rodriguez-Hernandez,United States,Iowa,East Steven,Healthcare,Active,TAX156157,saraterry@cox.com,813-929-7150x6662,2021-07-27,2022-01-12,27
566,Cook LLC,Canada,Delaware,Joefort,Healthcare,Prospect,TAX681028,zchapman@atkinson-mitchell.org,(352)395-9611,2024-01-12,2024-05-26,37
567,"Smith, Fernandez and Vasquez",India,Colorado,North Aaron,Semiconductors,Active,TAX511987,antoniocarter@shelton-hull.com,+1-591-402-4510x91090,2024-03-16,2024-12-22,63
568,Holloway-Henry,India,Louisiana,Christinahaven,Finance,Active,TAX548377,deckerjustin@ford.com,+1-781-679-3406x5277,2021-06-29,2021-11-26,77
569,Valdez-Briggs,United States,Nebraska,Port Tracey,Semiconductors,Active,TAX317005,elizabeth33@hernandez-moore.com,6917217221,2021-12-16,2022-11-07,38
570,"Flores, Allen and Olson",Canada,Nebraska,Lake Elizabethside,Healthcare,Active,TAX423331,sharon37@johnson.com,9044627765,2023-03-26,2023-11-22,63
571,Mcgee-Zimmerman,Japan,Texas,Susanshire,Finance,Active,TAX773045,adrianlogan@perry-tucker.com,(402)838-9743,2024-01-20,2024-08-05,24
572,Townsend Ltd,India,Mississippi,Laurenstad,Healthcare,Inactive,TAX295646,aaron78@clark.net,686-989-9936x079,2023-07-02,2023-07-24,34
573,Mitchell Inc,United States,Nebraska,South Mariachester,Finance,Active,TAX977740,msloan@hall.info,540-939-4640x830,2022-07-05,2023-04-19,8
574,Sanders Group,India,Arkansas,Port Lindaside,Retail,Prospect,TAX201400,usmith@french.info,001-738-484-1368,2021-06-25,2022-06-02,45
575,"Douglas, Smith and Jordan",Japan,Michigan,South Andrew,Healthcare,Prospect,TAX338564,sarahsimon@sandoval.com,(326)232-5144x88112,2024-02-08,2024-03-10,50
576,Jones LLC,Japan,Idaho,Port Shannonville,Healthcare,Prospect,TAX820442,edixon@mendez.com,(726)438-4091x122,2023-08-31,2024-06-19,31
577,"Ochoa, Nichols and Mendoza",United States,Wisconsin,Anthonyfurt,Semiconductors,Inactive,TAX995420,ggarcia@lewis-lee.info,001-591-237-8765x53007,2021-03-13,2021-11-25,74
578,"Kelly, Huerta and Peck",Canada,Tennessee,Roberttown,Manufacturing,Prospect,TAX750403,michelle12@wheeler.com,001-227-778-8519,2021-10-29,2021-12-29,58
579,Collins Group,India,Maine,Port Danielport,Software,Active,TAX947732,heathercabrera@ramirez.com,351.774.4600x45212,2022-01-30,2022-04-04,6
580,Davis LLC,United States,Wyoming,Lucasville,Retail,Inactive,TAX311727,barbaraaguilar@hall.com,001-888-318-9848x41604,2024-07-08,2024-09-21,77
581,"Cook, Figueroa and Taylor",India,Connecticut,North Patriciaton,Retail,Active,TAX191254,zpacheco@rodriguez.com,452-429-1073,2023-03-06,2023-12-15,51
582,"Bernard, Shields and Hicks",United States,Nebraska,Lake Alexandraview,Finance,Prospect,TAX580412,travisyoung@clark-estrada.com,645.926.9694x43916,2021-01-26,2022-01-19,80
583,Levine Group,United States,Pennsylvania,Lake Johnny,Healthcare,Active,TAX534574,barbaraolsen@wilson.com,230.516.2341,2021-11-03,2022-01-17,73
584,"Rodriguez, Horton and Gutierrez",United States,Michigan,South Drew,Semiconductors,Active,TAX690016,meltonmark@gray-stone.com,232.636.5337x746,2021-07-26,2021-12-19,69
585,Hamilton and Sons,Japan,Arkansas,Lake Stephenport,Healthcare,Inactive,TAX501650,robertkeith@campbell.biz,001-807-681-9754x37347,2024-09-03,2024-12-31,74
586,Castillo Group,United States,Florida,Port Jimmyfort,Semiconductors,Active,TAX388792,jrobinson@may.com,541.448.4601x91344,2023-04-06,2023-06-18,80
587,"Crawford, Rice and Hernandez",United States,Alaska,Kaylaside,Retail,Inactive,TAX140666,abradley@lee-rodriguez.com,001-964-549-3699x9516,2023-03-22,2023-09-07,31
588,Nguyen LLC,India,Minnesota,Blakeside,Healthcare,Inactive,TAX490532,trevor68@norris.org,(336)903-7681,2021-02-11,2021-08-02,39
589,"Taylor, Rojas and Robinson",India,Connecticut,West Alexandershire,Healthcare,Prospect,TAX818119,rmartinez@chapman.com,991.614.9830,2021-07-21,2021-11-14,18
590,"Jackson, Todd and Chandler",India,New York,Port Robert,Retail,Inactive,TAX911630,craig89@buckley.com,(555)278-2019x04322,2022-10-20,2023-03-06,54
591,"White, Wilcox and Gonzalez",United States,Maine,Brownmouth,Semiconductors,Active,TAX563173,christinejohnson@barr.com,+1-362-312-7602x50826,2022-03-09,2022-10-03,63
592,Lewis and Sons,Germany,Nebraska,South Jermaineburgh,Finance,Active,TAX640299,jennifer88@nolan.info,(998)693-7629,2021-11-22,2021-12-25,40
593,Green-Lewis,Germany,Washington,East Richardfurt,Healthcare,Active,TAX918430,lho@hogan.com,481.587.6920,2023-12-10,2024-09-26,4
594,Allen Inc,India,North Carolina,East Amberland,Software,Active,TAX361609,alicia14@rivera-taylor.com,9673323182,2021-03-09,2021-10-28,7
595,Le-Payne,Canada,West Virginia,Stevenview,Retail,Active,TAX387286,anthony00@vazquez.com,429-711-3717x85090,2023-01-25,2023-09-19,65
596,Gray-Wilson,India,North Carolina,Karenview,Semiconductors,Prospect,TAX132047,christopherhess@barnett.net,001-912-224-8905x67086,2022-05-11,2022-11-17,63
597,Greene Inc,United States,Texas,Ninafurt,Software,Inactive,TAX715388,dana15@black.org,236-724-8355,2024-02-04,2024-08-01,45
598,Underwood-Glover,India,Missouri,New Jenniferfort,Finance,Prospect,TAX971230,russelljohn@chase.com,001-298-622-1040x16481,2024-11-11,2024-12-27,37
599,"Quinn, Hayden and Schneider",India,Oklahoma,Jimenezbury,Semiconductors,Active,TAX995296,nicholasgallagher@holland.com,(669)442-8946,2024-03-17,2024-07-04,29
600,Sanchez Group,United States,Wisconsin,West Jennifer,Retail,Active,TAX382154,tlewis@miller-marks.biz,462-655-4026x3558,2024-08-27,2024-12-31,66
601,Chung Ltd,India,Alaska,South Nicholaschester,Retail,Active,TAX597126,michelle89@wagner.com,(738)288-2452x790,2021-09-28,2022-08-25,23
602,Mcdaniel-Brown,United States,Maine,East Sabrina,Semiconductors,Active,TAX364650,taraholloway@poole.org,216-532-1119x78718,2024-05-30,2024-11-02,36
603,Watkins Ltd,United States,Utah,South Jay,Healthcare,Inactive,TAX581294,oschneider@khan.com,898-275-6178,2022-06-01,2022-09-20,60
604,Buck and Sons,India,Alaska,New Danielchester,Manufacturing,Prospect,TAX516444,dunnmary@glass.info,+1-774-449-1609x3659,2024-04-12,2024-06-03,1
605,Jones PLC,United States,California,Port Aliciashire,Retail,Inactive,TAX688730,daniel43@sanders.com,4923632239,2024-08-18,2024-12-31,78
606,Hayes LLC,India,Michigan,Jonesview,Retail,Active,TAX605139,dominguezmeredith@anderson-herrera.com,(405)837-6660x811,2021-05-11,2021-10-30,36
607,Mcmillan and Sons,United States,Arkansas,West Peter,Finance,Inactive,TAX787991,meyerskathryn@moore-bryant.com,001-831-323-4550x6882,2024-12-27,2024-12-31,39
608,Sims-Washington,India,Wisconsin,New Jason,Manufacturing,Active,TAX159532,kelly01@torres.com,773.354.3788x26033,2024-05-13,2024-12-05,41
609,Garcia LLC,United States,New Hampshire,New Lynnhaven,Retail,Active,TAX787237,victoria91@mitchell-white.com,001-874-692-6999x699,2023-10-16,2024-03-15,34
610,"May, Malone and Reese",Canada,Utah,Davishaven,Healthcare,Inactive,TAX872519,dustin59@walsh-carroll.com,591-640-8499x32312,2021-03-14,2022-01-06,74
611,Parsons Group,Japan,Montana,South Cindytown,Finance,Prospect,TAX848021,omoore@bryant.com,+1-572-434-8389x3595,2022-04-01,2023-03-18,69
612,"Prince, Sherman and Huff",United States,Maine,West Susanville,Healthcare,Prospect,TAX475911,rachelknight@peterson-dunn.com,(895)382-6418x6965,2023-11-05,2024-04-06,22
613,Smith Group,Japan,Nevada,Lake Mariaberg,Manufacturing,Active,TAX408054,lindsayedwards@hooper-christensen.com,646.282.3948,2021-07-19,2022-03-17,17
614,Wall and Sons,Germany,New Mexico,North Adam,Retail,Prospect,TAX899977,yburke@murillo.biz,631.313.9500x16809,2022-01-10,2022-12-24,43
615,Soto-Jones,United States,West Virginia,Brianchester,Software,Inactive,TAX334176,michelleboyd@avery.com,001-253-944-0777x9462,2022-09-21,2023-04-24,43
616,Barber Group,India,Texas,New Derrick,Manufacturing,Inactive,TAX586288,peterschristopher@hardy-mckenzie.biz,6293914068,2021-08-30,2022-04-27,7
617,Gonzalez Group,Japan,Iowa,East Stephaniemouth,Manufacturing,Prospect,TAX750803,jennifer23@moon-morales.info,+1-417-203-2119,2021-05-26,2022-01-22,25
618,Rodriguez-Christensen,United States,Kansas,Davidfort,Retail,Inactive,TAX655575,nicholas33@jones-contreras.com,349-802-9502x6480,2022-09-04,2023-04-03,7
619,Mitchell-Brown,Japan,New Hampshire,Lake John,Software,Active,TAX310026,rossamanda@stein.info,+1-682-821-0217x98213,2022-12-03,2023-06-30,73
620,Armstrong LLC,Japan,West Virginia,Muellermouth,Healthcare,Active,TAX431752,katherinedelacruz@baxter.com,982-285-6053,2022-01-05,2022-02-15,63
621,Floyd-Chapman,India,Washington,Powellville,Software,Inactive,TAX765320,dmendoza@valencia-crawford.biz,420.350.6821x22355,2021-04-29,2021-05-01,58
622,Shelton-Keller,India,Alabama,Ambermouth,Software,Prospect,TAX901619,mcdanielrichard@oconnor.com,692-559-6790,2021-11-21,2022-07-29,12
623,Hanson-Weaver,India,Ohio,East Davidton,Healthcare,Prospect,TAX550268,lauren93@wilkinson.com,942.249.5988x11457,2023-04-07,2023-11-12,62
624,"Pena, Davis and Mclean",India,Kansas,Westfort,Semiconductors,Prospect,TAX309100,amberstanton@johnson.info,461-891-7798x768,2023-02-04,2023-02-11,42
625,"Crawford, Bruce and Hood",Germany,Florida,Zacharyborough,Manufacturing,Active,TAX118786,cgamble@patel.com,+1-235-304-0566x95790,2024-10-17,2024-10-19,32
626,Ramirez PLC,India,Idaho,Melissaview,Finance,Inactive,TAX235193,ian86@watkins-gonzalez.com,+1-342-732-8946x338,2021-07-30,2022-02-11,65
627,Martin-Miller,United States,Utah,Jacobmouth,Software,Active,TAX963862,vthompson@jackson-johnston.biz,001-333-858-9513,2021-04-04,2021-09-03,38
628,Diaz-Lynn,United States,New York,Stephanieside,Manufacturing,Prospect,TAX649577,alexis57@mitchell.com,+1-791-589-1179x7203,2022-11-23,2023-07-03,18
629,Leon-Miller,India,Mississippi,South Kyle,Healthcare,Inactive,TAX886553,kelly15@harris-robinson.com,(293)667-8136x750,2022-01-21,2022-04-15,52
630,Terry Ltd,India,Connecticut,Stephanieland,Software,Prospect,TAX237579,parsonsgregory@gilbert-gould.com,001-498-578-0927x045,2022-03-09,2022-03-20,76
631,"Rose, Gates and Bailey",United States,Hawaii,West Angela,Semiconductors,Inactive,TAX845652,ubutler@hunter.info,842-727-5854x859,2024-08-25,2024-09-13,49
632,Cobb-Skinner,Japan,Maine,New David,Finance,Prospect,TAX753404,poncelisa@duke-johnson.com,5024453931,2021-04-10,2022-02-08,7
633,"Wiley, Ware and Wilcox",United States,Massachusetts,Chadtown,Retail,Active,TAX150578,matthew08@schultz.net,001-921-444-4889x6699,2024-11-13,2024-12-31,54
634,Mccarty-Vaughn,United States,Iowa,Colemouth,Semiconductors,Prospect,TAX365015,dawn20@diaz.com,(443)518-3281x231,2023-08-30,2024-08-23,20
635,"Thomas, Randall and Smith",India,Maryland,North Nicholastown,Retail,Prospect,TAX109756,stonerobert@moore-robbins.info,(908)927-6817x225,2022-09-09,2023-04-12,13
636,Green-Mcpherson,United States,Oklahoma,Timothyfurt,Finance,Prospect,TAX735053,michellemcmahon@thomas-davis.info,(983)516-0827x1721,2024-12-06,2024-12-31,54
637,Ramos Ltd,Japan,Washington,New Diana,Semiconductors,Prospect,TAX853681,suehowe@white-moore.org,+1-436-521-6591x438,2024-06-19,2024-08-18,37
638,Nguyen LLC,India,Vermont,Port Becky,Semiconductors,Inactive,TAX308296,lukecase@butler-burns.info,001-973-326-4309x5449,2024-06-01,2024-09-11,34
639,Barry PLC,Japan,Pennsylvania,Smithshire,Software,Inactive,TAX837606,scottmartin@wright-santana.info,001-287-313-7529x88322,2023-04-20,2023-09-18,21
640,Mcguire Group,India,Washington,New Jacobton,Healthcare,Active,TAX821634,bakerangela@cochran.net,597.253.5852x38600,2023-09-12,2024-02-28,31
641,Spence-Young,India,Missouri,Port Ashleyshire,Retail,Active,TAX215795,daniel15@finley.org,602-592-9501,2024-03-21,2024-12-31,64
642,Ramirez-Parrish,India,North Carolina,North Cheryl,Semiconductors,Prospect,TAX178693,rhondaray@miller-mcdaniel.info,591-426-0221,2021-07-27,2021-12-05,30
643,Delacruz Ltd,United States,New Jersey,Owensberg,Finance,Inactive,TAX586830,wilsonkelsey@davis.com,(901)590-7258,2021-04-13,2021-06-03,23
644,Schaefer Ltd,Japan,Washington,North Kelly,Finance,Inactive,TAX940534,ryanrogers@smith.com,001-781-224-2114x08682,2024-10-18,2024-12-31,55
645,"Ortega, Hendrix and Hernandez",Germany,Maine,Andersonshire,Semiconductors,Active,TAX110142,jackierichardson@griffith-franco.com,001-303-499-5297x0137,2021-10-11,2022-09-15,22
646,Lee-Mcconnell,India,Oklahoma,Amberfurt,Healthcare,Prospect,TAX381342,kathryn23@green.com,9275061592,2021-07-10,2022-01-16,44
647,"Simpson, Brown and George",India,Arkansas,Higginsland,Healthcare,Inactive,TAX578715,lsimmons@gutierrez.com,381-255-4203x4030,2022-07-11,2023-01-24,62
648,"Cox, Stein and Frye",Germany,Oregon,Richardsonport,Retail,Active,TAX218548,woodbrittany@watson-coleman.com,347.212.4760,2021-09-29,2022-09-20,8
649,"Brown, Wilson and Bowers",Canada,Delaware,East Anthonychester,Software,Active,TAX536236,craigross@burns.net,2803815712,2024-04-24,2024-12-27,73
650,Bush-Ford,United States,Illinois,South Shawnbury,Software,Prospect,TAX498197,murrayjermaine@novak.com,747.743.6213x00962,2023-01-05,2023-11-14,4
651,Simmons-Jordan,Japan,Kentucky,Johnsonville,Retail,Active,TAX606545,cookyvonne@lawson.info,966-262-1591x832,2023-09-27,2023-11-23,53
652,Brown LLC,United States,Montana,Colemanport,Semiconductors,Inactive,TAX786789,courtney01@williams.info,+1-271-740-0493x88194,2022-10-06,2022-10-12,68
653,Contreras Ltd,Germany,California,Kristenton,Manufacturing,Prospect,TAX692458,cheryl80@evans.biz,+1-687-331-3797x166,2022-04-04,2023-03-12,44
654,Odonnell-Moses,United States,Georgia,South Justin,Retail,Prospect,TAX748270,washingtonashley@hall.com,(623)489-9499x19701,2021-07-15,2022-02-21,32
655,Charles-Sosa,United States,Florida,East Tannerhaven,Retail,Prospect,TAX772561,iweiss@garcia.com,(904)418-1359,2023-02-28,2023-05-15,72
656,Miller Group,Japan,Alaska,Sarahhaven,Manufacturing,Active,TAX112210,ochoamelissa@reilly.com,(717)958-8397,2024-08-10,2024-10-29,65
657,Ryan Inc,Japan,Alaska,Amberchester,Healthcare,Active,TAX178501,qflores@poole.com,(491)849-6112x8794,2023-10-04,2024-03-16,31
658,"Mckee, Hernandez and Barber",India,Montana,Beckton,Finance,Active,TAX631553,bradley53@wilson.org,(715)860-7832x74883,2022-04-02,2023-01-08,49
659,Rodriguez-Galvan,United States,Pennsylvania,Whiteton,Software,Active,TAX581395,smiles@bennett.org,(804)478-4217x02851,2023-06-29,2024-04-17,58
660,Zavala LLC,India,Pennsylvania,Port Crystal,Healthcare,Inactive,TAX431414,amy20@ponce.com,+1-668-883-9062,2021-09-01,2022-05-13,3
661,Hernandez-Archer,India,North Dakota,Guzmanland,Healthcare,Active,TAX684194,ejohnson@evans.com,001-535-992-3613,2024-01-30,2024-01-30,12
662,"Russell, Smith and Lopez",Germany,Kansas,West Manuelhaven,Manufacturing,Prospect,TAX419394,moraleskimberly@johnson.com,001-247-824-1916x50344,2023-11-08,2024-08-21,27
663,Bruce-Harrison,United States,West Virginia,Mosleyland,Healthcare,Inactive,TAX480992,isabelwheeler@mullins.com,(778)421-4174x6813,2021-04-22,2021-08-14,59
664,Sims-Valentine,India,Ohio,Jensenside,Manufacturing,Prospect,TAX596116,hollyperkins@montgomery.biz,001-341-355-9450,2024-09-07,2024-12-31,58
665,"Taylor, George and White",India,Utah,Vangbury,Retail,Active,TAX102303,csmall@wilson-wells.biz,+1-603-798-8636x53621,2022-12-01,2023-05-31,38
666,Greene-Gray,United States,Alabama,North Brookeshire,Finance,Prospect,TAX211486,lindsay48@wright.biz,+1-648-796-6760x56420,2021-04-04,2021-06-27,64
667,Grimes-Burns,India,New Hampshire,Amandatown,Retail,Prospect,TAX856609,tpatton@oconnell-lee.net,+1-706-623-5466x226,2023-04-19,2023-06-12,33
668,Rodriguez Ltd,United States,Michigan,Jeremyton,Software,Active,TAX993590,nealemma@foley.com,(442)776-7746,2023-03-16,2023-07-04,59
669,"Jones, Johnson and Miller",Japan,Louisiana,North Nathanhaven,Software,Prospect,TAX454349,amanda86@smith.com,579-386-7782,2021-08-09,2022-03-09,6
670,Lane LLC,Canada,New Hampshire,Port Joshuaberg,Retail,Prospect,TAX229204,ksparks@burnett.com,7388437536,2023-07-12,2024-03-02,76
671,"Williams, Spencer and Beltran",Canada,South Dakota,West Tonya,Software,Inactive,TAX104548,kylemartinez@neal.com,(540)306-4454x752,2023-12-23,2024-01-16,71
672,Taylor and Sons,Canada,Georgia,Mitchellside,Manufacturing,Inactive,TAX633025,nfleming@ochoa.biz,001-933-742-7203x88621,2021-12-29,2022-12-18,75
673,"Smith, Daniels and Solis",India,California,Riverston,Software,Active,TAX506224,mark30@lynch-mcguire.com,388-824-9353x40018,2024-09-08,2024-12-31,78
674,Wells-Mitchell,Japan,California,Reedburgh,Manufacturing,Inactive,TAX539001,jonathan54@simmons-petersen.com,+1-351-279-9378,2024-06-01,2024-12-31,32
675,"Parks, Campos and Mcbride",India,Texas,Johnville,Finance,Inactive,TAX574843,amandahorne@guerrero.org,001-696-798-8290,2021-10-01,2021-12-10,53
676,Riley-Anderson,United States,New Mexico,West Maryberg,Retail,Prospect,TAX413433,nicholas01@downs.com,(542)538-3972,2024-12-07,2024-12-31,41
677,"Sparks, Hernandez and Rodriguez",Germany,Tennessee,Johnsonburgh,Manufacturing,Prospect,TAX327900,tonyaholmes@glass.com,(221)201-0232,2022-02-16,2022-06-03,80
678,Holt Group,Germany,New Jersey,Grayton,Retail,Inactive,TAX805034,romerocrystal@parrish.biz,608-214-3561,2021-09-29,2022-09-27,23
679,"Young, Tran and Mcfarland",United States,Tennessee,Lake Sherry,Retail,Prospect,TAX438041,hartmanjoshua@may.org,810-903-0762x05459,2024-12-25,2024-12-31,46
680,Rivera Ltd,United States,Arizona,Reynoldsfurt,Manufacturing,Prospect,TAX799565,eadams@stein.com,611-934-0785x1699,2024-12-25,2024-12-31,69
681,Mills Inc,India,Mississippi,South Robert,Healthcare,Active,TAX648122,kellytaylor@swanson.biz,+1-970-983-8688x891,2021-08-07,2021-08-19,49
682,"Jones, Johnson and Pratt",India,Nevada,West Shawn,Retail,Active,TAX309612,hudsonpenny@steele.com,4128657898,2022-07-01,2022-09-21,37
683,Turner Inc,United States,Oklahoma,Port Sherryshire,Software,Active,TAX824141,sarah17@rogers-edwards.com,377.441.2746x921,2022-08-28,2022-12-10,70
684,Davis-Marquez,India,Montana,South Joseph,Healthcare,Active,TAX746036,donaldhahn@hunt-jones.com,001-745-842-1854x570,2024-10-15,2024-12-31,29
685,"Martinez, Kirk and Thomas",Germany,Mississippi,Rivasshire,Manufacturing,Inactive,TAX349136,hurleybrandon@ross.biz,707-623-2472x828,2023-11-13,2024-11-03,37
686,Brown Group,United States,North Dakota,East Haley,Semiconductors,Inactive,TAX506380,iallen@jones-david.net,001-450-971-0580x11950,2023-05-04,2024-04-18,41
687,Zavala Ltd,Canada,Colorado,Jacobland,Semiconductors,Active,TAX879794,manningjeremy@brown-hudson.com,9076169500,2022-05-30,2022-09-10,80
688,"Greer, Valdez and Wiley",Japan,Oregon,Annamouth,Healthcare,Active,TAX764575,jeremy29@mcdonald.biz,(929)544-7161x982,2024-12-14,2024-12-31,48
689,Shepherd-Miller,Germany,Wyoming,North Jonathanton,Manufacturing,Prospect,TAX732697,michaelhoffman@powell.com,257.848.3526,2022-02-07,2022-05-17,38
690,Werner-Graham,United States,West Virginia,Westshire,Retail,Active,TAX296059,veronicadavies@galvan-gordon.net,925-936-4628x0550,2021-12-22,2022-09-11,16
691,Bush-Long,India,New Hampshire,Michaelstad,Healthcare,Inactive,TAX683635,kmoore@daniel.org,3855510740,2022-06-26,2022-08-31,21
692,Tapia Inc,United States,New Jersey,Davistown,Finance,Active,TAX446620,markphillips@fleming-brown.com,(406)295-3541,2023-08-14,2024-08-11,20
693,Estrada and Sons,India,New Hampshire,Kristenshire,Finance,Prospect,TAX153325,monica00@heath.com,951-753-2594,2024-07-04,2024-12-31,39
694,Kim Inc,United States,New York,Port Scottborough,Manufacturing,Prospect,TAX475479,stevenpierce@erickson-lawrence.com,+1-303-210-0649x3403,2021-05-30,2022-05-27,41
695,Bailey-Pace,United States,Indiana,Williamsport,Software,Prospect,TAX171488,joneskevin@browning.com,+1-792-885-5359x520,2023-11-01,2024-01-21,54
696,Johnson Group,United States,New York,Lake Andrewshire,Healthcare,Active,TAX466375,jhahn@jones.info,740.537.8423x3944,2022-03-30,2022-07-17,43
697,Smith Group,India,New Jersey,Blakeburgh,Finance,Active,TAX889216,mark32@bailey.biz,442-562-4178x42902,2024-06-20,2024-12-31,61
698,Parker Inc,Canada,California,Lake Kristinshire,Retail,Active,TAX220294,daypatricia@williams.net,+1-868-843-0211,2024-10-01,2024-12-31,58
699,Robinson-Taylor,India,Alabama,Peggymouth,Retail,Prospect,TAX751303,kcook@tyler.org,(212)599-6426,2022-05-15,2022-06-04,42
700,Barnes and Sons,India,Alabama,South Mitchell,Semiconductors,Inactive,TAX369054,chrismurray@wu-neal.com,4715152380,2024-01-12,2024-06-04,4
701,Graves-Jackson,Canada,Tennessee,North Michael,Finance,Prospect,TAX941814,boydrenee@smith.com,001-918-963-8558x81959,2023-11-08,2024-06-23,63
702,Padilla Inc,India,Missouri,Lake Brentmouth,Retail,Active,TAX435872,timothycannon@munoz.biz,+1-428-497-2845x401,2023-11-19,2023-12-31,13
703,"Webster, Martin and Brown",India,Oklahoma,New Kelly,Manufacturing,Prospect,TAX107686,colleenroberson@taylor.com,714-547-4328x116,2024-07-07,2024-08-09,27
704,"Smith, Martinez and Burton",United States,Alabama,North Cynthia,Software,Prospect,TAX544815,hilljennifer@robinson.com,001-377-852-1353x028,2021-08-01,2021-11-14,69
705,Mercado-Russell,Japan,Montana,North Evelyn,Retail,Inactive,TAX777968,cooperlaura@donovan.info,356.891.9832x102,2021-05-28,2022-05-14,20
706,"Stephenson, Jennings and Newton",India,New Mexico,Nicholaston,Retail,Inactive,TAX139726,brandisosa@wilson.com,384.519.6622,2021-06-29,2021-08-05,7
707,Barnes Inc,India,North Carolina,West Richardstad,Finance,Prospect,TAX173863,zskinner@finley-wiley.com,(636)621-9865x5049,2024-03-23,2024-07-17,34
708,Douglas-Alexander,United States,Nevada,Pettyport,Healthcare,Prospect,TAX524094,jenniferbradley@smith-holland.biz,(373)622-6261,2023-06-06,2023-11-14,3
709,Scott Group,India,Texas,Port Joanne,Semiconductors,Prospect,TAX106185,joseph21@robertson.com,+1-679-391-9623,2024-08-06,2024-12-31,9
710,"Burke, Fleming and Baker",Germany,Illinois,Lindaberg,Manufacturing,Active,TAX834928,stacey25@brown.com,203.711.5876,2021-05-29,2021-11-28,65
711,"Adams, Boyer and Osborne",India,Missouri,Victormouth,Retail,Inactive,TAX736030,umatthews@griffith-bender.com,853.865.9746,2021-06-27,2021-11-18,57
712,Jordan LLC,India,Florida,East Matthewstad,Retail,Active,TAX597012,nicholsrebekah@rivera.com,415.326.9255x96647,2021-11-17,2022-08-17,29
713,Smith LLC,India,Florida,West Kimberly,Healthcare,Prospect,TAX409307,bakerpaul@williams-contreras.com,+1-989-833-2614x5430,2024-07-22,2024-10-03,39
714,Barrett Group,United States,Iowa,Lake Rebeccatown,Retail,Prospect,TAX491255,simpsonalyssa@gillespie-thomas.com,558-771-8452,2021-01-23,2021-11-02,72
715,"Ramirez, Kemp and Hamilton",India,North Carolina,Greenfort,Semiconductors,Active,TAX700538,rodriguezjames@kane.com,001-886-752-3777x296,2024-05-06,2024-11-23,69
716,Lopez-Mcdonald,United States,Delaware,Rhondaton,Semiconductors,Inactive,TAX320256,lisa78@johnson.com,+1-980-500-2722x1425,2022-12-06,2023-03-24,53
717,Coleman PLC,Canada,Maryland,New Heather,Manufacturing,Active,TAX268772,hammondjeff@rice-burton.com,420.231.3695x5286,2022-01-12,2022-05-05,79
718,"Newman, Johnston and Welch",Japan,New York,West David,Software,Active,TAX290167,tammy53@hernandez.info,793.989.9204,2024-10-06,2024-12-31,7
719,"Steele, Kline and Decker",Japan,Minnesota,East Jeremy,Manufacturing,Inactive,TAX775990,wmiller@harrison.com,+1-470-582-6971,2024-01-31,2024-03-08,38
720,Johnson-Smith,United States,Delaware,South Cory,Finance,Active,TAX307007,patriciagrant@chen.info,+1-564-484-6735x74223,2024-04-04,2024-12-09,43
721,Farley Ltd,India,North Carolina,Lake Danielport,Retail,Prospect,TAX345925,wendy58@hodge.com,(756)206-2953,2021-07-24,2021-12-16,80
722,Allen-Prince,India,Washington,Linbury,Software,Inactive,TAX609462,wyattdanny@nelson.info,413-207-5384x185,2023-07-12,2023-12-27,79
723,"Jones, Hampton and Thompson",United States,Texas,New Kristenfurt,Retail,Prospect,TAX259797,ashleycortez@diaz.info,3558491215,2024-03-04,2024-12-19,47
724,"Adams, Jones and Miranda",Japan,Utah,Markview,Healthcare,Active,TAX105066,hudsonellen@le.com,887.452.0702x042,2022-10-04,2023-02-07,29
725,"Smith, Dean and Pearson",Germany,Connecticut,Lake Dorothy,Retail,Inactive,TAX390119,kyleeverett@sanchez.org,(878)997-6098x7312,2023-01-07,2023-03-16,43
726,Hall-Yates,Japan,Wyoming,East Samuel,Healthcare,Inactive,TAX476167,bleonard@haley-dominguez.net,+1-697-586-5339,2022-09-18,2023-05-25,71
727,Morrison Ltd,India,Wyoming,Murphyborough,Retail,Prospect,TAX185955,mckayemily@walsh.com,(619)615-0576,2022-07-29,2022-10-08,69
728,"Bowman, Marsh and Mitchell",India,Alabama,North Donaldside,Retail,Prospect,TAX180176,tfoster@ortega.org,797.241.6365x604,2021-06-04,2021-06-13,65
729,Russell LLC,United States,Massachusetts,South James,Manufacturing,Prospect,TAX524814,kproctor@jensen-mccarty.info,519-252-9635,2024-04-23,2024-08-09,5
730,"Watson, Owens and Smith",United States,Mississippi,Danielhaven,Manufacturing,Prospect,TAX595036,stevencraig@evans-archer.com,+1-848-598-9596x546,2024-09-01,2024-11-16,47
731,Compton-Molina,India,Maine,West Jenna,Manufacturing,Prospect,TAX998801,connerkevin@foster.org,693.844.9743,2022-08-19,2022-10-26,60
732,Smith-Blake,United States,Texas,East Jeffrey,Semiconductors,Inactive,TAX481540,vincent29@woods.net,+1-489-341-3210x9720,2023-10-26,2023-10-31,31
733,Gill-Mendoza,Japan,Maryland,Jameschester,Manufacturing,Prospect,TAX273899,matthew92@johnson.com,449-764-6129x3900,2023-11-19,2024-01-29,58
734,Taylor Inc,India,Indiana,Cookfurt,Manufacturing,Prospect,TAX791444,allison96@rivera.info,7866199314,2021-10-27,2022-07-01,46
735,Green LLC,India,Montana,Walkerland,Healthcare,Active,TAX165914,sarahpierce@dyer.com,662.420.3347,2022-06-26,2023-01-01,30
736,Russell-Douglas,India,Alaska,Jessemouth,Software,Prospect,TAX929906,sgordon@owen.com,4853294690,2023-01-10,2023-07-27,61
737,"Bates, Freeman and Small",Canada,California,Bakerton,Semiconductors,Active,TAX780027,jared50@perez.com,(928)794-6652,2022-10-26,2022-12-17,67
738,"Wiggins, Nielsen and Moore",United States,Illinois,New Virginia,Finance,Prospect,TAX376106,albertsmith@morales-frey.com,903.303.3467,2024-03-31,2024-12-31,73
739,"Schwartz, Santiago and Patterson",India,New Jersey,Sarahtown,Retail,Inactive,TAX483041,jchase@lynch-reed.com,502.645.3012,2024-04-18,2024-12-31,10
740,Jackson-Johnson,United States,Louisiana,North David,Healthcare,Active,TAX641455,stephen90@gibson.com,+1-724-605-0764x87177,2023-04-12,2023-10-09,45
741,Rodriguez-Buchanan,United States,Rhode Island,West Brendan,Healthcare,Prospect,TAX106918,danielle38@moore-byrd.com,681-422-5909x56684,2023-10-25,2024-01-04,57
742,Washington Ltd,India,Illinois,Berryland,Semiconductors,Prospect,TAX774734,corymiller@wilson.net,2359869017,2022-07-30,2022-11-15,20
743,Steele-Yates,India,Iowa,West Dale,Finance,Prospect,TAX852146,heather29@moss-merritt.com,412.222.7643x3872,2021-08-31,2022-08-04,30
744,Vincent-Hernandez,United States,Delaware,Thompsonmouth,Finance,Prospect,TAX218844,brittany63@singh.net,934.744.7048,2023-09-14,2024-08-24,62
745,Nelson Inc,United States,Hawaii,Port Neilfurt,Manufacturing,Active,TAX778700,charles53@west.com,(763)429-5634x2777,2023-04-22,2023-05-03,32
746,Barr PLC,India,Georgia,South Christopherfurt,Manufacturing,Prospect,TAX268956,amy29@johnson.org,001-722-794-1156x3029,2021-10-03,2022-08-21,66
747,"Haynes, Morales and Graham",India,New Jersey,Lake Ricky,Manufacturing,Active,TAX158627,elizabeth20@bennett-rogers.com,+1-280-685-1331x380,2021-12-07,2022-04-18,24
748,"Ferguson, Rosales and Bush",United States,Hawaii,Port Dawnburgh,Healthcare,Prospect,TAX690982,clintonpoole@watson.net,+1-315-782-6868x76401,2024-07-29,2024-08-07,37
749,Hawkins-Brown,Canada,Maryland,Karentown,Software,Inactive,TAX735988,nortongregory@sexton.info,358.856.6464,2023-08-24,2024-04-26,22
750,"Anderson, Phillips and White",India,South Carolina,Lake Sarah,Healthcare,Prospect,TAX249644,haroldlee@torres.com,929-948-3147x8911,2024-04-08,2024-07-10,80
751,Bryan Group,United States,Pennsylvania,Barbarahaven,Finance,Active,TAX859364,pearsonwillie@rodriguez.com,2367660200,2024-11-05,2024-12-31,59
752,Adkins PLC,United States,Michigan,New Randy,Semiconductors,Active,TAX496583,smithcrystal@pacheco-nelson.net,280.258.2692,2023-03-01,2023-05-07,14
753,Sanders-Terry,India,Hawaii,Avilabury,Manufacturing,Prospect,TAX817611,gregorypeters@macias.org,(933)376-1851x8626,2023-05-10,2023-07-25,78
754,Hamilton LLC,India,Wyoming,North Teresaborough,Healthcare,Prospect,TAX728950,elizabethmoody@mccullough.org,(318)983-5279,2021-03-21,2021-12-18,65
755,Erickson-Duran,Germany,Vermont,South Stephaniefort,Semiconductors,Inactive,TAX791423,pcruz@henderson.com,001-420-988-1431,2021-09-24,2022-07-29,70
756,"Wallace, Ortiz and Murray",Japan,North Carolina,West Tarachester,Retail,Prospect,TAX552457,amberevans@jimenez.com,001-466-756-8629x591,2023-12-06,2024-07-08,48
757,Harris-Jensen,Japan,Pennsylvania,West Mark,Retail,Prospect,TAX549793,emily07@evans.com,847.929.6694x179,2022-04-15,2022-12-17,49
758,Hart PLC,India,Rhode Island,Parkerfort,Retail,Prospect,TAX704106,angie99@sullivan-jones.net,998.741.6734,2021-07-20,2022-02-22,18
759,Ross PLC,India,Ohio,South Kellyshire,Software,Active,TAX397026,bakerleslie@jackson.com,221-202-6270x66489,2024-05-10,2024-12-31,53
760,"White, Nichols and King",India,North Dakota,Port Jeffreyside,Semiconductors,Prospect,TAX879769,nancyballard@olson-estrada.net,+1-839-597-4185,2021-01-15,2021-11-06,67
761,Hernandez Group,India,Mississippi,North Aaronton,Semiconductors,Inactive,TAX786341,jennifer61@oneal.com,9566418493,2022-02-25,2023-02-12,41
762,Cole-Williams,United States,Wisconsin,Sloantown,Semiconductors,Active,TAX546768,schmidtfernando@lara.com,(951)603-4444x29906,2024-08-27,2024-12-31,33
763,"Cooper, Henderson and Barrera",India,Montana,Fredton,Manufacturing,Inactive,TAX692099,xthomas@wilson.org,+1-767-525-6222x190,2023-01-19,2023-11-28,36
764,Frederick Ltd,Canada,Texas,Scotttown,Healthcare,Active,TAX533301,victor76@weaver-cohen.com,(293)996-5213x835,2024-02-05,2024-11-16,62
765,Montes LLC,India,Michigan,Jefferyburgh,Manufacturing,Prospect,TAX607259,smithjohn@barrett.com,001-773-727-7264x883,2022-06-04,2022-11-08,74
766,"Leonard, Spencer and Jackson",India,Pennsylvania,Georgestad,Retail,Inactive,TAX871523,jenniferedwards@wilson-shaw.info,(391)671-0508x054,2021-10-10,2022-09-12,16
767,Gibson-Adams,Germany,Iowa,Daniellestad,Healthcare,Prospect,TAX269654,kennethrusso@paul.info,559-249-7344,2021-07-25,2021-11-11,66
768,Hall-Dixon,United States,Alaska,East David,Finance,Prospect,TAX743852,robertrusso@barker.net,+1-426-908-7882x815,2024-11-28,2024-12-31,7
769,"Alvarez, Smith and Wilcox",India,Nevada,West Gabrielle,Retail,Active,TAX943442,hunter74@murphy-guerrero.com,001-637-680-1891x5673,2021-07-06,2021-09-18,61
770,Crawford-Moss,Canada,New Hampshire,Mahoneyshire,Healthcare,Active,TAX167193,echapman@walker-cervantes.com,001-299-246-6450,2022-06-23,2022-10-14,48
771,Williams PLC,India,Oklahoma,Timothyshire,Semiconductors,Prospect,TAX502995,schmidtjesus@fletcher.net,+1-968-744-2464x884,2023-04-01,2024-02-09,67
772,Jackson-Bartlett,India,Mississippi,Murphyshire,Manufacturing,Active,TAX911187,karen28@rodriguez.com,997.389.1248x839,2021-12-25,2022-11-17,64
773,Smith-Murphy,United States,Pennsylvania,Ruthview,Software,Prospect,TAX942960,lisa43@crawford-russo.net,(381)312-3038x8568,2023-11-28,2024-04-22,25
774,"Sanchez, Andersen and Vasquez",India,Ohio,West Sierramouth,Manufacturing,Prospect,TAX640869,clayandrew@douglas.org,+1-521-577-9055x2866,2024-12-01,2024-12-31,79
775,Davis-Calderon,India,Massachusetts,Port Jennifertown,Semiconductors,Inactive,TAX350878,james60@garner.org,703-782-9742,2024-09-03,2024-09-03,21
776,Sanchez Group,India,Arizona,Lake Amandaside,Finance,Inactive,TAX470281,foleyjennifer@campbell.com,937-336-1587x3662,2024-10-03,2024-12-31,52
777,Vaughn PLC,United States,Washington,Carrollborough,Manufacturing,Active,TAX872722,john90@smith.biz,554-973-1566,2024-12-12,2024-12-31,12
778,"Lopez, Reed and Wiley",United States,Connecticut,Robertsfurt,Retail,Prospect,TAX711248,kellermary@ruiz.info,5286966605,2022-12-14,2023-06-09,36
779,Boyd Group,India,Kentucky,Caseychester,Software,Inactive,TAX523579,johnsondaniel@murray.com,984-564-0510x38802,2024-03-23,2024-03-25,34
780,Baker Group,India,Nebraska,South Dennis,Manufacturing,Active,TAX685766,bakerjonathon@chavez-rice.org,895.930.9690,2021-05-29,2022-02-10,38
781,Green-Avila,India,Texas,New Glennhaven,Semiconductors,Prospect,TAX370211,sheena87@pitts-webster.com,635-587-2717,2024-01-07,2024-10-27,33
782,May Group,United States,Oklahoma,Port Danielfurt,Healthcare,Prospect,TAX607122,kimberly03@valentine-garza.net,587-538-7758,2022-05-14,2022-11-03,59
783,Sullivan Group,United States,New Hampshire,Port Johnbury,Manufacturing,Active,TAX605382,jacobscindy@mcmahon.com,460.528.2625x42041,2021-08-27,2022-01-06,9
784,Carr Ltd,India,Tennessee,Shannonberg,Software,Prospect,TAX835236,adamsjoshua@brown.info,001-294-919-3245x381,2022-04-16,2022-09-24,53
785,"Jensen, Garcia and Walters",Canada,Georgia,Port Joshua,Manufacturing,Prospect,TAX110195,ujohnson@grant.com,001-463-422-5174,2024-12-06,2024-12-31,32
786,Smith-Collier,India,Vermont,East Robert,Healthcare,Prospect,TAX885161,fergusonchristy@lee.net,(216)230-7028x67202,2022-12-02,2023-01-09,71
787,"Rogers, Sparks and Myers",Canada,Nebraska,North Ashley,Healthcare,Inactive,TAX470711,robertstephens@smith.info,+1-950-501-7325x900,2022-03-24,2023-01-11,35
788,"Murray, Lopez and Osborne",India,Tennessee,Jacksonland,Retail,Prospect,TAX299405,harrislisa@williams.biz,422.310.4546x1719,2023-10-19,2024-01-29,31
789,Flowers-Gibson,Germany,Maryland,South Brian,Finance,Active,TAX340341,mandymalone@vincent-arias.com,(552)616-0252,2022-02-20,2022-06-27,80
790,Thomas Ltd,India,Texas,New Josephmouth,Semiconductors,Active,TAX182300,yware@johnson.com,713-727-6179x48024,2024-10-16,2024-12-31,64
791,"Fernandez, Rodriguez and Johnson",United States,Connecticut,New Elizabethmouth,Manufacturing,Active,TAX989203,jacksonrussell@holder-warner.org,+1-564-978-6862,2023-09-15,2024-03-23,80
792,Kidd-Velez,India,North Carolina,Larryview,Manufacturing,Inactive,TAX614646,dixonjerry@grant.org,2742992164,2022-01-10,2022-09-28,36
793,Duncan-Barber,India,North Dakota,South Cathy,Manufacturing,Active,TAX156778,marthafloyd@ramirez.net,(447)408-2139x86546,2023-12-13,2024-07-16,62
794,"Foley, Jackson and Cuevas",Canada,Illinois,Parksberg,Semiconductors,Prospect,TAX464158,howardmark@juarez.com,5083863467,2023-03-18,2024-03-03,23
795,"Smith, Black and Armstrong",United States,Wyoming,North Johnnyfurt,Semiconductors,Prospect,TAX643377,johnsonstephanie@cruz.com,227.837.9897,2023-08-01,2024-01-09,2
796,Weaver Ltd,India,Michigan,Amyland,Software,Inactive,TAX709231,qcastillo@sanchez-williams.org,001-984-333-6113,2021-07-26,2022-01-08,47
797,Mills Inc,United States,Massachusetts,Lake Cassandrastad,Finance,Active,TAX675210,mark29@hernandez-smith.com,+1-601-653-5346x60756,2022-06-23,2022-10-22,35
798,"Zamora, Nelson and Sullivan",United States,New Hampshire,Lake Brian,Manufacturing,Inactive,TAX483699,piercejoseph@le.net,282-423-8794,2022-01-12,2022-09-24,55
799,Taylor-Schmidt,India,North Carolina,South Josemouth,Retail,Inactive,TAX482812,taylorclarke@walsh-lee.com,(335)470-0412,2023-04-01,2023-08-22,58
800,"Haynes, Rodriguez and Wilson",India,Nebraska,Lake Gregorymouth,Software,Prospect,TAX819335,anne46@ware.info,+1-523-404-6600x128,2022-04-14,2022-06-04,35
801,Miller-Davis,Japan,West Virginia,East Tonya,Manufacturing,Inactive,TAX997904,ashleybranch@simmons.com,+1-650-876-6534,2023-02-20,2023-05-31,19
802,"Williams, Hutchinson and Rios",Japan,Georgia,Barnesbury,Retail,Active,TAX595962,patrick01@davis.com,001-447-424-3586x1768,2021-01-20,2021-04-20,54
803,Sherman-Brady,United States,Florida,Barnettburgh,Retail,Prospect,TAX659921,achavez@myers.com,001-662-624-1976x878,2022-10-09,2023-06-15,39
804,Mcdonald-Miller,India,Hawaii,Lake Jaredtown,Manufacturing,Active,TAX517754,gutierrezsarah@turner.com,(835)443-4046,2021-07-22,2022-07-10,21
805,Hernandez LLC,India,South Dakota,Bridgesstad,Finance,Inactive,TAX979725,michaelandrews@smith.com,511-219-7388x1827,2024-07-13,2024-08-31,58
806,"Patterson, Parker and Rogers",Germany,Pennsylvania,Vincenthaven,Finance,Inactive,TAX477808,jenniferrice@willis-barnes.com,(564)605-1102x1254,2024-02-22,2024-12-03,33
807,Pham and Sons,India,Kansas,North Jeanetteton,Healthcare,Active,TAX468145,cheryl86@colon.info,(518)360-0320,2024-10-23,2024-12-31,26
808,"Griffin, Clayton and Dean",United States,Arkansas,North Lindseyton,Retail,Prospect,TAX664593,clarksamantha@li-allen.info,001-619-378-6016x2590,2021-12-24,2022-05-18,46
809,"Wong, Bruce and Fields",India,North Dakota,Michelletown,Manufacturing,Inactive,TAX912378,jonessusan@walker-moreno.com,4729887807,2023-07-05,2023-08-14,49
810,"Hodges, Espinoza and Mcdonald",United States,Nebraska,South Anthonyhaven,Healthcare,Prospect,TAX251884,maxwelltheodore@anderson.org,001-896-347-7183x75307,2021-12-10,2022-11-02,44
811,White LLC,United States,Oklahoma,Lake Jenniferside,Manufacturing,Prospect,TAX524434,kristen78@smith.com,+1-843-723-6221x69069,2021-05-27,2021-07-06,21
812,Green-Estrada,India,Alaska,Owenstad,Finance,Inactive,TAX784733,kimhannah@lane.com,250-916-4261,2022-08-20,2023-08-18,35
813,Robinson LLC,United States,Arizona,Patriciaburgh,Healthcare,Inactive,TAX566509,melinda19@glenn.com,413.300.4169x10530,2023-01-14,2023-11-10,67
814,Buck-Bennett,Canada,Washington,Kathrynside,Healthcare,Active,TAX292818,zwolfe@bauer.org,434-981-1050x14764,2021-02-17,2021-04-22,31
815,"Wilkins, Richards and Coleman",United States,Delaware,Thomasside,Retail,Prospect,TAX886159,manuel12@townsend.com,723-795-9781,2021-06-13,2021-09-28,22
816,Moore-Dickerson,India,South Dakota,Port Emilymouth,Semiconductors,Active,TAX596171,jeremyreyes@phillips.biz,001-554-267-7205x17107,2024-01-29,2024-02-25,4
817,"Marshall, Ward and Trujillo",Germany,Wisconsin,Schmidtbury,Manufacturing,Active,TAX208976,dbeck@davis.com,780.927.4148,2022-06-22,2023-05-04,20
818,"White, Williams and Hart",India,Michigan,Kayleefurt,Healthcare,Inactive,TAX340497,czavala@peters.com,566.742.0763x271,2022-05-22,2022-10-14,57
819,Barber Group,United States,New Mexico,Holtstad,Software,Prospect,TAX979249,jefferyrice@gordon.com,288-769-3205x534,2021-12-16,2021-12-30,5
820,Mcdaniel PLC,United States,Wyoming,South James,Finance,Inactive,TAX589887,uharmon@nash.com,435-867-0789x77554,2024-01-13,2024-05-31,71
821,Willis Inc,United States,Kansas,Dylanburgh,Retail,Prospect,TAX285636,zclark@hood.com,001-322-927-1117x576,2024-04-25,2024-12-31,59
822,Henderson Inc,United States,Wyoming,Ericside,Retail,Prospect,TAX556106,daniel48@ray-hall.com,(216)490-3922,2023-12-09,2024-10-31,69
823,"Gutierrez, Woodward and Carroll",India,Oklahoma,North Wendyview,Finance,Inactive,TAX665883,erikaadams@brown.com,277-703-1637,2022-04-11,2022-05-26,57
824,"Smith, Johnson and Aguilar",India,Indiana,South Mary,Healthcare,Inactive,TAX263281,jonramirez@walker.com,001-247-863-8083,2022-09-14,2022-09-19,1
825,Green-Moore,United States,Minnesota,Danielbury,Software,Inactive,TAX400692,davidhaynes@white-callahan.com,001-216-435-0496,2023-08-19,2024-05-18,2
826,Higgins-Chavez,United States,Tennessee,Madisonmouth,Healthcare,Inactive,TAX414164,angelatorres@chapman.org,001-795-807-0886x4067,2021-01-19,2021-08-27,38
827,Jackson PLC,United States,Alabama,New Susanburgh,Semiconductors,Prospect,TAX491794,martinkelsey@frank-blackburn.com,+1-504-548-9093x225,2022-01-22,2022-08-20,72
828,Thompson and Sons,United States,Kansas,Carlosberg,Software,Active,TAX849666,rebecca55@wilson.com,545-503-6988x84393,2024-08-15,2024-12-31,49
829,Phillips and Sons,India,Montana,New Ronald,Semiconductors,Inactive,TAX755698,cainanthony@francis.com,(844)712-9075,2022-05-06,2023-01-25,79
830,"Burke, Anderson and Brown",Japan,Georgia,South Richard,Retail,Inactive,TAX398505,castillokyle@ramirez-jones.com,(429)841-9375x9192,2024-08-21,2024-12-31,35
831,Jones-Perez,United States,New Mexico,Jessefurt,Semiconductors,Active,TAX243260,sherrywyatt@wells-hernandez.net,+1-264-461-2096x1730,2022-08-17,2022-10-12,59
832,"Harmon, Patel and Adams",United States,Florida,Bruceburgh,Finance,Prospect,TAX753004,brownhayley@gomez-stewart.com,921.991.4308,2023-10-05,2024-01-09,42
833,"Murray, Taylor and Owens",India,Florida,Heatherview,Semiconductors,Prospect,TAX123205,ericdavis@young.com,001-981-892-0487x706,2022-01-16,2022-03-09,37
834,"Gonzalez, Clark and Young",India,Hawaii,Gomezstad,Retail,Inactive,TAX862427,martintanner@wade.net,285-688-3825x67262,2021-01-17,2021-05-16,12
835,Olson-Barrett,India,Wyoming,West Kevin,Healthcare,Active,TAX458521,michellewalsh@mclaughlin-miller.org,(428)622-2501x8256,2023-05-11,2023-10-17,64
836,Jackson-Jenkins,Canada,Pennsylvania,Nicoletown,Healthcare,Prospect,TAX929868,rosalesgavin@sanchez.com,499-829-0096x6270,2021-03-06,2021-08-22,11
837,Smith-Sellers,Japan,Michigan,New Michaelborough,Software,Active,TAX379449,carlhuff@williams.com,001-919-333-5389x2224,2023-03-15,2023-04-20,70
838,Herring and Sons,United States,Missouri,Lake Brandontown,Software,Inactive,TAX956949,stevenhopkins@ross-ross.biz,2762264385,2023-02-21,2023-02-27,16
839,"Nguyen, Ford and Gonzalez",Canada,Nevada,South Margaretberg,Retail,Active,TAX503489,emilyharris@buchanan.com,+1-694-341-6423x1654,2023-06-27,2023-10-31,5
840,"Gonzalez, White and Harrison",India,Missouri,Thomaschester,Retail,Active,TAX646453,hendersonheather@munoz-white.com,961-575-5188x701,2024-09-25,2024-12-31,61
841,Evans and Sons,India,Arizona,West Ann,Finance,Inactive,TAX266316,xparker@miller-crawford.com,456-753-8694x790,2024-07-12,2024-08-02,71
842,Mejia-Wood,United States,Iowa,Wilkinsonberg,Finance,Inactive,TAX769536,chansen@watts-thompson.net,(341)800-9538x55742,2022-09-04,2022-12-14,47
843,"Ramirez, Morris and Lawrence",Japan,Alaska,New Kimberlyfort,Retail,Active,TAX218414,greenronald@burns-holland.biz,001-814-337-8844x3706,2022-04-29,2023-03-19,56
844,"Goodwin, Bridges and Mccarty",India,Minnesota,Scottchester,Software,Inactive,TAX713099,yanderson@powell.com,+1-341-285-8990x02772,2021-09-03,2022-03-24,32
845,"Parker, Williams and Gibson",India,Oklahoma,Smithbury,Semiconductors,Prospect,TAX921533,robert60@lam-perez.com,246.898.3306x773,2024-11-15,2024-12-31,77
846,Haynes-Clay,India,Delaware,East Jessica,Semiconductors,Active,TAX265358,ejenkins@day.net,588.865.3859x067,2023-10-21,2023-12-06,80
847,Torres and Sons,India,Vermont,Archertown,Retail,Active,TAX162678,lauren50@walsh.com,001-870-548-6186x706,2022-12-30,2023-11-25,20
848,Combs Inc,Germany,Montana,New Sarah,Semiconductors,Active,TAX611540,wellssherry@perkins.org,798-527-1826,2022-04-22,2022-10-01,72
849,Ford Group,Germany,West Virginia,New Rodneyport,Finance,Inactive,TAX868804,george94@johnson.org,+1-631-735-4901,2022-01-31,2022-02-10,49
850,"Bishop, Barnes and Johnson",India,Missouri,North Christina,Software,Inactive,TAX141406,xlee@davies-moreno.com,388.843.0217,2023-09-21,2024-09-16,57
851,Shaw-Pennington,United States,Missouri,Finleyview,Manufacturing,Prospect,TAX613898,ericacooper@rose.com,564-992-8150,2022-01-24,2022-11-10,24
852,Wilson Inc,United States,Rhode Island,South Crystal,Finance,Prospect,TAX591147,griffinbrandon@palmer.com,717.226.2829x68244,2022-07-18,2023-05-20,71
853,"Jefferson, Ellis and Black",India,Texas,Stephanieburgh,Manufacturing,Active,TAX571213,fwelch@barnes.biz,001-419-261-2766,2022-08-29,2023-01-10,70
854,"Johnson, Anderson and Smith",India,South Carolina,South Brianburgh,Semiconductors,Prospect,TAX630535,qlee@adams-nguyen.org,(424)758-7012x0424,2023-02-16,2023-05-21,3
855,Russell Inc,United States,Pennsylvania,East Summermouth,Finance,Prospect,TAX350385,john28@hudson-sullivan.com,796.470.2436,2022-10-19,2022-11-20,69
856,"Parker, Bell and Walker",Japan,Wisconsin,Scottland,Software,Prospect,TAX816412,xclarke@frazier-arellano.biz,001-748-682-1597x738,2023-10-16,2024-07-24,20
857,"Ross, Hernandez and Gonzalez",United States,Florida,South Benjamin,Finance,Inactive,TAX772036,mroman@cordova.com,(894)497-2204x298,2022-10-22,2022-12-17,13
858,Ali PLC,United States,South Carolina,North Patrick,Semiconductors,Active,TAX975763,djones@silva.biz,+1-899-929-9833x587,2021-09-23,2021-12-23,5
859,"Simpson, Carr and Watson",India,Wyoming,Smithville,Healthcare,Active,TAX203550,jonathanthompson@meza.com,453-898-3912,2021-03-07,2021-12-24,50
860,Johnson Inc,United States,Maine,Brandonmouth,Manufacturing,Prospect,TAX835381,nthomas@burgess.com,9497134103,2024-04-23,2024-09-01,7
861,Santana PLC,India,New Mexico,North Brittany,Manufacturing,Prospect,TAX174316,qnewman@phillips-newton.com,905-892-0823x5309,2021-01-27,2021-05-13,63
862,Franklin-Mcbride,Canada,South Carolina,Angelicafurt,Semiconductors,Inactive,TAX939930,rosecarroll@morse.com,(382)801-7530x7966,2024-08-01,2024-09-01,47
863,"Cook, Castillo and Todd",United States,Tennessee,Melissatown,Healthcare,Inactive,TAX932831,john47@martinez-martin.com,937-995-6100,2024-12-21,2024-12-31,79
864,Gonzalez-Jackson,India,New York,Bryanchester,Semiconductors,Prospect,TAX173807,toddkathleen@church.com,+1-599-619-3873x370,2022-09-15,2022-10-24,28
865,"White, Carter and Davies",Canada,Louisiana,Mitchelltown,Semiconductors,Active,TAX860397,trevor07@benjamin.com,910-576-5191x70851,2022-04-19,2023-01-16,50
866,"Jackson, Medina and Reed",India,Louisiana,Patrickview,Manufacturing,Prospect,TAX360846,jacobscharles@hicks-cooper.net,001-811-257-4496x5391,2024-03-13,2024-12-31,23
867,"Vasquez, Kennedy and Williams",United States,Alabama,Port Laurie,Manufacturing,Inactive,TAX882351,luis41@hill.org,001-282-521-8039x662,2021-08-05,2022-06-27,74
868,"Watson, Hoover and Spencer",India,Utah,Courtneytown,Healthcare,Prospect,TAX797557,aferguson@myers.org,001-451-564-6933x356,2023-05-25,2023-07-17,22
869,Cantu PLC,Germany,New Jersey,Josephtown,Manufacturing,Inactive,TAX629208,gillmary@williams-cortez.org,+1-370-692-0199,2022-11-23,2023-10-25,21
870,Miller and Sons,United States,Utah,Port Peter,Manufacturing,Inactive,TAX469438,davisamanda@morgan.biz,421.419.6047,2022-10-08,2023-07-16,42
871,Edwards PLC,Japan,New Mexico,South Thomasview,Healthcare,Prospect,TAX551504,jennifer47@wolfe.com,+1-631-871-4619x9539,2022-10-25,2023-09-01,31
872,Lara-Cuevas,United States,Florida,Whitemouth,Software,Inactive,TAX902903,xlivingston@cherry.biz,284-502-5787,2024-02-01,2024-06-10,47
873,Black-Williams,Canada,Arkansas,Youngfurt,Healthcare,Inactive,TAX100205,aallen@williams-simon.com,+1-364-409-8910x3909,2021-03-12,2021-08-04,77
874,Trujillo and Sons,India,South Dakota,East Michaeltown,Software,Inactive,TAX106887,matthew37@carroll-horton.com,819.226.0098,2022-09-08,2022-12-30,28
875,Roy Group,Japan,Minnesota,Michaelmouth,Semiconductors,Prospect,TAX962283,lisa92@flores.net,+1-844-753-8118x081,2022-07-20,2023-04-29,66
876,"Bell, Lewis and Mercado",United States,Maine,Raymondfurt,Manufacturing,Active,TAX198867,michelleharper@watson.com,266-603-6162x48607,2021-03-19,2021-11-09,46
877,Shields-Moore,India,Nebraska,Smithborough,Finance,Inactive,TAX710434,lauren15@diaz.com,273-716-7156,2022-05-27,2022-09-23,33
878,"Alexander, Brown and Anderson",Japan,Kentucky,Charlesbury,Semiconductors,Prospect,TAX519218,kyle94@mckinney.com,315.879.0571,2024-03-11,2024-06-30,10
879,Brandt-Zuniga,Germany,Virginia,Carpenterchester,Healthcare,Active,TAX611994,paul18@lee.org,948.376.8057x0237,2024-11-13,2024-12-31,74
880,"Baker, Foley and Shaffer",Japan,Connecticut,East Anthony,Semiconductors,Prospect,TAX773452,ryan33@jefferson.org,001-473-723-9644x028,2022-09-08,2022-09-27,74
881,Hines Group,India,New Jersey,Williamsonshire,Semiconductors,Inactive,TAX464831,jonathangonzales@howell.com,385.620.2320,2023-06-09,2024-01-08,16
882,"Frey, Brown and Jensen",Japan,Iowa,New Joshua,Software,Prospect,TAX784488,jasonphillips@jones.org,8752515452,2024-05-18,2024-05-23,49
883,Morris-Carroll,India,Rhode Island,East Andreabury,Manufacturing,Active,TAX434827,johnsonjennifer@kramer-rollins.com,+1-222-862-2777x73316,2024-01-11,2024-10-26,20
884,Mcfarland-Blair,India,Alaska,Smithside,Retail,Active,TAX260639,brian60@mendez-jackson.net,924-710-7402x7406,2021-04-14,2022-03-24,51
885,"Jackson, Chavez and Taylor",Canada,Oregon,Port Saraburgh,Manufacturing,Prospect,TAX629247,cameronjohn@lee-romero.com,+1-564-361-4974x5979,2021-07-04,2021-10-25,56
886,"Schaefer, Pollard and Hale",India,Oregon,Goodmanside,Healthcare,Active,TAX238610,megan91@george-mccarthy.biz,4998550493,2022-11-20,2023-01-01,61
887,Phillips-Anderson,United States,West Virginia,New Jonathan,Semiconductors,Prospect,TAX518582,ggarcia@higgins.net,+1-411-959-4853x4001,2022-06-22,2022-08-04,52
888,Figueroa-Huerta,United States,Hawaii,East Lisa,Retail,Active,TAX899049,sheila42@martin.net,001-971-288-8223x788,2021-10-04,2022-06-07,72
889,Sandoval-Kaufman,India,Maine,South Alexafurt,Healthcare,Prospect,TAX699083,archerjames@scott.info,001-899-584-6058x6794,2022-02-06,2022-11-20,79
890,"Weaver, Maddox and Chase",Canada,New Hampshire,East Randall,Manufacturing,Active,TAX354085,williamsamy@beard.com,6167555786,2021-05-27,2021-10-10,56
891,Wade-Mills,India,Montana,Markstad,Manufacturing,Active,TAX217996,lbell@harrison-hill.com,6682758682,2024-10-07,2024-12-31,55
892,Jones-Reyes,India,Kentucky,Danielburgh,Software,Inactive,TAX461260,michelle41@chapman.com,738.968.6083,2024-05-01,2024-12-31,4
893,Cross Group,Germany,Alaska,South James,Software,Inactive,TAX746154,lisa42@hunt.com,(605)308-9830,2023-06-25,2024-05-09,19
894,Adams PLC,United States,Alabama,Littlefort,Software,Active,TAX818651,kparrish@taylor-nelson.com,+1-241-635-6948,2023-02-05,2023-04-25,11
895,Rocha-Marshall,India,Minnesota,Waltonfort,Semiconductors,Active,TAX751168,vanessa09@jimenez-fowler.com,001-240-459-8026,2021-10-30,2022-03-26,2
896,"Jensen, Nelson and Curtis",India,Arizona,North Michael,Semiconductors,Inactive,TAX571923,martinramirez@mcdonald.com,8319977748,2023-08-23,2023-09-03,43
897,Lynch-Sosa,India,Delaware,Carlchester,Manufacturing,Active,TAX313701,victoria82@smith.com,+1-458-868-4196x233,2024-01-25,2024-10-18,34
898,Doyle LLC,United States,Washington,Moranview,Manufacturing,Prospect,TAX248213,stephenroberson@reilly-clark.info,306.362.9315,2024-11-24,2024-12-31,3
899,Fernandez-Hernandez,India,Wyoming,South Madeline,Retail,Prospect,TAX145594,anna69@wheeler.com,227.423.7179,2022-06-08,2022-09-03,8
900,Perez Ltd,India,Oregon,North Jeanettechester,Retail,Prospect,TAX384459,madison87@lambert.com,379.254.1767x553,2021-04-19,2021-12-13,2
901,Curry-Ford,India,California,Brandymouth,Retail,Inactive,TAX795186,jmorrison@turner.biz,(868)538-4887,2024-09-13,2024-12-31,14
902,"Johnson, Moore and Smith",India,New Mexico,Millerbury,Retail,Inactive,TAX342397,lmaldonado@walls.org,8513881298,2023-02-19,2023-11-06,13
903,"Wang, Ochoa and Johnson",Canada,New York,South Paulton,Healthcare,Prospect,TAX657381,williamsbrenda@castillo.org,+1-826-689-3348,2021-06-30,2021-10-03,26
904,"Barrera, Morse and Sanchez",United States,Massachusetts,South Travismouth,Healthcare,Prospect,TAX847078,yatkins@grimes.com,001-770-277-3123x155,2021-02-14,2021-03-06,32
905,"Richard, Flores and Lowe",Canada,Arizona,Davidland,Finance,Inactive,TAX613731,rwilliamson@walker.com,3456883114,2023-03-17,2023-06-05,3
906,Tapia-Curtis,India,Vermont,Port Elijahbury,Finance,Inactive,TAX755602,melissa36@mooney.biz,001-689-610-9779x78023,2022-09-12,2023-01-10,65
907,Simmons-Carter,India,Nebraska,Andrewsport,Semiconductors,Prospect,TAX370196,hermanveronica@swanson-simmons.com,9165329573,2023-03-04,2023-03-19,72
908,Kelly Group,Canada,Mississippi,Mccarthyburgh,Software,Active,TAX458388,elainehall@long.com,(591)458-5423,2023-03-16,2024-02-15,18
909,Davis-Bond,India,West Virginia,Caseystad,Healthcare,Prospect,TAX810929,amanda96@johnson-owens.com,346-974-6215x9584,2024-06-08,2024-12-31,30
910,Yang-Mclean,United States,South Carolina,South Brycetown,Manufacturing,Active,TAX547180,alexander22@palmer.biz,001-881-241-3447,2022-10-02,2023-08-07,43
911,"Garza, Roth and Harris",United States,New York,Robertsberg,Software,Active,TAX784167,amandaroberts@shea.com,(565)809-9621,2021-10-11,2022-08-04,70
912,Chavez-Martinez,United States,West Virginia,Fritzchester,Software,Active,TAX424008,acisneros@bright.biz,242.302.2234,2024-11-11,2024-12-31,68
913,Hardy Group,Canada,Oklahoma,South Tracy,Healthcare,Active,TAX788108,davismichelle@jones.biz,344-909-2335,2024-03-02,2024-05-21,41
914,York-Velez,India,Nevada,Donaldfurt,Manufacturing,Prospect,TAX224138,rodriguezpatrick@walton-gray.com,001-495-969-5592,2022-01-13,2022-06-24,19
915,"Gonzales, Rosales and Baker",Germany,Colorado,Cathytown,Finance,Inactive,TAX531228,saranovak@morris.com,213-644-4867x22883,2022-09-14,2023-04-28,36
916,Fischer-Frye,India,California,Saraview,Software,Active,TAX237935,ssimon@brooks.com,001-932-751-1497,2022-01-14,2022-01-27,79
917,Brown Ltd,United States,Alabama,Alexismouth,Manufacturing,Prospect,TAX742108,john76@davis-lee.net,(380)701-8731x439,2022-04-18,2023-02-17,30
918,Mays LLC,India,Iowa,Olsonchester,Semiconductors,Inactive,TAX183336,crystallandry@tucker.com,+1-671-409-6856,2024-11-10,2024-12-31,18
919,Juarez-Combs,United States,Nebraska,East Michelleshire,Manufacturing,Inactive,TAX846606,johnstokes@watson.com,001-730-760-0230x286,2024-08-23,2024-12-31,24
920,"Smith, Nguyen and Guerra",Japan,Hawaii,Joyceville,Healthcare,Inactive,TAX244192,kristina06@castillo-garcia.com,459-492-0166x338,2021-12-02,2022-03-10,29
921,Farrell LLC,India,Arizona,West Jesseshire,Semiconductors,Inactive,TAX533108,jackthompson@gray-pena.com,+1-590-411-3484x33913,2022-04-01,2023-03-10,26
922,White-Gray,Germany,Delaware,East John,Semiconductors,Active,TAX560623,matthew64@martinez-torres.net,(544)697-6024x9866,2024-06-17,2024-12-31,42
923,Mcgee Ltd,Japan,Pennsylvania,Johnmouth,Software,Inactive,TAX524533,pweber@stanley-pierce.com,(897)835-6152,2021-03-27,2022-02-01,49
924,Cervantes-Hart,Germany,California,Tonyfurt,Healthcare,Prospect,TAX878533,mitchellsanchez@dixon.com,447-653-3695,2024-03-17,2024-12-31,69
925,Waters-Rush,United States,Wisconsin,Hamiltonmouth,Retail,Active,TAX645940,matthewhoffman@norris.org,+1-453-624-3679,2021-08-12,2022-03-31,59
926,Morgan Inc,Japan,Hawaii,Boyerchester,Semiconductors,Active,TAX643899,juliepayne@nguyen.com,(985)586-3906x16824,2024-01-07,2024-07-27,6
927,"Franklin, Preston and Payne",United States,Texas,South Colebury,Manufacturing,Prospect,TAX151690,garciapenny@rios.com,2733726072,2022-01-24,2022-06-22,57
928,Herrera-Henderson,India,New Mexico,New Paulafurt,Finance,Inactive,TAX583757,audrey12@werner.com,001-447-862-5429,2021-12-07,2022-07-11,38
929,"Phillips, Christensen and Harris",United States,Illinois,South Dillonshire,Semiconductors,Prospect,TAX642081,alexander69@wagner-ortega.com,(966)249-7196,2021-10-19,2022-06-13,58
930,Fleming-Pierce,India,Indiana,Jeffreyville,Manufacturing,Active,TAX288503,garciapeter@bell.com,563-599-4901,2024-04-13,2024-12-31,70
931,Nelson LLC,India,Indiana,Lowerychester,Healthcare,Inactive,TAX572788,ndouglas@hill.org,+1-241-301-6793,2021-02-21,2021-05-23,59
932,Kerr-Davis,United States,Montana,West Bethshire,Retail,Active,TAX576769,ingrambrandon@douglas-livingston.com,(388)266-1680,2021-07-04,2021-11-09,42
933,Carter Inc,United States,Wyoming,West Wayne,Retail,Active,TAX853270,kevin42@clark.com,(907)391-7913x86015,2021-09-11,2021-10-27,15
934,"Stephenson, Gibbs and Wilson",Germany,Florida,New Evelyntown,Retail,Inactive,TAX189450,kevinmarshall@martin.net,+1-514-811-2874x5271,2023-12-09,2024-12-05,50
935,Sweeney-Richardson,Germany,Missouri,Michelleborough,Manufacturing,Prospect,TAX267666,allenkristina@johnson.info,291-361-9423x2154,2023-02-15,2023-11-23,49
936,"Young, Mora and Robinson",India,Arkansas,Carlsonchester,Software,Inactive,TAX692960,paulrussell@olsen-rogers.com,(374)910-2547,2024-09-12,2024-11-27,21
937,"Daniels, Bush and Hill",Japan,North Dakota,Ronaldport,Software,Prospect,TAX153802,tinajohnson@garza.com,(475)863-5584x22717,2023-05-10,2023-10-14,40
938,Anderson-Valdez,Germany,Montana,Anthonyfurt,Healthcare,Inactive,TAX756883,alvarezelizabeth@carter.com,930-368-6240,2022-01-06,2022-03-07,17
939,Smith Ltd,Canada,Nebraska,Weaverton,Semiconductors,Prospect,TAX902575,vanessa17@herrera.info,(423)481-1522x32822,2022-06-03,2022-06-09,59
940,Smith-Ramirez,United States,Massachusetts,New James,Healthcare,Prospect,TAX946677,anthony41@barber.com,791.935.1135x053,2021-01-12,2021-11-19,64
941,Martin Ltd,India,North Dakota,Port Adrian,Manufacturing,Prospect,TAX598820,oroberts@boyle.com,+1-678-730-2801x041,2023-07-19,2024-02-13,57
942,Turner PLC,India,Michigan,Port Kathleen,Manufacturing,Active,TAX356600,spearsjose@peters-marsh.com,001-728-902-1889x3063,2024-01-26,2024-06-16,80
943,"Day, Donaldson and Nunez",United States,Iowa,Grantville,Software,Active,TAX293818,connorholloway@swanson.com,001-669-290-5585x5759,2021-10-31,2021-11-28,45
944,"Malone, Lopez and Jacobson",India,Alabama,Morrisonchester,Semiconductors,Prospect,TAX706174,norrismichael@meyer.biz,5619065673,2024-05-20,2024-10-19,43
945,Watson-English,Canada,Colorado,Floresmouth,Semiconductors,Active,TAX537211,odavis@beck-jones.org,+1-902-853-0843,2022-01-01,2022-03-24,37
946,"Austin, Bowman and Sweeney",United States,Maine,Kevinfort,Retail,Prospect,TAX723870,marcuswalter@schmidt.com,624.323.4800,2024-03-18,2024-12-30,23
947,Fletcher-Parker,Canada,Washington,Matthewfurt,Retail,Prospect,TAX477685,murphymatthew@campbell-frye.com,(527)596-0242x5703,2021-03-15,2021-05-01,39
948,"Thomas, Norton and Lowe",India,Maine,Howardbury,Healthcare,Active,TAX895284,morrisamanda@fox.com,302-996-6299x172,2023-05-26,2024-03-02,9
949,Bean-Burke,India,Florida,West Christophermouth,Software,Active,TAX828361,rebeccahoward@garza.biz,+1-437-206-3250x313,2022-07-17,2023-01-01,68
950,Schmidt-Pace,United States,Minnesota,East Edwardchester,Software,Prospect,TAX319205,powersbrandon@allen.com,397.819.0000x2956,2024-06-07,2024-07-06,14
951,Lopez LLC,United States,Missouri,Hollyland,Retail,Prospect,TAX191928,michael94@acosta.org,(830)945-3231,2023-09-18,2024-09-04,78
952,Moon-Ferguson,Canada,California,Martinport,Retail,Inactive,TAX547798,pgross@smith-singh.org,753-491-1776x6650,2024-05-31,2024-11-09,34
953,"Ruiz, Kemp and Barnes",United States,Florida,Port Barbaraside,Manufacturing,Inactive,TAX236014,underwooddeborah@kelley-russell.com,001-890-922-3116x7870,2024-06-12,2024-12-31,64
954,"Patterson, Rogers and Taylor",United States,Illinois,Martinezstad,Retail,Inactive,TAX616428,charlestaylor@black.biz,271.214.2943,2022-01-04,2022-11-12,30
955,Mcmillan and Sons,Germany,New Jersey,Kendrabury,Software,Active,TAX223949,morganwarner@clark.biz,(998)566-9327x841,2021-02-19,2021-10-15,16
956,"Crawford, Peterson and Jones",Germany,Michigan,New Donald,Software,Prospect,TAX534773,garciajoshua@olsen.com,001-466-642-6735x127,2023-04-28,2023-05-21,43
957,Hahn-Walker,India,Kansas,Clementsstad,Retail,Active,TAX111846,wedwards@austin-madden.com,678.849.6224x94510,2024-08-04,2024-11-15,37
958,"Taylor, Smith and Gutierrez",India,Florida,Murphyside,Semiconductors,Inactive,TAX414870,michele20@cannon-christensen.biz,001-672-493-5097x934,2023-11-04,2024-08-11,42
959,Anderson Inc,Germany,Maryland,Meltonstad,Semiconductors,Prospect,TAX449472,lopezkristin@orozco-murray.com,557-597-2518x4070,2022-12-01,2023-06-21,73
960,"Carr, Anderson and Carter",United States,Oklahoma,Port John,Semiconductors,Active,TAX303440,jbrewer@brown.com,567-467-0636,2022-11-08,2023-04-30,62
961,"Simmons, Smith and Jones",Canada,Florida,North Lorraine,Semiconductors,Prospect,TAX242348,vancejennifer@carter.com,001-883-933-6796x08289,2023-09-14,2023-12-02,59
962,"Singh, Miller and Clark",Japan,Alabama,Danielleview,Manufacturing,Inactive,TAX584935,pamela92@hart.biz,790-213-2495x193,2023-04-28,2023-05-26,67
963,"Costa, Baxter and Jones",India,Michigan,Peterfort,Retail,Prospect,TAX430828,kristin80@rich.net,001-504-341-0404,2024-02-12,2024-11-12,3
964,Sullivan-English,India,Michigan,Lake Jasonmouth,Retail,Inactive,TAX938373,alexandrapena@robertson-robinson.com,755.880.3090x168,2022-12-26,2023-01-28,20
965,West-Tucker,India,New Hampshire,Barryton,Semiconductors,Inactive,TAX493468,pamelatyler@garcia.net,+1-337-316-1158x6686,2024-07-07,2024-12-31,22
966,"Duncan, Serrano and Cruz",United States,Minnesota,Lake James,Healthcare,Active,TAX724103,cjones@flores.net,853.745.8195,2021-08-28,2022-02-01,41
967,Thornton-Gardner,Germany,Kansas,Stephaniebury,Finance,Inactive,TAX191014,justinhughes@thomas.info,580-215-8466x87930,2023-10-15,2024-02-13,48
968,Kramer LLC,United States,Indiana,Port Steven,Finance,Active,TAX650607,bmolina@castro.com,+1-950-525-2854x6130,2022-09-12,2022-12-10,15
969,Nichols PLC,India,New Mexico,Lake Megan,Semiconductors,Active,TAX197102,ocannon@grimes.info,271.218.4252x7863,2023-06-28,2024-03-13,4
970,Ramos Inc,Germany,Georgia,North Margaretview,Manufacturing,Active,TAX299451,jamesleonard@robinson-byrd.com,(877)771-9619x971,2022-11-28,2023-08-02,68
971,"Bishop, Bailey and Ross",India,Wyoming,Russellton,Finance,Active,TAX906859,pwarren@roberts.com,5959224265,2021-07-21,2022-04-11,17
972,"Gonzalez, Neal and Martinez",India,Colorado,Port Jonathantown,Semiconductors,Inactive,TAX506415,ssmith@mendoza-sanchez.com,001-815-279-1150x10162,2023-12-06,2024-02-03,1
973,Gordon and Sons,India,Montana,Annborough,Semiconductors,Prospect,TAX989322,megan59@boyer-sellers.com,454.388.3571,2024-05-02,2024-06-15,43
974,Duncan-Kennedy,United States,Colorado,Patrickhaven,Semiconductors,Active,TAX645865,ymercer@shelton-allen.com,4316726652,2024-09-11,2024-12-31,3
975,Ryan-Baker,United States,Pennsylvania,Lake Tyler,Finance,Prospect,TAX320039,kellywilliams@norris.com,3862014605,2022-10-20,2023-01-30,25
976,"Cannon, Ramirez and Holloway",India,New York,South Stephanieborough,Manufacturing,Inactive,TAX910326,kochheather@mcneil.biz,+1-536-393-0100x0908,2023-06-23,2024-05-31,16
977,"Ramos, Wilson and Smith",India,Maryland,East Alisonbury,Software,Inactive,TAX220020,holly41@stephens-harding.com,+1-809-830-4376x613,2021-02-01,2021-12-16,72
978,Ferguson Ltd,United States,Alaska,East Tracichester,Software,Prospect,TAX467335,baileytracey@turner.com,001-870-953-1105x83309,2024-01-31,2024-07-12,35
979,Jacobs PLC,India,North Carolina,Tiffanyville,Retail,Inactive,TAX701969,burgessdonald@obrien-wells.biz,001-450-516-7671x8776,2022-05-17,2022-08-12,10
980,Mcintosh-Reynolds,India,North Dakota,Angelfurt,Finance,Prospect,TAX565198,stevemorales@moore.net,001-280-993-7616x522,2021-04-14,2021-06-19,4
981,Carpenter-Allen,United States,Massachusetts,East Marcusfort,Retail,Active,TAX211072,bmarshall@villegas-huff.biz,908-338-5805x0141,2023-02-25,2023-03-24,12
982,Rivera-Arnold,United States,Illinois,Port Donstad,Software,Prospect,TAX725078,fbell@patel.com,960.905.0092x44928,2024-04-28,2024-12-31,58
983,Fowler-Riddle,United States,South Dakota,Lake Allen,Finance,Inactive,TAX957150,brittanysmith@simon.com,+1-701-486-0742x9069,2022-02-10,2023-02-10,69
984,Martin and Sons,India,Nebraska,Port David,Healthcare,Prospect,TAX238197,cruzolivia@patton.com,9247266249,2021-07-10,2022-07-02,60
985,Harrison Ltd,India,South Dakota,Virginiamouth,Finance,Prospect,TAX775721,shenson@roman.com,(695)767-4068x7354,2024-12-25,2024-12-31,61
986,King Ltd,India,California,Oscarchester,Software,Active,TAX746910,ggomez@wade.net,948.535.8626,2022-06-13,2022-12-16,51
987,Irwin-Gallegos,India,North Dakota,Johntown,Retail,Inactive,TAX927094,hkennedy@smith-romero.org,232-769-8344x3695,2022-10-28,2023-06-17,63
988,Hines LLC,India,Massachusetts,West Virginiaton,Healthcare,Active,TAX468512,amandamorales@oconnor.com,434.729.3907x737,2023-09-08,2024-05-01,22
989,Reid-Weeks,India,Texas,East Annatown,Finance,Prospect,TAX702593,fishermatthew@rodriguez-johnson.com,001-304-450-2814x353,2021-09-18,2022-06-05,14
990,Carlson-Ingram,United States,Utah,Port Jeffrey,Retail,Active,TAX441699,woliver@lopez-salinas.com,723-459-0426,2024-02-13,2024-12-31,10
991,Montoya-Hernandez,Germany,Nevada,Escobarstad,Manufacturing,Inactive,TAX520286,holtalexandra@walker-lee.com,(345)314-6091x935,2024-04-24,2024-11-21,31
992,Wade-Leblanc,United States,Minnesota,Larrybury,Manufacturing,Active,TAX605806,whale@taylor-lopez.com,(473)837-4612x15756,2023-02-26,2023-03-31,44
993,Andrade-Thompson,India,Nevada,New Jonathanville,Retail,Prospect,TAX552091,amyers@howell.com,+1-663-703-9951x670,2023-06-11,2024-03-27,44
994,Joseph Ltd,United States,South Carolina,Port David,Software,Active,TAX794799,ralexander@meza.com,688.480.4851,2024-10-03,2024-11-11,74
995,Thomas PLC,Japan,Kansas,Evanston,Semiconductors,Prospect,TAX725030,angelafloyd@rodriguez.com,255.676.7299x1154,2023-08-07,2024-01-20,72
996,"Green, Woodard and Boyd",India,Virginia,Lake Kevin,Healthcare,Active,TAX422998,xandrade@herman.com,+1-429-877-1150x62917,2023-04-12,2023-05-17,77
997,Lamb-Browning,India,Indiana,New Daniel,Manufacturing,Inactive,TAX443312,nthomas@manning.net,939.522.1983x6915,2023-10-10,2024-09-04,8
998,"Stevens, Strickland and Wilson",India,Alaska,Derrickhaven,Software,Prospect,TAX891662,cfreeman@carter.com,(530)944-5002x026,2024-07-26,2024-07-26,19
999,"Salazar, Eaton and Garner",United States,Maryland,Nicoleburgh,Healthcare,Prospect,TAX405663,wesley76@young.com,4935467541,2023-03-10,2024-01-19,74
1000,Weaver-Davis,United States,California,Port Andrea,Software,Prospect,TAX431976,seanjones@garcia-sanchez.biz,4187422013,2022-09-06,2023-06-24,39
1001,Thompson PLC,Canada,West Virginia,Lake Jessica,Healthcare,Prospect,TAX460987,umills@jenkins.net,001-617-936-9078,2021-07-02,2022-04-26,2
1002,Olson-Williams,United States,Alaska,Davidview,Manufacturing,Inactive,TAX988811,deleontammy@bryant.com,785-308-9512x370,2021-09-19,2022-02-16,8
1003,Khan PLC,India,Wisconsin,New Josephport,Manufacturing,Active,TAX100884,jordan56@kennedy.biz,992-376-7137,2024-12-11,2024-12-31,46
1004,"Fischer, Mason and Perry",India,Georgia,Allenstad,Finance,Active,TAX346668,vrodriguez@hubbard-james.info,+1-530-955-7371,2023-06-04,2024-05-28,76
1005,"Mitchell, Haney and Martin",India,Florida,Lake Diana,Finance,Prospect,TAX501384,elizabeth14@cobb-blackwell.com,363.730.4117x6142,2023-04-12,2023-10-24,56
1006,Phillips and Sons,United States,Delaware,Mooneychester,Retail,Active,TAX597938,paigeperry@johnson-wright.com,(289)269-8703x6883,2021-10-12,2022-01-16,72
1007,Weaver-Tucker,India,Rhode Island,South Jessica,Finance,Inactive,TAX261760,cannonbarbara@francis.org,327-206-5934,2022-08-14,2023-07-23,17
1008,Williams-Newton,India,Utah,New Clinton,Semiconductors,Prospect,TAX116470,gjackson@campbell.net,901.781.7960,2021-10-22,2022-06-28,56
1009,"West, Salazar and Tyler",Canada,Washington,Marissafort,Software,Active,TAX243885,bonnie79@brown.com,311.248.6565x8189,2024-08-08,2024-12-31,59
1010,Jones-Lewis,Japan,Utah,Richardbury,Retail,Prospect,TAX546383,kaiserjames@jackson.com,(372)361-6949x637,2024-06-30,2024-09-30,59
1011,"Combs, Lewis and Farrell",United States,Virginia,South Alyssaburgh,Manufacturing,Inactive,TAX503402,wilsonjamie@porter.info,(732)616-3361x317,2022-12-29,2023-04-23,24
1012,"Johnson, Abbott and Collins",United States,Rhode Island,East Thomasburgh,Semiconductors,Prospect,TAX622355,kara58@gordon-peterson.biz,499.481.2743,2022-04-30,2023-04-29,65
1013,Waters-Mcclain,India,Connecticut,Stokesland,Manufacturing,Prospect,TAX484795,marcusgilmore@soto.info,(721)623-6018x63994,2021-03-10,2021-03-29,73
1014,Summers Ltd,United States,Wyoming,Lucasville,Finance,Active,TAX708455,peter09@smith.org,(685)290-9645x9872,2023-09-14,2024-09-01,11
1015,"Galloway, Carr and Cline",India,Vermont,South Timothyborough,Retail,Prospect,TAX887042,debra16@romero-jones.com,397.936.7072,2022-07-27,2023-03-22,67
1016,"Perez, Carter and Smith",India,Idaho,Davidburgh,Manufacturing,Active,TAX357143,jessicalandry@barker.com,3633236540,2023-08-26,2024-07-13,10
1017,"Gibbs, Roberts and Jackson",United States,Wisconsin,Erictown,Manufacturing,Prospect,TAX427679,heathersanchez@smith-burke.info,(351)618-6156x40994,2024-06-09,2024-07-06,44
1018,Bell-Oliver,United States,South Carolina,East Taylormouth,Semiconductors,Inactive,TAX576089,mariah24@branch-cohen.org,8827611035,2023-11-16,2024-07-13,74
1019,"Adams, Curry and Wheeler",Germany,Idaho,Lake Summerbury,Healthcare,Inactive,TAX936997,yreyes@aguilar-zuniga.biz,+1-322-395-3386x194,2022-08-27,2023-01-22,22
1020,"Carson, Patton and Lee",India,Utah,Port Christinebury,Manufacturing,Prospect,TAX418841,david24@gray.com,934.763.3488x93343,2024-02-29,2024-07-11,8
1021,Crosby Ltd,United States,North Dakota,Grahamview,Manufacturing,Active,TAX700687,romerokimberly@cain-thompson.com,001-782-269-2855x0743,2021-04-16,2022-03-18,38
1022,"Atkins, Martin and Malone",Japan,Oklahoma,Chelseafort,Manufacturing,Active,TAX400748,wrightronald@russo.com,+1-217-265-0471x883,2023-09-20,2023-11-01,17
1023,"Yates, Peterson and Taylor",United States,North Carolina,Lewisview,Finance,Inactive,TAX238976,jodi96@bennett.org,+1-299-847-0617,2024-06-15,2024-11-05,36
1024,"Williams, Mathis and Howell",Japan,Colorado,North Tabithaborough,Semiconductors,Prospect,TAX216968,laura71@myers-calderon.biz,(450)551-8860x16744,2024-05-21,2024-08-18,76
1025,Benson-Booker,Germany,Mississippi,Johnstonmouth,Retail,Inactive,TAX487728,andradevictoria@nguyen-blankenship.com,(969)437-5402x42861,2021-12-26,2022-05-08,31
1026,Solis-Martinez,United States,Arizona,West Brian,Manufacturing,Active,TAX459502,ambersavage@patterson-thompson.biz,581-763-8493x6806,2021-06-22,2021-09-04,77
1027,"Bell, Smith and Larsen",Canada,Alaska,Port Kathrynmouth,Software,Inactive,TAX889327,fburke@wong.net,(827)475-8670x365,2023-04-26,2023-11-08,31
1028,Dougherty Ltd,United States,Nevada,West Kevin,Retail,Prospect,TAX275409,jason94@romero-harper.com,818.312.3357,2022-03-08,2022-12-28,45
1029,Klein-Newton,India,Arkansas,Andradeville,Finance,Active,TAX155074,wturner@murray-patterson.biz,(963)967-8508,2021-12-10,2022-08-04,52
1030,Bowers-Burch,United States,Mississippi,Gabriellebury,Healthcare,Prospect,TAX888977,mary52@gomez.com,2376676874,2023-12-27,2024-04-24,49
1031,Johnson Group,United States,Nebraska,Gomezport,Healthcare,Inactive,TAX375382,tbell@jones.com,+1-830-799-0009x4065,2021-10-25,2022-07-23,56
1032,"Hunter, Allen and Roberts",India,Kentucky,Johnmouth,Healthcare,Inactive,TAX811451,vdiaz@mcintyre.com,(760)800-4709x11034,2022-10-09,2023-07-07,6
1033,Miller Ltd,India,Wisconsin,Bassland,Manufacturing,Prospect,TAX471015,kelleyfelicia@shaw-curry.info,966-214-4776x186,2023-06-04,2024-04-11,35
1034,Le-Quinn,India,Nebraska,Lambertfurt,Finance,Active,TAX367747,jeansmith@joseph-wood.com,+1-495-408-9142x330,2024-09-02,2024-12-31,51
1035,Henderson-Mitchell,United States,Alaska,Joshuafort,Retail,Prospect,TAX353542,cindyhenderson@jones.com,631-986-6047,2024-10-08,2024-12-31,25
1036,Lewis PLC,United States,Colorado,Shawnhaven,Retail,Prospect,TAX288656,gary74@carey-smith.com,+1-844-810-2387x351,2022-10-04,2023-07-11,2
1037,Frost-Lin,United States,New Mexico,Codyland,Semiconductors,Active,TAX531225,samanthajones@lopez.com,365-981-5398x852,2021-07-20,2022-04-14,14
1038,"Guzman, Cooper and Dean",United States,South Carolina,Port Barbaraport,Finance,Active,TAX860480,rangelteresa@krause.com,(375)292-3831x9348,2022-08-04,2022-12-10,25
1039,"Brown, Gonzalez and Patel",India,Kentucky,Lopezberg,Manufacturing,Active,TAX159645,larrymoore@franklin.com,001-609-812-1852x73411,2024-05-01,2024-12-31,28
1040,Gonzalez Inc,Canada,Michigan,Michaelton,Retail,Active,TAX842470,floresbenjamin@stokes.com,778.711.0965x984,2021-09-03,2021-10-17,78
1041,Russell-Franco,India,Nevada,Lake Lauren,Retail,Prospect,TAX693566,vanessa41@harmon.com,(399)845-2064x19106,2022-01-14,2022-03-11,24
1042,"James, Gilbert and Smith",India,Wisconsin,East Elizabeth,Healthcare,Prospect,TAX179392,laurenmartinez@thomas.com,+1-617-956-2699x62083,2024-08-01,2024-12-31,36
1043,"Marsh, Erickson and Reese",Germany,Alabama,Ashleyberg,Retail,Prospect,TAX907278,travis28@bryant.com,5749859724,2022-10-25,2023-03-05,21
1044,Thomas LLC,Germany,Colorado,Matthewton,Finance,Active,TAX501393,erica80@spears.biz,2608480224,2023-03-07,2023-08-24,8
1045,Boone-Tanner,India,Kentucky,Blevinsfurt,Finance,Active,TAX561976,bobby90@harrell-walters.org,956.964.3016x55623,2021-05-23,2022-01-29,26
1046,"Beard, Bailey and Terry",United States,South Carolina,North Jamie,Software,Prospect,TAX615959,butlerdavid@bridges.com,938-360-4794,2021-08-11,2021-10-23,70
1047,"Gilbert, Lewis and Smith",Germany,Michigan,Port Jenniferview,Software,Prospect,TAX774588,jessica82@hudson.com,779-305-3472x839,2021-08-06,2022-03-20,34
1048,"Ortiz, Lewis and Brown",India,Oregon,Jessicaberg,Semiconductors,Active,TAX699098,zsnyder@scott.net,001-265-362-9258x2282,2022-05-29,2023-01-12,3
1049,"Robinson, Sanchez and Clark",Japan,Nevada,Ronaldport,Software,Prospect,TAX771440,awashington@simpson.com,783-574-4959x75213,2021-01-02,2021-01-21,50
1050,Pace LLC,India,Minnesota,Carolburgh,Retail,Inactive,TAX510339,thill@sanford-miller.com,001-948-862-6751x199,2024-03-22,2024-03-23,66
1051,Cook-Adams,Germany,Nebraska,Kristinland,Healthcare,Inactive,TAX557239,kimberly64@carr.net,+1-863-500-9358x201,2023-04-08,2023-05-13,70
1052,Miller Ltd,India,Massachusetts,Pearsonberg,Healthcare,Prospect,TAX957710,sandrathomas@campbell.com,001-292-676-6809x84601,2023-09-15,2023-11-16,73
1053,Leon and Sons,United States,Maryland,North Marymouth,Finance,Inactive,TAX814956,samuelallen@ross.com,644-860-5392x60967,2022-09-13,2023-04-06,8
1054,"Graves, Simpson and Williams",United States,Michigan,South Sara,Retail,Active,TAX483102,claire11@vazquez.com,(972)985-0215x53830,2023-12-31,2024-06-22,11
1055,Baxter-Dunn,Japan,Colorado,South Ian,Finance,Prospect,TAX312987,jeff95@woods-hunt.com,001-360-978-9075x1991,2021-12-28,2022-10-07,6
1056,Brooks-Jones,Canada,Oregon,Kerryport,Retail,Active,TAX413388,matthewchambers@hardin-harvey.com,238.959.7477x65659,2024-11-26,2024-12-31,14
1057,Ward LLC,United States,Washington,Deborahborough,Finance,Inactive,TAX188984,jeffrey68@sandoval-garcia.biz,001-822-509-4907,2024-07-19,2024-12-31,25
1058,Grimes-Reed,India,Mississippi,Owenston,Software,Active,TAX854701,rodriguezstephanie@king.com,+1-743-814-8722x557,2024-04-29,2024-08-29,63
1059,Garcia-Cooper,India,Tennessee,Parkerfurt,Manufacturing,Prospect,TAX422679,nancy57@harvey.com,728.955.5809,2023-10-21,2024-07-20,58
1060,"Harper, Wall and Cox",Canada,North Carolina,Lake Rileyton,Semiconductors,Active,TAX455766,kristinkent@fuller-wilson.com,(923)334-7040x71469,2021-04-25,2021-10-14,6
1061,Blair-Vasquez,United States,Pennsylvania,Lebury,Software,Prospect,TAX799731,david55@peterson.info,956-701-7039x6101,2023-12-08,2024-07-29,69
1062,"Byrd, Hopkins and Williams",India,Connecticut,Bradyfurt,Manufacturing,Active,TAX175532,parmstrong@andrews-burns.biz,001-592-885-5162x159,2021-03-17,2021-05-28,63
1063,Morales-Wright,United States,Illinois,Tuckerbury,Healthcare,Prospect,TAX148026,natasha58@russell.com,+1-583-241-3351,2022-05-13,2023-05-07,17
1064,Nelson Inc,India,Rhode Island,Bartlettport,Retail,Active,TAX422266,traviscollins@perez.com,779-867-1480x30073,2021-07-19,2022-03-09,79
1065,Castro-Hernandez,India,Alaska,Port Matthew,Manufacturing,Active,TAX957525,uyoung@pacheco-bautista.com,(488)566-9112,2021-08-06,2021-10-03,64
1066,Jones Ltd,United States,Texas,West Michelle,Manufacturing,Active,TAX166175,gmiller@burns.com,694-665-7446x53255,2022-02-20,2022-09-26,44
1067,Rodriguez Inc,Japan,Wyoming,Christopherfurt,Retail,Prospect,TAX521536,blopez@morgan.net,693-976-8418,2022-10-27,2022-12-27,74
1068,Green Ltd,United States,Florida,North Sophia,Finance,Active,TAX901351,dorothy33@morris.com,227-928-3603,2021-04-04,2022-02-01,23
1069,Mora-Harrison,India,New Mexico,Lake Ashleychester,Semiconductors,Inactive,TAX248097,igraham@rowe.com,001-295-607-6716x2172,2023-05-01,2023-07-26,48
1070,"Mills, Black and Hoffman",United States,Texas,Dakotafurt,Healthcare,Active,TAX710256,bradleymercado@martin.biz,596-274-1991x605,2021-03-25,2021-06-01,13
1071,Mueller-Wright,Germany,Oregon,New Jenniferfort,Retail,Prospect,TAX494401,perezdavid@bolton.com,481-858-9136,2021-11-20,2021-11-28,63
1072,Best-Ford,India,Idaho,West Sandraland,Semiconductors,Active,TAX193471,danasanders@norman.com,(202)421-6908x8754,2024-12-18,2024-12-31,76
1073,"Hall, Mejia and Richardson",Japan,Iowa,Jamesland,Healthcare,Prospect,TAX946632,russellshane@york-castillo.com,469-535-1021x401,2023-09-02,2024-08-21,17
1074,Miller LLC,India,Mississippi,Knighttown,Retail,Inactive,TAX648496,matthewchang@chavez.info,001-403-605-6870x941,2023-07-12,2024-02-07,31
1075,"Reyes, Rivera and Richmond",Canada,Kentucky,Port Cynthia,Manufacturing,Prospect,TAX139448,jason76@green.biz,576.300.6434x597,2024-05-06,2024-08-06,64
1076,"Farmer, Wolf and Williams",United States,Iowa,West Betty,Semiconductors,Prospect,TAX966630,ugoodman@hayes.com,310-748-4809x47318,2022-09-09,2023-03-06,54
1077,Smith-Peterson,India,Maine,South Brett,Software,Active,TAX223215,lisa47@collier-garcia.com,997.464.7545x6572,2023-12-22,2024-02-08,80
1078,Hughes PLC,India,Indiana,Williamview,Manufacturing,Prospect,TAX329927,changbethany@romero.com,001-860-966-9926x1382,2023-08-09,2024-06-24,27
1079,Weber Group,India,New Hampshire,Gonzalesstad,Software,Active,TAX935309,pwilliams@hudson.com,(337)479-2711x0735,2021-11-02,2022-10-18,61
1080,"Harper, Jackson and Guerrero",United States,Arizona,Fernandezburgh,Software,Prospect,TAX145209,james33@david.com,+1-593-244-6060x694,2021-04-21,2022-03-17,47
1081,Salazar-Pena,India,Illinois,Samuelfurt,Healthcare,Inactive,TAX450533,kimberly94@taylor.com,500.364.4885x4875,2024-06-17,2024-12-31,6
1082,Nixon Ltd,India,Wisconsin,West Garrettstad,Semiconductors,Prospect,TAX284431,rebecca80@wright-wallace.com,(955)807-8688,2021-11-20,2021-12-04,63
1083,Shelton Inc,United States,Iowa,East David,Semiconductors,Active,TAX856445,starkaustin@howell.com,+1-966-439-9287,2023-06-30,2024-04-28,75
1084,"Crawford, Mckenzie and Lyons",India,Kentucky,Port Kyle,Software,Prospect,TAX809731,laura29@wells.org,(944)216-0332x8880,2022-10-30,2023-02-24,15
1085,Nguyen Ltd,India,Arizona,New Tony,Semiconductors,Active,TAX873584,gail20@becker.com,975-445-4164,2023-04-25,2023-08-05,49
1086,"Hancock, Jones and Oneill",Japan,Louisiana,Perrymouth,Semiconductors,Inactive,TAX713513,debra01@jackson-becker.org,544.520.3607x854,2023-09-20,2023-10-17,56
1087,Berry LLC,India,North Carolina,Thomasbury,Manufacturing,Inactive,TAX286710,raymondmann@simmons.com,979-223-2671x48581,2023-03-05,2023-09-12,18
1088,Diaz Ltd,United States,Connecticut,Crawfordfort,Software,Prospect,TAX476009,anthonyanderson@duncan.com,+1-928-252-3329,2022-07-07,2022-10-18,43
1089,Johnston-Rosales,India,Wisconsin,Richardshaven,Retail,Prospect,TAX162549,brittneygarcia@oconnell.com,416-239-7149,2022-07-29,2022-10-06,15
1090,Cook-Mayer,Japan,Maryland,Port Sylviaburgh,Healthcare,Inactive,TAX279517,anna73@jenkins.com,683.612.4977x36772,2022-12-05,2023-03-27,38
1091,Reid and Sons,United States,South Dakota,Michellemouth,Retail,Prospect,TAX278190,ymartin@woods-morgan.biz,001-443-680-2990x34804,2024-03-29,2024-12-31,30
1092,Perkins-Barnes,India,Arkansas,Lake Brendanport,Manufacturing,Inactive,TAX326956,guzmanrobert@webb-woods.com,526-262-2549x2036,2024-04-26,2024-12-24,60
1093,"Hodges, Robbins and Adams",India,South Dakota,North Erikaberg,Retail,Inactive,TAX871939,tallen@goodwin.com,(441)547-5690x0184,2022-05-21,2022-09-24,42
1094,Werner PLC,United States,North Dakota,Shaneport,Software,Prospect,TAX256206,ericryan@flowers.com,+1-866-477-1539x022,2024-03-20,2024-03-22,54
1095,"Turner, Chandler and Young",Canada,Massachusetts,North Jenniferberg,Semiconductors,Inactive,TAX869105,andrewsjacqueline@brown.com,+1-444-527-8735x5404,2023-10-30,2023-11-16,55
1096,Morales Group,United States,Rhode Island,Lake Janice,Healthcare,Prospect,TAX961186,navarroscott@shepherd-adams.org,693.743.9690,2021-07-20,2022-03-08,64
1097,Stevenson Ltd,India,Pennsylvania,Port Victoria,Manufacturing,Active,TAX826830,greg78@walker.net,533-207-3453,2023-04-13,2023-08-02,17
1098,Odom Group,India,Maryland,Port Guyport,Software,Prospect,TAX195136,bmahoney@hudson.info,(203)435-0516,2021-02-02,2021-10-05,40
1099,Underwood LLC,India,Connecticut,South Jeannestad,Healthcare,Prospect,TAX883586,mark70@blanchard.com,722-745-6411x992,2024-04-10,2024-04-22,59
1100,Anderson and Sons,United States,North Carolina,South Kelliland,Software,Prospect,TAX525051,richardlynn@beltran.com,001-349-841-9715x7557,2022-01-14,2022-07-22,60
1101,Salinas-Thompson,Germany,North Carolina,West Robert,Semiconductors,Prospect,TAX174132,larsenryan@jenkins.net,+1-456-235-2007x61504,2023-02-28,2024-02-16,43
1102,Lawson-Keller,United States,North Carolina,Elizabethchester,Finance,Inactive,TAX889460,emurray@lee-lewis.biz,8803901014,2022-07-07,2023-06-29,79
1103,Oconnor PLC,United States,Georgia,Guerrahaven,Software,Prospect,TAX184891,medinajamie@lloyd-huang.com,(838)281-6878x5185,2024-06-24,2024-12-12,8
1104,Burton-Guerrero,United States,Missouri,Victoriaside,Retail,Inactive,TAX154067,omarthompson@smith.info,(508)714-7237,2021-08-16,2022-02-28,47
1105,Campbell-Owens,United States,Iowa,New Jeffreyfurt,Semiconductors,Inactive,TAX484232,hfarley@silva.com,(249)883-6714x674,2021-12-25,2022-11-21,72
1106,Rose-Cummings,Germany,New Hampshire,Carlosside,Manufacturing,Prospect,TAX911152,kathryn11@torres-jordan.com,+1-295-263-4318x07392,2022-02-24,2022-05-05,43
1107,Bailey LLC,India,Nevada,Katherineborough,Semiconductors,Prospect,TAX601736,kayleewarner@norton-smith.com,367-787-1926,2024-04-03,2024-12-31,27
1108,Kelley-Nunez,Germany,Alabama,East Joseton,Software,Inactive,TAX469844,stephaniemoses@rogers-johnson.com,549-908-0998x39767,2022-07-02,2023-03-16,55
1109,Collins Inc,India,Montana,North James,Semiconductors,Inactive,TAX461996,john30@johnson.com,652.394.9307,2023-07-16,2024-03-20,65
1110,Frey-Knight,United States,Tennessee,Edwardsview,Semiconductors,Inactive,TAX844305,jwebster@harvey.net,+1-462-525-2756x002,2023-12-26,2024-12-07,69
1111,Anderson LLC,Japan,Arizona,Patrickmouth,Healthcare,Prospect,TAX486028,gcastaneda@ward.com,290.341.8280x51666,2024-10-10,2024-12-31,9
1112,Robinson and Sons,India,New York,Kelseyfort,Healthcare,Active,TAX184064,silvapatrick@butler.com,469.658.4442x0224,2023-03-12,2023-06-11,37
1113,"Stephens, Long and Ramsey",Canada,Kansas,Youngland,Semiconductors,Active,TAX272769,michael31@gentry.com,(269)614-1939x6061,2022-07-20,2022-09-15,19
1114,Arias-French,United States,North Carolina,Port Curtisshire,Software,Prospect,TAX757746,jessicaboone@huber-rhodes.com,376-588-3410x3414,2021-02-16,2021-07-16,54
1115,Black Inc,Canada,Oklahoma,West Alecmouth,Manufacturing,Active,TAX596925,terryjesse@fields-wallace.org,+1-904-347-0856x09406,2022-12-12,2023-07-15,57
1116,Guerrero-Gordon,Germany,North Dakota,North Andrew,Semiconductors,Inactive,TAX298244,bakerlindsay@nelson-wells.com,657.694.0740x337,2021-05-09,2021-05-20,30
1117,"Burton, Austin and Montes",Japan,New Hampshire,New Sherribury,Manufacturing,Prospect,TAX452192,ericksonphillip@roberts.com,506-303-2675,2023-04-24,2024-02-14,44
1118,"Brewer, Williams and Burns",United States,Montana,North Gina,Finance,Inactive,TAX722180,millerwendy@sullivan.com,(653)960-6400,2024-09-25,2024-12-31,68
1119,Sampson-Ross,Japan,Rhode Island,Nancyfurt,Healthcare,Inactive,TAX418853,william81@smith-banks.biz,500-977-0177,2024-03-07,2024-05-13,40
1120,Andrews-Collins,India,Illinois,Port Veronica,Finance,Active,TAX607765,wallacedakota@ramos.biz,6043902144,2023-02-01,2023-06-28,7
1121,Cook-Vargas,India,New Hampshire,Jeremybury,Finance,Inactive,TAX274444,elizabeth65@bentley-perez.com,803.835.3004x9992,2024-06-20,2024-09-10,69
1122,Lewis-Cruz,India,Delaware,Hollandmouth,Software,Prospect,TAX826515,dalegibson@booth.com,487-923-8586x539,2024-09-26,2024-12-13,21
1123,"Burnett, Tran and Beck",India,Kentucky,East Joshuaborough,Semiconductors,Inactive,TAX702433,klinetimothy@myers.com,(481)773-5792x116,2021-09-17,2022-04-30,34
1124,Long PLC,India,Oklahoma,West Karen,Software,Prospect,TAX841484,nturner@nichols.com,+1-855-470-3934x27186,2021-03-13,2022-02-16,41
1125,Morris-Munoz,Canada,Tennessee,West Andrewburgh,Software,Inactive,TAX570211,amercer@estrada.com,656-616-1973,2024-01-11,2024-04-03,69
1126,"Hanson, Robertson and Taylor",India,Colorado,North Brandon,Semiconductors,Inactive,TAX623676,dianalee@wade-bennett.org,+1-308-967-2331x044,2021-10-25,2022-06-16,41
1127,"Small, Werner and Fry",India,Kansas,Chasestad,Retail,Prospect,TAX632056,jenny19@martinez.net,+1-622-306-3186,2022-11-10,2023-10-07,38
1128,Cruz-Little,United States,South Dakota,Port Anthony,Finance,Prospect,TAX799282,robertduran@burton.com,599-416-7640x32391,2021-10-29,2022-08-14,57
1129,Taylor-Yoder,India,Georgia,Trujilloville,Semiconductors,Prospect,TAX602248,oscarmorrison@aguilar-jacobs.org,001-652-625-2964,2021-03-24,2021-06-03,71
1130,"Meyer, Wolf and Wright",India,West Virginia,Wangside,Semiconductors,Inactive,TAX747518,hhunter@parker.com,9649098058,2022-03-28,2022-11-11,46
1131,Randall LLC,India,Vermont,Brittneyton,Semiconductors,Prospect,TAX772465,khale@schmidt-hickman.com,(959)412-0463,2022-02-04,2022-11-29,68
1132,Gutierrez Ltd,India,Montana,Hardyborough,Finance,Active,TAX123643,jameshicks@nichols.com,+1-755-999-9773x793,2021-06-21,2022-03-23,58
1133,"Stewart, Reed and Elliott",United States,Tennessee,West Jennifer,Semiconductors,Prospect,TAX513583,evelyn11@leonard-huerta.info,3383625676,2022-02-03,2022-10-12,41
1134,Diaz PLC,United States,Maine,East Jared,Manufacturing,Active,TAX799155,danielsmichael@johnson.com,001-324-282-8732,2023-01-10,2023-08-01,19
1135,Vega-Boyd,Germany,Illinois,East Danabury,Healthcare,Inactive,TAX504868,wjarvis@gardner-hernandez.com,320.819.7084x2874,2023-02-03,2023-02-09,37
1136,"Moran, Burns and Wolfe",India,Wisconsin,Lake Randall,Finance,Inactive,TAX688285,moorejessica@gomez-davis.com,6514081948,2021-06-29,2021-10-17,57
1137,Patterson and Sons,Germany,Indiana,North Jasontown,Healthcare,Inactive,TAX402654,ptaylor@johnson-reese.net,503.342.4375,2021-12-02,2022-07-07,54
1138,Saunders-Thomas,India,Oklahoma,Port Catherinechester,Manufacturing,Prospect,TAX190259,bwalker@salazar-huff.info,001-340-833-0454x4106,2021-10-22,2022-02-05,39
1139,Baker-Marshall,United States,Alaska,Kellymouth,Manufacturing,Inactive,TAX169327,garciajessica@burns.com,001-362-780-9241,2024-04-24,2024-11-02,12
1140,Stewart Inc,India,Tennessee,Gilbertchester,Retail,Inactive,TAX534649,simonkendra@rivera.com,(923)622-8058x837,2021-12-25,2022-10-05,60
1141,Bailey LLC,Germany,West Virginia,Lake Melissaport,Software,Active,TAX295041,lcarney@reese-rhodes.org,(901)911-5255x862,2023-02-21,2023-07-19,71
1142,"Daniels, Medina and Morales",United States,Iowa,South Joshuashire,Finance,Prospect,TAX418677,montesandrew@lang-ferguson.net,4975186142,2023-10-09,2024-07-21,60
1143,Bernard-Murphy,India,Vermont,Donnastad,Semiconductors,Active,TAX375436,brandondoyle@elliott-ramos.info,999.811.3798x3045,2022-09-07,2023-07-31,61
1144,Ramos LLC,India,Massachusetts,North Wendytown,Retail,Inactive,TAX537420,tammy97@yates.com,+1-622-913-3689x60083,2022-01-03,2022-09-11,32
1145,Becker-Jones,India,Texas,North Gloria,Finance,Inactive,TAX169966,gcampbell@wilson.org,001-779-492-7156x03387,2024-05-11,2024-11-12,75
1146,"Diaz, Day and Harding",United States,South Carolina,Huntville,Healthcare,Inactive,TAX758501,kimberly97@horton-williams.org,6076379499,2024-11-05,2024-12-31,16
1147,Ford-Lester,India,Texas,Mollyport,Retail,Prospect,TAX118397,daniel07@perkins-clayton.biz,(365)843-4759,2022-06-16,2022-09-07,75
1148,Zuniga Ltd,India,Kentucky,West Bethany,Finance,Inactive,TAX826959,samanthablack@walsh.info,+1-396-858-5783x756,2021-10-05,2022-04-05,21
1149,Fox-Ferrell,India,Indiana,Ericafort,Finance,Inactive,TAX767153,brianramos@davis.biz,835-400-7883,2022-12-31,2023-01-24,38
1150,Lee Ltd,India,Virginia,Justinbury,Retail,Active,TAX638828,rileymatthews@anderson-spencer.com,001-323-612-6532x7355,2022-02-01,2022-12-19,24
1151,"Hayes, Baker and Vaughn",Germany,Illinois,East John,Manufacturing,Active,TAX670123,sfreeman@sparks-rivera.com,001-235-255-5702,2022-10-23,2023-04-02,39
1152,Wilson-King,India,Illinois,Mccannview,Retail,Prospect,TAX480132,anne76@miranda.net,001-239-912-7065,2021-07-16,2022-04-15,75
1153,"Sullivan, Escobar and Jackson",India,Georgia,Lake Jennifer,Software,Active,TAX243601,diazkenneth@grant-gomez.com,855-255-9502x635,2023-11-28,2024-04-20,48
1154,Jimenez-Tate,Germany,Rhode Island,Sandraborough,Healthcare,Inactive,TAX270948,debbiefreeman@ray.com,260-408-2369x626,2021-07-29,2021-11-17,20
1155,"White, Brown and Wallace",United States,Michigan,South Daltonton,Software,Prospect,TAX743226,dschneider@hardin.com,+1-912-400-3934x49076,2024-11-13,2024-12-31,69
1156,Reyes Ltd,Germany,California,Lake John,Retail,Active,TAX537619,briannareid@yang.org,(292)210-5307x1226,2023-08-02,2023-09-10,15
1157,"Martinez, Thomas and Hall",Japan,New Jersey,Goodmanburgh,Semiconductors,Inactive,TAX465124,uchan@oliver-nguyen.net,+1-472-282-0632,2022-10-01,2023-09-19,47
1158,Pollard and Sons,India,Nebraska,West Jonathanchester,Healthcare,Prospect,TAX648532,wesley52@ibarra.org,(906)647-2452x57378,2022-12-02,2023-02-28,39
1159,Simpson-Escobar,India,Kentucky,South Adamview,Semiconductors,Active,TAX234966,dstewart@rowe-brown.biz,629-488-9728,2024-11-22,2024-12-31,30
1160,Boyd-Pope,India,Florida,South Gloria,Software,Active,TAX182423,zimmermankatelyn@wilson-johnson.com,271.586.0566,2023-05-21,2024-05-08,15
1161,Vaughn Ltd,India,Montana,Torresfort,Healthcare,Inactive,TAX144582,cynthia27@mills.com,(385)335-4160,2022-02-07,2022-04-03,5
1162,"Hawkins, Green and Smith",Germany,New Hampshire,Lake Davidtown,Manufacturing,Prospect,TAX162144,gtucker@jackson-mendoza.com,001-807-940-4336x8957,2023-08-19,2023-10-18,33
1163,"Hernandez, Barr and Gutierrez",India,Texas,West Terriland,Finance,Prospect,TAX110771,houseashley@williams.com,478-750-2050,2021-07-17,2021-09-18,78
1164,"Roberts, Wells and Parks",India,South Dakota,Lake Felicia,Software,Active,TAX803175,antoniosmith@jackson.org,+1-674-475-3965x974,2022-12-21,2023-01-04,12
1165,Hernandez-Alvarado,India,Utah,Elizabethburgh,Retail,Inactive,TAX707913,campbellrichard@bailey.com,840.951.3379x376,2022-12-14,2023-06-12,21
1166,Ferguson-Paul,Japan,Missouri,Port Alyssamouth,Retail,Prospect,TAX353569,zwang@turner-sandoval.com,549.768.8144x99080,2023-11-01,2024-08-18,9
1167,"Morales, Campbell and Williams",India,Minnesota,Scottmouth,Manufacturing,Active,TAX654527,cunninghambecky@clark-green.com,827-891-1110x85184,2022-03-21,2022-06-27,37
1168,"Lynch, Barnett and Acosta",India,Rhode Island,Port Gabriel,Manufacturing,Active,TAX860583,michaelray@porter.com,+1-973-448-0022x64259,2021-07-22,2021-11-08,65
1169,Rogers LLC,Japan,Maine,Port Autumn,Healthcare,Inactive,TAX832045,jmorse@higgins.com,001-547-949-8474x60429,2024-04-22,2024-07-25,57
1170,Olson PLC,United States,Kentucky,Hatfieldburgh,Semiconductors,Active,TAX975290,bakerchristian@porter.com,952-992-6769x889,2022-12-28,2023-07-10,55
1171,Rivera-Ramirez,India,North Carolina,Nicoleport,Software,Inactive,TAX218327,youngadam@howe.com,(205)396-2751x93463,2022-10-06,2022-12-08,60
1172,Pittman PLC,India,Maine,Timothybury,Software,Inactive,TAX899301,qhiggins@russell-morse.com,(668)262-2307x065,2023-01-10,2024-01-05,37
1173,Faulkner-Garcia,United States,Arizona,Lake David,Semiconductors,Active,TAX444053,john03@horne-thompson.info,586-324-4756,2023-10-09,2023-12-07,50
1174,Anderson Inc,India,Indiana,South Amyburgh,Manufacturing,Prospect,TAX427162,zryan@escobar.com,345-298-5866x35654,2024-11-08,2024-12-31,29
1175,Fuller PLC,United States,Utah,West Donald,Finance,Inactive,TAX297955,robinmills@james.com,+1-646-999-8428x828,2021-05-23,2022-01-21,48
1176,Murphy Inc,India,Kansas,Lake Jeffreyburgh,Retail,Inactive,TAX804743,udavis@clark.com,866.486.4277,2021-08-04,2022-02-22,57
1177,Duffy-Park,United States,Wyoming,Jacobberg,Retail,Active,TAX225008,brodgers@sanchez.info,683.747.1062x833,2021-10-21,2022-05-11,52
1178,"Padilla, Castillo and Peterson",United States,Nevada,East Stephanie,Semiconductors,Prospect,TAX276919,micheleyork@porter-reeves.com,5452358597,2021-05-13,2021-11-15,26
1179,Parsons and Sons,India,West Virginia,East Andrea,Manufacturing,Inactive,TAX228725,blivingston@fletcher-kramer.com,001-625-355-4689x39770,2022-04-22,2022-11-25,64
1180,Perry PLC,India,Ohio,West Kristinachester,Retail,Prospect,TAX722487,ricardo73@myers.biz,+1-304-448-4673x322,2022-07-14,2023-06-08,52
1181,Stephens-Rivera,India,Ohio,Hardinmouth,Retail,Prospect,TAX524089,smithmelinda@allen.com,599-242-6407x60895,2023-09-20,2024-06-07,36
1182,Anderson Ltd,India,Arkansas,Port Stephanie,Healthcare,Active,TAX228125,bensonjohn@porter.net,335.268.9058,2022-05-29,2023-02-03,64
1183,"Nunez, Potts and Diaz",India,Indiana,South Joshua,Software,Active,TAX204441,markellis@fields.info,(787)915-6596,2021-04-19,2021-05-23,64
1184,"Rangel, Contreras and Phillips",United States,New York,Ashleyshire,Software,Inactive,TAX733952,theresa05@mosley-allen.biz,(391)571-4854,2024-10-23,2024-12-31,20
1185,"Cooper, Martin and Edwards",India,West Virginia,Douglaston,Manufacturing,Active,TAX897097,xshannon@brewer.com,(451)219-2145x7445,2021-06-06,2022-05-10,67
1186,Williams Ltd,Germany,Florida,Mccoyview,Healthcare,Active,TAX407823,gharris@hampton.com,001-553-621-2440x2936,2024-09-17,2024-12-31,63
1187,"Houston, Hartman and Johnston",United States,Colorado,Port Jennifer,Manufacturing,Inactive,TAX948802,wardmaria@gomez.com,001-490-504-7941,2024-01-13,2024-10-18,3
1188,Nguyen Group,Canada,Alabama,New Rachelland,Semiconductors,Inactive,TAX224921,harriskevin@madden.com,413.939.9627x6861,2023-02-25,2023-10-13,41
1189,Roberts and Sons,Japan,Delaware,East Anthonyburgh,Healthcare,Inactive,TAX137728,andradejasmine@miller.org,880-829-8908x8819,2021-03-09,2021-06-07,72
1190,Pacheco-Moore,United States,Delaware,Lake Barbarashire,Finance,Prospect,TAX272117,palmerchad@lee.net,001-331-272-3667x0417,2023-10-04,2024-05-11,18
1191,"Robinson, Kelley and Hart",India,South Carolina,New Laurafort,Healthcare,Inactive,TAX901123,austin01@bowen.com,001-734-249-5607x14876,2021-08-13,2022-05-31,63
1192,"Crawford, Reed and Warner",United States,Minnesota,Hernandezland,Retail,Prospect,TAX700005,navila@foster.info,+1-281-810-5703x9963,2023-08-21,2024-04-20,72
1193,Kane-Johnson,Japan,Minnesota,Richardfurt,Manufacturing,Active,TAX510396,pparks@taylor.info,9073158009,2022-06-24,2023-03-04,76
1194,Douglas-Hansen,Canada,Illinois,East Javier,Manufacturing,Prospect,TAX469899,meganlloyd@morgan-nichols.info,948-488-3923x7590,2022-08-06,2023-01-17,8
1195,Warren LLC,India,Ohio,Lake Nathaniel,Semiconductors,Active,TAX977589,julia55@lewis.org,(503)848-2367x88387,2023-01-21,2023-07-18,75
1196,"Randall, Lee and Benton",India,Ohio,North Jonathanbury,Retail,Inactive,TAX499060,xscott@collins.net,(774)716-3712x06317,2021-07-19,2022-02-23,45
1197,Andrews Group,Canada,Montana,North Jorgehaven,Healthcare,Inactive,TAX159191,adam11@parsons.info,(881)343-6116,2024-09-16,2024-12-31,32
1198,Parker Inc,India,Illinois,Joneshaven,Finance,Prospect,TAX189067,reginaldgoodman@peterson-fletcher.com,(354)626-8368x4377,2024-11-10,2024-12-13,40
1199,Gonzalez Ltd,India,Louisiana,Juanmouth,Software,Active,TAX664570,emily60@hall.com,896-922-7238,2022-10-30,2022-11-18,59
1200,Mcdaniel-Vaughn,United States,Tennessee,Manningborough,Healthcare,Prospect,TAX639764,oyates@richardson.org,370-393-4099x16508,2023-05-13,2023-09-26,3
1201,Jenkins Ltd,United States,Kentucky,East Joshuahaven,Manufacturing,Active,TAX431889,anna37@johnson-vazquez.com,895.895.1429x5449,2023-02-13,2023-12-02,50
1202,"Murphy, Taylor and Miller",India,West Virginia,Kirbystad,Semiconductors,Inactive,TAX204917,vanderson@mason.com,(317)834-4794x59235,2024-11-15,2024-12-31,27
1203,"Lewis, Perez and Martin",India,Louisiana,Higginston,Manufacturing,Prospect,TAX456032,davisalexander@church.org,657-461-3049x4841,2021-12-08,2022-10-18,39
1204,"Thornton, Walsh and Preston",India,Kansas,Jenniferberg,Healthcare,Active,TAX621091,daniellewebb@nichols.biz,+1-379-381-3026x56477,2024-07-25,2024-09-01,69
1205,Holmes-Anderson,India,Washington,Port Aliciamouth,Finance,Active,TAX411762,leonardaimee@ramirez.info,001-391-516-1146x4461,2024-03-20,2024-10-11,29
1206,Chang Group,United States,Mississippi,Geraldport,Semiconductors,Prospect,TAX985194,ulewis@black.com,001-323-477-4877x007,2024-03-30,2024-05-17,76
1207,Allen-Cook,India,Connecticut,North Karen,Semiconductors,Prospect,TAX940104,piercefrank@sullivan.org,7965660286,2023-12-24,2024-08-23,55
1208,"Haney, Calderon and Lucas",India,Mississippi,Brownport,Semiconductors,Prospect,TAX963752,qchang@anderson.com,270.890.7037,2022-09-11,2023-05-27,39
1209,"Thornton, Hamilton and Aguirre",United States,Pennsylvania,East Benjamin,Manufacturing,Inactive,TAX309795,duncanpamela@young.biz,748.876.2965x0744,2023-04-29,2023-11-20,33
1210,Alexander-Simmons,United States,Montana,Ericaland,Healthcare,Prospect,TAX900527,waynegriffin@nelson.com,845.522.0262,2024-01-27,2024-04-28,3
1211,Robinson Ltd,United States,Missouri,Michaelstad,Manufacturing,Active,TAX704864,awalker@lozano.info,001-840-963-5168x52247,2023-10-20,2024-02-06,60
1212,Martinez-Cooper,India,Oklahoma,South Kathleen,Retail,Prospect,TAX948228,brownlauren@ross.org,432.776.3342,2024-06-12,2024-12-31,73
1213,"Ross, Ayala and Townsend",Germany,Iowa,Taylorbury,Semiconductors,Prospect,TAX310394,lcraig@potter-clark.com,537.600.8942,2023-01-17,2023-09-10,19
1214,Harris Group,India,Alabama,Jamesbury,Retail,Prospect,TAX902716,feliciachen@eaton.com,(712)357-8047x3719,2022-09-07,2023-04-17,53
1215,Herring-Duncan,India,Missouri,Lake Courtneyport,Semiconductors,Prospect,TAX313446,megan54@luna-vazquez.com,(478)937-9264x053,2023-04-25,2023-09-08,37
1216,Holland PLC,United States,Nevada,Christinaview,Finance,Prospect,TAX730437,aliciahawkins@lang.org,+1-778-833-1503x219,2022-04-29,2022-11-22,31
1217,Yates-Chan,India,Utah,East Martinfurt,Software,Active,TAX357516,vhamilton@warren.biz,+1-573-447-6714x9986,2022-09-28,2023-05-23,63
1218,"Silva, Ramsey and Davis",United States,Washington,East Allisonburgh,Healthcare,Inactive,TAX778346,dwayne76@hernandez.com,001-663-774-3963,2021-03-17,2021-06-28,21
1219,"Roberts, Harris and Hart",India,Massachusetts,Robertchester,Semiconductors,Inactive,TAX928028,james70@henry.com,8279366325,2022-07-23,2023-06-25,71
1220,Cortez and Sons,India,Hawaii,West Samantha,Semiconductors,Prospect,TAX609442,nadams@petty.com,001-810-290-4886,2021-02-10,2021-03-10,11
1221,"Ramos, Cherry and Reese",India,Nebraska,Kevinmouth,Finance,Active,TAX526777,elizabethpalmer@cox.biz,7903937164,2023-01-15,2023-12-24,12
1222,Mitchell Group,India,Kansas,Robertshire,Retail,Active,TAX347507,jonathan73@horne.net,7523890566,2021-08-18,2022-06-06,65
1223,"Lee, Daniels and Shannon",Canada,West Virginia,Ramosshire,Manufacturing,Prospect,TAX969250,tiffanyhill@kelly-obrien.biz,859.638.0625x02308,2024-04-03,2024-12-27,33
1224,Pham-Farley,United States,Hawaii,Sarahport,Semiconductors,Active,TAX728958,michaelrice@rivera.com,+1-656-803-8710x88035,2021-09-08,2022-02-15,43
1225,"Roberts, Simmons and Conway",Japan,Pennsylvania,East Thomasview,Retail,Inactive,TAX944986,bhill@sloan.com,(312)221-5039x65586,2022-04-29,2022-12-01,28
1226,French LLC,India,Delaware,Adrianabury,Software,Active,TAX387883,jayanderson@perry.com,985.550.0295,2023-06-20,2024-01-15,33
1227,"Smith, Frey and Wilkerson",Japan,California,Port Kelly,Semiconductors,Inactive,TAX659383,melissa18@pruitt.com,(719)349-9913x6505,2023-02-07,2024-01-31,15
1228,"Davis, Hess and Cochran",India,Iowa,Patelland,Healthcare,Inactive,TAX815903,fnorton@webb.com,+1-849-329-3285x0719,2022-05-20,2022-10-09,19
1229,Estes and Sons,India,Indiana,North Kathryn,Retail,Inactive,TAX961264,barbara22@hart.com,+1-603-271-7758x85627,2022-09-24,2022-10-04,78
1230,Ross-Jones,India,Idaho,Mccormickberg,Retail,Prospect,TAX937750,santossabrina@vargas-greer.com,(457)512-1186x01811,2021-04-22,2022-04-10,31
1231,"Mendez, Franklin and Walker",India,Arkansas,West Michael,Healthcare,Inactive,TAX769986,icarpenter@patterson.com,245-896-8891,2024-12-05,2024-12-31,16
1232,"Rodriguez, Farmer and Dalton",United States,Arkansas,Michaelstad,Software,Inactive,TAX507341,christopherthomas@kirby.com,916.341.8044x60819,2021-01-17,2021-08-06,33
1233,Johnson-Schroeder,India,Kansas,Rogermouth,Software,Inactive,TAX320606,juan50@smith-frazier.com,706.227.4566x98398,2021-11-25,2022-07-07,41
1234,Scott-Franklin,Japan,Louisiana,West Douglastown,Retail,Inactive,TAX927659,christine77@white-charles.net,976-469-1953x0164,2021-03-11,2021-07-29,11
1235,"Baird, Morales and Harrison",Japan,Maine,Wumouth,Healthcare,Inactive,TAX872739,taylorkimberly@hughes.biz,516-662-8660,2023-04-26,2023-10-13,55
1236,"Boyd, Nelson and Pugh",Japan,Oklahoma,Webbton,Semiconductors,Active,TAX832411,fosternicholas@reese-underwood.com,7214572312,2022-06-19,2023-03-05,9
1237,White-Harris,India,Georgia,Mariafurt,Manufacturing,Prospect,TAX952941,smithmanuel@monroe.com,321.550.5205x353,2024-01-27,2024-07-12,59
1238,"Wilson, Nelson and Sellers",United States,Alaska,Cheyennebury,Semiconductors,Prospect,TAX772758,elizabeth32@swanson.com,6913294431,2022-01-12,2022-11-30,57
1239,Atkins-Aguirre,Germany,Ohio,Huntview,Software,Active,TAX520124,erinreid@vargas-stephens.com,5219168231,2022-02-14,2023-01-01,40
1240,"Bentley, Glenn and Santana",India,North Dakota,New Danieltown,Semiconductors,Active,TAX265488,brockashley@hensley.biz,(778)496-3558x774,2022-05-27,2023-02-15,17
1241,Lewis-Park,Japan,North Carolina,East Kaitlyn,Retail,Inactive,TAX931145,jholloway@collins-adkins.com,+1-253-551-1788x2805,2022-10-17,2023-06-05,62
1242,Rogers-Hall,Japan,West Virginia,New Suzanne,Software,Inactive,TAX281905,adriangreen@kennedy-james.biz,001-408-228-8745x871,2024-11-08,2024-12-31,42
1243,"Kennedy, Clark and Sutton",Germany,Indiana,Petersborough,Software,Active,TAX534631,watsonkaren@foster.com,741.444.3010x6144,2023-01-23,2023-04-26,51
1244,"Kramer, Harper and Velazquez",Japan,Minnesota,Collinsborough,Manufacturing,Active,TAX121741,cesarflynn@davis-martinez.com,933.249.7296,2021-02-17,2021-11-29,79
1245,Johnson Inc,United States,West Virginia,Port Cynthia,Semiconductors,Inactive,TAX307897,kellygreene@diaz-dawson.com,+1-861-288-8178,2022-06-21,2023-06-15,22
1246,"Ferrell, Lamb and Anderson",India,Mississippi,South Catherine,Manufacturing,Inactive,TAX729557,stephenlevine@robertson.com,001-703-631-2223,2022-06-17,2022-09-01,12
1247,"Williams, Hobbs and Smith",Canada,New Hampshire,Lake David,Software,Prospect,TAX223050,jessica83@peters-collins.info,001-274-907-0366x6560,2021-01-29,2021-10-25,56
1248,Rivers-Taylor,Germany,Oklahoma,North Michelle,Healthcare,Prospect,TAX618152,kristinnewman@martinez.net,(282)678-4726x43933,2021-08-31,2021-12-23,27
1249,"Maxwell, Schneider and Murillo",India,Nevada,Lake Kathleen,Finance,Inactive,TAX882702,zmorales@clay.com,612.334.4358,2023-10-10,2024-04-22,17
1250,Levy Ltd,United States,Maryland,Bellberg,Software,Prospect,TAX326037,howard06@young.com,783-664-8116x5955,2022-08-03,2023-07-15,25
1251,Jones and Sons,United States,New York,North Jason,Healthcare,Active,TAX130170,slee@rogers-crawford.info,(376)587-7759x3586,2022-08-18,2022-12-30,31
1252,Davis-Scott,United States,Rhode Island,New Michaelside,Software,Inactive,TAX711218,choidenise@white-buchanan.com,239.290.7615,2024-11-02,2024-12-31,59
1253,Jones and Sons,India,South Carolina,West Kyletown,Healthcare,Active,TAX438947,justin36@porter-moore.com,299-601-0861x647,2024-11-20,2024-12-31,28
1254,"Pollard, Hopkins and Duncan",Germany,Colorado,Tinafort,Retail,Inactive,TAX871861,alyssaweeks@gibson-mays.biz,936.472.0961x023,2024-05-08,2024-09-16,10
1255,Torres-Craig,India,Arkansas,Williamfurt,Semiconductors,Active,TAX449031,rpollard@oliver-harrison.com,(379)932-7701x154,2022-04-26,2022-12-23,46
1256,"Porter, Garrett and White",Canada,Nebraska,Port Tammychester,Retail,Prospect,TAX844033,richard88@parks.net,697-935-8679x43364,2021-04-04,2021-04-06,33
1257,Jackson and Sons,United States,Georgia,Fosterfort,Healthcare,Inactive,TAX513869,wdyer@wheeler-stokes.com,001-758-576-6949x4715,2024-10-06,2024-12-31,17
1258,Nash-Meadows,Canada,Massachusetts,Lake Danielleview,Manufacturing,Active,TAX708684,hamptonjohn@jackson-holland.net,001-748-696-5394x5037,2022-01-03,2022-05-16,22
1259,"Camacho, Johnson and Faulkner",United States,North Dakota,West Jeromeborough,Finance,Inactive,TAX238327,jessicawatson@carpenter-lopez.org,236-996-4804,2021-07-03,2021-12-12,68
1260,Ellis Inc,United States,Louisiana,West Aaronfurt,Finance,Active,TAX428486,gregorymayo@roberson-edwards.com,001-826-958-3879x6334,2021-04-01,2021-06-05,64
1261,Holland-Adams,Japan,Montana,Reesebury,Finance,Prospect,TAX478108,melissalynn@gonzalez-bowers.org,441.959.2094x1010,2023-05-31,2023-10-22,34
1262,Williams-Brock,United States,Delaware,Dannyport,Finance,Prospect,TAX428215,brittany77@schultz.com,6619443575,2023-06-12,2023-09-04,41
1263,"Lawrence, Wyatt and Johnson",Germany,Minnesota,South Anthony,Healthcare,Active,TAX682667,zjohnson@ruiz.info,581-329-2361,2024-09-08,2024-12-31,57
1264,Lopez Group,India,Kentucky,Carmenshire,Software,Active,TAX341026,susan13@jimenez.info,7583079106,2022-01-11,2022-01-29,61
1265,Cardenas LLC,India,Arizona,Johnsonmouth,Retail,Inactive,TAX557629,kathleenbecker@alexander-cross.net,703.648.5736,2021-08-26,2022-05-06,6
1266,"Gregory, Parrish and Rich",United States,South Carolina,South Jack,Retail,Prospect,TAX608768,mendezjaime@spencer-fuentes.com,+1-264-731-6785x98444,2023-07-27,2024-04-04,15
1267,"Matthews, Johnson and Forbes",Japan,South Dakota,South Conniestad,Software,Active,TAX466586,tsmith@moore-harvey.com,852-830-2999,2021-07-11,2021-10-23,37
1268,Robinson PLC,India,Hawaii,West Melissa,Software,Prospect,TAX633450,agomez@johnson.org,354-402-7320,2022-07-13,2023-04-27,75
1269,"Lynch, Lewis and Hansen",India,Massachusetts,North Kellyborough,Semiconductors,Prospect,TAX904098,beckamanda@williams.net,(704)681-0930,2024-03-14,2024-06-14,54
1270,"Roberts, West and Herman",Canada,Minnesota,Avilafort,Software,Inactive,TAX809790,ldyer@pugh.com,+1-453-881-5182x7238,2021-07-13,2021-12-28,4
1271,Christian-Matthews,India,Connecticut,Jackstad,Retail,Active,TAX513316,deborah68@stanley.org,6306819695,2023-02-05,2023-12-04,14
1272,"Shaw, Hughes and Leonard",Japan,Michigan,Port Jeanetteport,Software,Active,TAX185000,brenda15@johnson.com,(740)735-0769x55593,2023-08-01,2024-07-28,62
1273,"Dixon, Trevino and Romero",United States,Virginia,Lake Elijah,Finance,Prospect,TAX789969,tparsons@saunders-hayes.info,645.592.5412x3872,2021-01-12,2021-06-29,6
1274,Carlson-Gilbert,United States,Alaska,Brownport,Healthcare,Inactive,TAX867080,patricia94@collier.info,716-762-3956x712,2024-03-11,2024-05-16,28
1275,"Walker, Valenzuela and Conrad",Japan,Wyoming,Jordanview,Retail,Inactive,TAX438869,bennettdavid@pruitt.info,(576)653-1451,2021-04-24,2021-05-30,71
1276,Crawford Ltd,Canada,Arkansas,West Justinstad,Healthcare,Active,TAX518233,angela45@dean-rogers.com,(721)268-3357x66808,2022-06-07,2022-09-06,31
1277,Hinton-Manning,Canada,Colorado,New Robertton,Healthcare,Active,TAX121508,james71@bartlett-becker.net,321-897-9336x86093,2022-03-03,2022-05-25,50
1278,Mills PLC,Germany,North Carolina,Debbietown,Finance,Prospect,TAX889114,johnsonnathan@gonzalez.com,(502)564-0093,2024-09-01,2024-11-18,16
1279,"Hamilton, Porter and Williams",India,Alabama,New Ann,Healthcare,Prospect,TAX945522,pstone@hansen.com,544.678.1676x63420,2022-09-28,2023-09-13,78
1280,"Lyons, Lopez and Lopez",India,Wyoming,Grahamfort,Retail,Active,TAX972470,eduardo64@charles-scott.net,727.396.6379,2023-01-23,2023-10-12,26
1281,"Steele, Wells and Summers",United States,Maryland,Chelseaburgh,Healthcare,Inactive,TAX381521,paul71@randolph-scott.org,899.653.1556,2024-02-28,2024-12-31,55
1282,"Thomas, Gilbert and Smith",India,Georgia,Sparksshire,Healthcare,Inactive,TAX743687,bradfordsheila@adams-friedman.biz,(868)911-8229x2324,2022-01-17,2022-08-27,55
1283,Lopez Inc,India,Iowa,Clarkfort,Manufacturing,Inactive,TAX586041,brian61@robertson.com,001-785-978-3045x596,2024-10-17,2024-12-31,20
1284,"Ross, Weiss and Moon",Canada,Mississippi,Shawside,Manufacturing,Prospect,TAX778665,brownmichael@atkinson.biz,+1-776-844-9436x3270,2023-12-11,2024-01-22,38
1285,Scott Group,United States,Minnesota,West Lauren,Semiconductors,Inactive,TAX414985,bobbycarter@hooper.biz,747.215.2035x191,2021-11-01,2022-01-05,39
1286,Ortiz-Burton,Japan,Kansas,West Natasha,Manufacturing,Inactive,TAX409834,brandon14@gaines.org,376.263.2790x42338,2024-03-10,2024-04-03,71
1287,Williams-Holden,India,North Carolina,Lake Madisonton,Semiconductors,Prospect,TAX212860,coxdavid@rice.info,+1-749-865-9905x2702,2023-11-12,2024-06-16,53
1288,Bernard LLC,India,Indiana,Rebeccahaven,Retail,Prospect,TAX696092,bradleydunlap@burton.com,330-861-0922,2022-06-03,2022-12-01,33
1289,"Matthews, Roberts and Lara",United States,Illinois,Rodriguezmouth,Manufacturing,Active,TAX219470,tammymoore@sanchez-lynch.info,831-326-6656x0233,2024-09-16,2024-12-31,23
1290,Faulkner-Morgan,Germany,Alaska,Farmerview,Healthcare,Active,TAX187336,vnguyen@fisher.com,+1-936-270-2751x00568,2023-05-03,2024-04-27,39
1291,Riley-Flores,India,California,East Christopherhaven,Retail,Inactive,TAX894143,atkinsonshawn@george.com,793.330.5484,2024-10-04,2024-12-31,80
1292,Rivera-Roth,Japan,New Hampshire,Jacobville,Finance,Active,TAX321321,antonionelson@vega-gutierrez.net,251-790-2041x15488,2022-01-15,2022-02-24,78
1293,Williams and Sons,India,Illinois,Peterstad,Retail,Active,TAX554871,jeffreybutler@smith.com,001-543-970-0984x164,2023-12-31,2024-01-09,1
1294,Johnson-Lucas,India,Connecticut,Smithview,Semiconductors,Active,TAX787657,lbrown@padilla-russo.com,+1-833-397-1785,2023-09-05,2024-04-27,52
1295,Gray-Wallace,Japan,Arizona,Cassandrafort,Retail,Prospect,TAX861173,tammyschroeder@johnson.com,5553916983,2023-09-24,2024-02-26,80
1296,Chapman-Carney,Japan,Missouri,Dawntown,Manufacturing,Inactive,TAX824211,jennifer06@padilla-solis.com,(625)893-5707x650,2024-10-11,2024-12-31,51
1297,Booth Group,Japan,Ohio,Ronaldburgh,Semiconductors,Active,TAX241677,qrodriguez@jenkins.biz,001-311-686-8010x9360,2021-01-29,2021-05-06,15
1298,"Smith, Peters and Valdez",Japan,Arkansas,Port Jamesberg,Retail,Active,TAX128117,qvaughn@rose.net,477.370.1497x268,2022-03-05,2022-11-06,19
1299,Hart Group,United States,Tennessee,Torrestown,Healthcare,Prospect,TAX999876,ocole@nixon-cox.org,+1-619-422-0513x56397,2024-01-09,2024-04-15,12
1300,Williams-Crawford,India,Connecticut,Owensview,Healthcare,Active,TAX597013,mfowler@weaver-arnold.com,774.687.4779x3599,2023-05-15,2023-05-26,15
1301,Herrera LLC,India,Missouri,Waltonburgh,Software,Prospect,TAX836727,duane01@gonzalez.biz,+1-591-526-7191x9699,2023-07-01,2024-03-05,61
1302,Allen-Johnson,India,South Dakota,East Kathyfort,Healthcare,Prospect,TAX354415,benjamindavidson@anderson.info,(933)655-2620x294,2022-02-17,2022-07-17,73
1303,Gordon-Wilson,Japan,Oklahoma,South Brittany,Healthcare,Active,TAX450067,kellyrichardson@hall-beltran.com,(293)517-7865,2021-01-17,2021-03-10,56
1304,"Curtis, Jennings and Shepherd",Canada,New Hampshire,Maryton,Healthcare,Prospect,TAX706770,mark77@olson.com,512.343.4535,2024-05-05,2024-12-31,38
1305,Vaughn Group,India,Minnesota,Port Brianamouth,Healthcare,Inactive,TAX638292,brendannelson@quinn.biz,001-557-356-2943,2024-04-25,2024-12-31,63
1306,Herrera-Wu,India,New Jersey,Port Abigailmouth,Semiconductors,Prospect,TAX119943,allen94@schroeder.com,510-710-4279x749,2023-05-15,2024-03-05,41
1307,Skinner-Hernandez,United States,Alabama,Port Alicialand,Finance,Prospect,TAX537400,ncarr@wilson.org,357.353.8481,2023-08-28,2023-10-26,64
1308,Moran-Johnson,United States,Illinois,Stephenfurt,Retail,Inactive,TAX570103,daymonica@mitchell-fitzpatrick.com,(624)855-4620x2135,2024-11-29,2024-12-31,3
1309,"Fletcher, Jackson and Alvarado",India,Oregon,Adamland,Retail,Active,TAX592034,ssanchez@hill.com,+1-254-970-0603x981,2022-12-06,2023-07-18,30
1310,"Carney, Howard and Myers",United States,Michigan,North Jordan,Manufacturing,Prospect,TAX455627,singhaaron@martin.com,756.616.8095x6418,2024-05-18,2024-12-31,60
1311,Lee Ltd,India,Illinois,Myerstown,Finance,Prospect,TAX845941,aprilhooper@mcbride.com,+1-217-791-5782,2023-03-11,2023-10-10,47
1312,Rojas LLC,Germany,Pennsylvania,East Christopher,Software,Prospect,TAX317273,daycurtis@moore-aguilar.org,581-341-4013x856,2022-08-02,2023-07-21,12
1313,Bond-Gutierrez,United States,Georgia,North Mariatown,Software,Active,TAX309174,colepamela@williams.com,001-346-498-8866x594,2021-11-17,2022-09-23,63
1314,Lopez-Lloyd,India,Delaware,Lake Paul,Healthcare,Inactive,TAX418402,stacy16@frye-benson.org,553-221-8011,2022-04-26,2022-08-11,72
1315,"Edwards, Taylor and Garcia",India,Montana,East Keith,Semiconductors,Inactive,TAX373477,sarah02@keith.com,(526)871-3202x5342,2023-01-02,2023-12-14,21
1316,Marsh-Li,India,New Mexico,Johnsonberg,Manufacturing,Active,TAX946007,denisewalters@guerrero.biz,001-767-440-8772x107,2021-05-11,2021-10-30,56
1317,Cameron-Williams,India,Kansas,Lake Barry,Software,Active,TAX689280,melissa09@roy.info,(554)426-5416,2022-04-04,2022-12-09,34
1318,Bolton-Hamilton,Canada,Washington,New Andrea,Finance,Active,TAX907503,jeffreysandoval@jackson.biz,+1-732-978-6807x0423,2024-02-15,2024-06-30,20
1319,"Hall, Meyer and Guzman",Japan,Pennsylvania,North Lori,Manufacturing,Prospect,TAX802006,lmaldonado@craig.com,634-670-5070x77508,2021-08-02,2022-07-29,7
1320,"Lane, Salazar and Durham",Canada,Illinois,Stephenhaven,Healthcare,Inactive,TAX982478,abush@mack.net,7596519484,2021-08-16,2021-10-09,79
1321,"Jackson, Mccullough and Aguilar",United States,Michigan,East Lisaborough,Semiconductors,Prospect,TAX144008,newtoncheryl@phillips-perkins.com,+1-851-710-9674x51363,2023-11-05,2023-12-28,22
1322,"Jacobs, Bender and Rogers",United States,Alaska,Calvinbury,Software,Inactive,TAX264660,jandrade@young.biz,001-378-970-3238x128,2022-08-22,2023-08-19,57
1323,Eaton PLC,Germany,South Carolina,West Shirley,Healthcare,Prospect,TAX204117,emily52@jones.info,001-359-263-7311x4933,2021-11-12,2022-10-09,47
1324,"Gordon, Martin and Allen",India,Nevada,Kimberlyshire,Software,Active,TAX989816,emily00@cervantes.com,603.364.8510x02182,2022-02-18,2022-09-30,54
1325,"King, Stephens and West",Germany,Florida,Teresaland,Semiconductors,Active,TAX975365,ewalters@griffin.com,699-597-0320x4347,2023-08-29,2024-02-19,37
1326,"Harris, Torres and Garcia",United States,Nebraska,Carlton,Semiconductors,Inactive,TAX490527,phillipsrandall@smith.com,413.255.5794,2023-04-30,2023-10-31,32
1327,"Kennedy, Daugherty and Thomas",India,Utah,Lake Jesse,Manufacturing,Inactive,TAX925455,rodney72@miller.net,001-598-998-7877x67751,2022-04-13,2022-06-22,55
1328,Douglas-Anderson,United States,Indiana,New Tashabury,Healthcare,Inactive,TAX993796,zday@williams.info,804.351.9455,2023-11-24,2024-11-07,47
1329,"Doyle, Bryant and Ramsey",Canada,Louisiana,New Angelatown,Healthcare,Active,TAX907562,lnixon@powell.com,+1-515-875-8593x9185,2021-01-21,2021-10-12,9
1330,"Taylor, Ward and Ramirez",India,Maryland,Port Joe,Finance,Inactive,TAX909891,shanecraig@king-hahn.com,456.270.2071x53784,2021-12-03,2022-07-13,8
1331,"Woodard, Howard and Banks",India,Washington,Katelynmouth,Semiconductors,Prospect,TAX772625,justin07@erickson.net,689.922.1007x20409,2021-11-06,2022-08-27,8
1332,Benitez and Sons,Canada,Maine,Garciamouth,Retail,Prospect,TAX645027,elizabeth80@davis-barron.com,+1-466-871-8644,2022-08-29,2023-03-31,52
1333,Hammond LLC,Japan,New York,Lake Jonathanside,Retail,Prospect,TAX419105,hharrison@petty.info,903.532.5704x430,2022-10-05,2023-03-30,2
1334,Parker Group,Japan,Texas,Bartonshire,Manufacturing,Prospect,TAX253995,qsandoval@shepherd.com,638-817-7998x992,2024-12-05,2024-12-31,58
1335,"Martin, Mcdonald and Campbell",United States,North Dakota,North Sarahborough,Manufacturing,Prospect,TAX926636,davisronald@sanchez-wright.com,(265)218-1275x917,2024-06-20,2024-12-31,57
1336,Nelson Group,United States,Louisiana,Lake Megan,Retail,Inactive,TAX913066,pamela74@compton.com,762.651.2311,2022-02-09,2022-07-13,11
1337,Walsh Inc,India,Pennsylvania,Lake Derrickfurt,Finance,Inactive,TAX860321,burnsjohn@banks-harris.com,(622)414-4267x353,2021-09-16,2022-06-09,70
1338,Hampton-Wilson,India,Nebraska,Lake Larryshire,Semiconductors,Prospect,TAX678589,joseph26@miller.com,775.282.6829,2022-10-02,2023-06-25,44
1339,"Rodriguez, York and Carpenter",Germany,Texas,Tammyburgh,Software,Active,TAX129246,dennisreed@watkins-petersen.net,9357288050,2024-01-11,2024-11-09,34
1340,Salas Ltd,India,Texas,New Ginamouth,Finance,Prospect,TAX543281,michaelkramer@barr-howard.com,001-577-277-4449x649,2023-11-01,2023-12-27,8
1341,Simmons-Roman,Japan,Arkansas,Smithshire,Finance,Prospect,TAX632151,peterpayne@horne.info,(353)477-9385x460,2022-12-27,2023-02-28,7
1342,Johnson LLC,Germany,Alaska,Moorestad,Semiconductors,Inactive,TAX412434,lisa53@graham.org,+1-332-947-0792x625,2024-03-18,2024-03-20,59
1343,Harris-Jennings,India,Wyoming,East Davidton,Software,Prospect,TAX709845,karagood@phillips.net,642-878-9523x617,2024-03-04,2024-12-31,69
1344,"Baker, House and Torres",Japan,Vermont,Jenniferstad,Software,Inactive,TAX413735,hquinn@west.com,542.871.8322x4023,2022-08-06,2023-07-13,74
1345,"Rocha, Alvarez and Garcia",United States,Nebraska,Jenniferview,Retail,Inactive,TAX644909,ramirezsandra@beck-garcia.com,+1-463-481-1050,2022-05-23,2022-07-15,42
1346,"Higgins, Martin and Woods",United States,Tennessee,Erinmouth,Software,Inactive,TAX576378,gene82@chan-yoder.info,942.539.3543x3732,2021-07-20,2021-10-03,55
1347,"Barnes, Francis and Lopez",Japan,Minnesota,North Alexanderfurt,Semiconductors,Active,TAX165214,burnskatherine@scott.com,001-586-396-5371x557,2023-05-21,2023-07-26,61
1348,Kelly Inc,India,Oklahoma,North Angela,Semiconductors,Inactive,TAX809699,anthonypatrick@williams-dean.com,773.212.9734x148,2023-12-14,2024-07-07,76
1349,Cohen Group,United States,Texas,Catherinetown,Healthcare,Inactive,TAX712686,robertmoran@lawson.com,(608)771-2189,2023-10-19,2024-09-08,55
1350,Sanchez Ltd,Canada,Vermont,Ashleyton,Retail,Inactive,TAX867260,jimmyjones@cochran-meadows.org,275.817.5790x32308,2023-05-04,2023-07-26,19
1351,Mercado LLC,United States,California,Rogersburgh,Healthcare,Prospect,TAX579946,david30@wallace.net,(675)787-5585x09591,2021-09-22,2022-09-17,66
1352,Phillips Group,Japan,Idaho,South Robert,Semiconductors,Prospect,TAX322971,erica27@shaw.com,+1-714-220-4384,2023-07-22,2024-03-20,5
1353,"Best, Green and Morales",Germany,Connecticut,Mcdowellview,Manufacturing,Inactive,TAX224535,sarahjacobs@garrison.com,(967)640-7886x98585,2024-05-17,2024-12-12,15
1354,"Jones, Walton and Brown",India,Tennessee,Ellisberg,Manufacturing,Inactive,TAX142238,froberts@west.net,+1-853-677-0124x931,2023-12-07,2024-02-23,16
1355,Lowe-Harper,India,Georgia,Tinamouth,Finance,Inactive,TAX408261,nelsonaaron@olson.com,(551)487-5692x6920,2023-09-23,2023-10-07,19
1356,Benton-Maynard,India,Wyoming,Wilsonstad,Manufacturing,Inactive,TAX151014,lvance@moore.com,7855789591,2022-09-17,2023-02-09,28
1357,Thornton and Sons,India,Michigan,Jamestown,Retail,Inactive,TAX102187,hutchinsonmatthew@shepherd-lewis.org,5304341365,2021-09-08,2022-06-15,45
1358,"Robertson, Hamilton and Mayer",India,Louisiana,Glennmouth,Semiconductors,Inactive,TAX604550,doylelaurie@williams-jimenez.biz,343-937-0049,2024-03-19,2024-08-24,73
1359,Snow-Campbell,United States,Missouri,Millerfurt,Finance,Inactive,TAX598312,williampark@lopez-miller.com,674.905.4586x6182,2024-05-25,2024-07-31,18
1360,Jones-Jackson,United States,North Carolina,Nicoleland,Healthcare,Inactive,TAX799631,daniel98@harrison.org,(412)323-3998,2023-07-09,2023-09-23,42
1361,Hart-Johnson,India,New Jersey,East Michelleberg,Manufacturing,Prospect,TAX753880,robertsjoshua@green.info,754-817-6604,2023-04-19,2023-11-03,30
1362,"Chapman, Hall and Miller",Canada,Connecticut,Jenningsport,Finance,Prospect,TAX148045,scott67@shah.com,766.464.7608x5208,2024-10-05,2024-12-31,36
1363,"Graham, Rivera and Flores",United States,Idaho,South Michaelport,Software,Prospect,TAX126008,lmoreno@mason.com,001-942-520-6185x0692,2024-03-17,2024-12-31,40
1364,"Fox, Glover and Hill",United States,Arkansas,Mcbrideberg,Semiconductors,Prospect,TAX686523,robert63@johnson.com,203.318.3933,2021-06-24,2021-09-30,80
1365,Dorsey PLC,United States,Kentucky,South Michaelhaven,Semiconductors,Prospect,TAX647098,matthew75@anderson-roberts.com,001-961-651-4369,2022-01-23,2022-09-23,65
1366,Gibson-Mckay,Japan,Indiana,Charlesmouth,Semiconductors,Prospect,TAX657695,debrabryant@douglas.com,(969)463-3895x8641,2022-01-04,2022-01-13,36
1367,Blackburn-Hughes,Germany,Arizona,New Christinashire,Software,Prospect,TAX979668,hamptonsabrina@anderson-valencia.org,376-929-3684x2685,2024-04-01,2024-11-14,11
1368,"Ellis, Hamilton and Cunningham",Japan,Rhode Island,North Lisatown,Manufacturing,Inactive,TAX521315,dianaarias@li-lawson.com,+1-295-620-3872x12151,2024-04-21,2024-05-14,63
1369,Simon-Reyes,Japan,Maryland,Robertburgh,Semiconductors,Inactive,TAX558245,austinmyers@russell-chen.com,+1-535-308-2432x625,2022-01-05,2022-08-05,4
1370,Smith-Brown,Japan,New York,Lawrencehaven,Finance,Inactive,TAX369670,cameron42@thomas.net,235-907-4509x3328,2021-07-06,2021-09-02,13
1371,Taylor LLC,United States,Alabama,Sarahborough,Finance,Active,TAX291542,johnsonchristine@washington-caldwell.com,753.727.7376,2022-06-08,2022-07-23,20
1372,Alexander-Brown,India,Florida,Kellybury,Healthcare,Prospect,TAX277409,luke81@mcdonald-davis.biz,(461)353-9392x94270,2021-05-01,2022-03-11,42
1373,Brown-May,India,Indiana,Mariabury,Retail,Active,TAX412501,ashleykim@montgomery-yang.org,+1-258-524-7733x9129,2023-03-10,2023-04-29,41
1374,Ellison-Barker,India,Delaware,South Michael,Finance,Inactive,TAX493754,ashleycobb@murray-mora.com,(311)262-2065,2021-09-05,2021-10-01,26
1375,Love LLC,India,Illinois,Kingborough,Manufacturing,Prospect,TAX347978,qadams@colon.org,(591)742-2007x22768,2023-10-07,2024-06-23,65
1376,Murray Inc,India,South Dakota,Dorseymouth,Semiconductors,Inactive,TAX163577,mrodriguez@lopez.com,7008900632,2022-10-14,2023-06-08,71
1377,"Bernard, Frederick and Dyer",United States,Maine,Woodchester,Healthcare,Active,TAX527288,mendozaangela@maynard-pena.com,746-633-2465x6841,2024-07-21,2024-11-17,3
1378,"Jenkins, Gonzalez and Martinez",India,Massachusetts,Harrisland,Manufacturing,Prospect,TAX206440,daniel76@craig.com,001-765-460-0337,2022-05-20,2023-02-28,17
1379,Hudson Group,India,West Virginia,Zacharyberg,Healthcare,Inactive,TAX187984,smithernest@nguyen.com,357-695-3723x76604,2024-07-26,2024-12-31,27
1380,Walls LLC,Germany,Indiana,East Christinefort,Software,Inactive,TAX666692,gardnerjeffrey@moore-garza.com,409-435-2439,2021-12-11,2022-04-15,69
1381,"Little, Johnson and Moran",Canada,Utah,Ashleyberg,Manufacturing,Inactive,TAX143822,anthony69@gonzalez-brown.net,483.647.6790x078,2021-01-03,2021-08-28,80
1382,Ross-Hooper,India,Missouri,Gwendolynbury,Software,Active,TAX163098,anoble@faulkner.biz,425.808.5592x56297,2023-09-15,2024-02-01,77
1383,Cunningham-Jefferson,India,Indiana,West Seth,Retail,Inactive,TAX468488,tonychen@robbins-macias.net,001-892-870-4723x344,2024-07-18,2024-11-03,75
1384,Garcia-Gomez,Japan,Maryland,Millerton,Finance,Active,TAX269257,zberg@shaw.biz,001-388-879-2449x40395,2023-12-30,2024-10-13,9
1385,"Zimmerman, Butler and Miller",India,Texas,Joshuaside,Healthcare,Prospect,TAX228950,heatheryoung@stephens.com,469-534-7691,2021-10-14,2022-07-25,36
1386,Sheppard-Morrison,Japan,Kansas,North Kimberlyburgh,Software,Prospect,TAX629342,sarahjohnson@lewis-mason.com,(500)323-9152,2022-10-14,2023-09-28,44
1387,Allen Group,United States,South Dakota,Lake Carl,Retail,Inactive,TAX386275,wheelergregory@washington.com,789-267-2012,2022-05-19,2023-04-23,42
1388,Davis Group,India,New York,Raymondshire,Healthcare,Prospect,TAX444412,smithadam@douglas.com,965.332.4483x438,2021-02-02,2022-01-22,18
1389,Gentry-Edwards,United States,Washington,Torresville,Semiconductors,Prospect,TAX599676,marshallconnie@vaughn.com,+1-220-540-0938,2021-01-09,2021-01-13,23
1390,Burton-Bradley,United States,Delaware,Port Jamie,Retail,Prospect,TAX612729,jameserin@brooks.com,(841)483-2527,2023-03-16,2023-12-16,11
1391,Hernandez-Melton,Germany,Hawaii,East Danielchester,Retail,Prospect,TAX181288,uelliott@martin-blevins.com,(367)301-1678,2024-01-09,2024-01-24,57
1392,Benitez-Mcdonald,United States,West Virginia,Doyletown,Finance,Inactive,TAX967661,luiscook@sanders.info,902.720.9941,2024-05-16,2024-11-15,50
1393,Davidson Inc,India,Maine,West Latoyaland,Retail,Active,TAX230824,kimberly05@west.com,648.852.8467x70378,2023-08-06,2024-02-11,25
1394,Bishop-Williams,United States,Alabama,North Debra,Software,Prospect,TAX120742,snelson@morgan.com,450-217-2727x97328,2022-07-30,2023-07-13,46
1395,Bradford PLC,India,Kansas,North Michael,Manufacturing,Prospect,TAX417905,waltonbryan@scott.com,(780)319-9050x2406,2022-03-29,2022-07-26,64
1396,Craig Ltd,Canada,Virginia,Melissafort,Semiconductors,Inactive,TAX616777,ballsteven@long.info,001-268-986-3124,2024-12-12,2024-12-31,78
1397,"Keller, Johnson and Walters",India,Ohio,East Amyhaven,Software,Prospect,TAX515326,rayrobin@shea.com,001-867-267-7619x524,2021-08-16,2022-01-05,73
1398,Webb PLC,United States,Georgia,South Robertmouth,Software,Prospect,TAX303182,fredericktimothy@chang-williams.com,+1-738-504-5347x82772,2024-09-13,2024-12-31,78
1399,"Hernandez, Williamson and Gomez",United States,Pennsylvania,New Joseph,Semiconductors,Prospect,TAX234476,xbowers@shaw.com,+1-893-835-7024x093,2021-05-14,2021-07-18,34
1400,Reeves PLC,Canada,Maryland,Mitchellport,Software,Prospect,TAX864305,derek73@grant.com,(439)418-8676,2022-07-16,2022-10-22,3
1401,Wright-Mcpherson,Canada,Iowa,Port Larry,Retail,Prospect,TAX658829,crosbycrystal@christian.biz,834.501.4215,2024-06-12,2024-10-19,72
1402,Khan-Mercer,Japan,Idaho,Lewisburgh,Semiconductors,Inactive,TAX772101,nwhite@diaz.com,345-951-4344x211,2024-10-10,2024-12-31,7
1403,Baker-Johnston,Japan,Maine,Timothyport,Finance,Inactive,TAX985356,kathymiller@schmidt.com,(438)615-1291x1647,2023-04-14,2023-09-01,16
1404,"Hughes, Thompson and Carlson",United States,North Carolina,Thompsonmouth,Healthcare,Inactive,TAX479030,marcuspearson@montgomery.org,753-300-7514,2023-11-26,2023-12-18,29
1405,"Robinson, Ramirez and Stephenson",India,Idaho,North Matthew,Healthcare,Prospect,TAX570665,jhess@green.com,908-812-4643,2022-10-10,2022-10-12,51
1406,Parker Ltd,India,Arkansas,West Crystaltown,Semiconductors,Prospect,TAX946906,vfisher@price.org,+1-863-774-9121x8790,2021-02-21,2021-06-16,55
1407,Coleman LLC,Canada,New Hampshire,West Bonnieville,Software,Active,TAX272471,mcculloughlucas@acosta.com,(400)340-2728x98683,2022-11-06,2023-04-14,9
1408,Brown Group,United States,Colorado,Julieside,Semiconductors,Active,TAX603281,donald07@foster.info,942.500.1414x42460,2023-06-04,2023-06-16,76
1409,Jackson-Thornton,Germany,Ohio,Jonesstad,Finance,Inactive,TAX359159,gene59@camacho.info,001-963-979-8293x055,2021-08-09,2022-04-08,31
1410,"Harrison, Hoover and Davidson",Canada,Indiana,Wallacetown,Semiconductors,Inactive,TAX644918,ocollins@williams.com,+1-848-215-0439x035,2022-04-30,2022-06-06,77
1411,Schmidt PLC,United States,South Dakota,Montgomeryfurt,Semiconductors,Prospect,TAX568143,nmoran@lewis-parker.info,(407)451-2101x8426,2024-03-31,2024-06-02,11
1412,Collins-Rios,Canada,Connecticut,Port Davidview,Semiconductors,Inactive,TAX428497,brandi08@mcgrath-obrien.com,865-735-2437x79507,2024-11-21,2024-12-24,17
1413,Ellis-Walker,India,Kentucky,Jessicaberg,Healthcare,Active,TAX416115,charles25@pierce.org,+1-801-775-2279x2949,2024-06-04,2024-12-31,56
1414,Clark PLC,India,Montana,Scottshire,Retail,Active,TAX686424,thomaslori@holmes.com,+1-841-759-1242,2021-04-17,2021-09-14,49
1415,Small-Walker,United States,Vermont,Chadborough,Manufacturing,Inactive,TAX344435,pbrooks@martin-mitchell.com,526-620-4085x2063,2024-05-12,2024-12-31,80
1416,Jones-Rose,India,New York,Lopezberg,Healthcare,Inactive,TAX933790,debrawinters@orozco.net,5415917160,2023-05-27,2024-04-08,80
1417,"Lara, Hall and Wagner",India,Mississippi,Juanhaven,Retail,Prospect,TAX920960,john60@white.com,537-888-0210,2021-02-23,2021-10-13,67
1418,Hardy-Cummings,India,Nebraska,Ayersmouth,Software,Active,TAX207677,aallen@hubbard-bryant.com,(654)559-0348x195,2021-01-26,2021-11-26,9
1419,Ingram-Bowen,United States,Connecticut,East Patrickborough,Software,Prospect,TAX232101,nathan30@montgomery.com,213.951.4855,2024-07-29,2024-12-31,33
1420,Thomas LLC,India,Alaska,Taylorchester,Healthcare,Prospect,TAX751009,cruzjuan@flores.com,987-562-1648x3427,2023-06-30,2023-10-03,32
1421,Thompson LLC,India,Arkansas,Knightfort,Semiconductors,Active,TAX233882,michaelestrada@perez.net,+1-337-671-2582x848,2022-10-01,2023-07-27,56
1422,"Howard, Miller and Shelton",United States,Michigan,Lake Jasmineshire,Retail,Inactive,TAX426304,lee64@reynolds-saunders.com,490.804.1524,2024-04-10,2024-12-31,19
1423,Medina-Rivera,India,New York,Port Cesarshire,Finance,Prospect,TAX459557,mgill@reed.com,(270)693-6725x0280,2022-08-20,2023-02-24,2
1424,"Jones, Webb and Dawson",United States,South Dakota,Allenchester,Retail,Prospect,TAX251624,chambersdaniel@walker.com,001-779-692-1645x7527,2021-04-28,2021-08-27,65
1425,"White, Shaw and Dorsey",Japan,Illinois,Port Anna,Manufacturing,Active,TAX542563,gburns@knapp-chung.com,(868)881-5571x55661,2022-12-06,2023-03-16,26
1426,"Odom, Snow and Baird",United States,Oregon,South Sarah,Software,Active,TAX458143,paulrussell@peterson.com,561-413-3956,2022-01-23,2022-12-30,61
1427,Green LLC,United States,California,West Randall,Healthcare,Prospect,TAX826048,ijones@rush.biz,001-974-886-9784,2022-11-10,2023-09-02,73
1428,"Gonzalez, Armstrong and Spears",Canada,Arkansas,Fernandoton,Manufacturing,Inactive,TAX539033,jeanne69@white.org,001-216-342-3012x7469,2022-11-05,2023-01-27,14
1429,Myers-Dudley,United States,Wisconsin,New Margaretchester,Semiconductors,Inactive,TAX330063,stevenfleming@copeland.com,560.762.2306,2021-01-08,2021-12-01,29
1430,Ruiz-Davidson,United States,Minnesota,Gibsonfurt,Healthcare,Prospect,TAX323491,gabriel98@mcbride-smith.com,6034273032,2022-05-05,2023-01-06,43
1431,"Wallace, Hancock and Benitez",Japan,Indiana,Davidbury,Healthcare,Active,TAX519758,mary11@robertson.com,+1-706-595-8621,2022-01-13,2022-01-16,47
1432,"Faulkner, Baxter and Mckinney",India,Connecticut,New Kathleen,Finance,Active,TAX681636,mwashington@pacheco.biz,(766)636-9472x81326,2021-08-24,2021-11-04,38
1433,Smith-Harris,United States,Utah,Carrburgh,Retail,Prospect,TAX902719,vanessa03@ward-reed.com,+1-213-524-5275x67195,2023-01-08,2023-01-30,4
1434,Wood PLC,India,New Jersey,South Kristineberg,Finance,Active,TAX329580,srivera@carter.com,(798)338-8201,2022-06-21,2022-09-18,44
1435,Matthews-Alexander,Japan,Nebraska,Autumnbury,Software,Active,TAX305507,aswanson@alexander-combs.com,622.661.9549x02948,2021-02-14,2021-05-15,34
1436,Lambert Ltd,Canada,Kentucky,Stephenchester,Semiconductors,Prospect,TAX243910,pjones@herrera.com,001-709-515-9567x83239,2023-02-16,2024-01-17,15
1437,Roman-Bradshaw,India,Pennsylvania,Christophermouth,Software,Inactive,TAX578364,perrydaniel@powers-ortiz.net,380.472.0203x3881,2022-05-07,2022-11-12,48
1438,Chang PLC,United States,South Carolina,Fosterfort,Manufacturing,Prospect,TAX554786,cgood@blackburn.info,244.983.6567,2024-12-27,2024-12-31,16
1439,"Garcia, Fuller and Smith",India,Montana,Tracyport,Software,Active,TAX300992,briannaburns@stewart.info,793.616.4909,2023-12-27,2024-07-07,48
1440,Shannon-Valdez,India,New York,Lake Donna,Healthcare,Prospect,TAX356428,zachary86@martinez.com,(292)266-2547,2021-04-05,2022-02-14,76
1441,"Murphy, Williams and Smith",India,Colorado,Paulmouth,Manufacturing,Inactive,TAX927942,amack@johnson.com,5736885467,2021-11-01,2022-04-17,32
1442,"Crawford, Sanchez and Morales",India,Oregon,Port Audrey,Finance,Active,TAX992865,spencerjoshua@rodriguez.com,001-267-718-3213,2023-11-07,2024-09-01,63
1443,Martinez-Keller,India,South Dakota,Dianaburgh,Semiconductors,Inactive,TAX929420,crystal11@douglas.com,001-209-542-9412x5979,2024-09-20,2024-12-31,9
1444,Wright PLC,India,Virginia,Sheltonmouth,Healthcare,Prospect,TAX887623,cphelps@hughes.org,613-540-3997x83874,2023-11-09,2024-05-18,64
1445,Rice PLC,United States,Illinois,Allenshire,Software,Inactive,TAX847096,cynthiasalas@thornton-white.biz,382.707.1548,2023-02-05,2023-11-01,62
1446,Walker Inc,Germany,California,Hickston,Healthcare,Inactive,TAX381370,samuel76@snyder-watkins.net,+1-792-903-0287,2024-04-05,2024-10-27,75
1447,Johnson-Gordon,United States,Wisconsin,East Erin,Software,Active,TAX312861,clarkalexander@burns-olson.org,+1-624-897-2655x7136,2023-07-15,2023-11-12,51
1448,Gould-Wolfe,India,Connecticut,Lesliemouth,Healthcare,Inactive,TAX699125,kathy57@turner.net,+1-725-326-9901,2021-11-18,2022-05-28,33
1449,Fuentes LLC,United States,West Virginia,Alvarezbury,Software,Active,TAX409380,amycooper@stevens-mitchell.biz,505.606.8098x3831,2023-06-30,2024-03-21,46
1450,Morris-Brown,India,Wisconsin,Floreschester,Semiconductors,Inactive,TAX637145,wrightconnie@reese.com,689.723.4952,2024-06-26,2024-12-15,55
1451,Brown-Jones,United States,Michigan,Castanedaberg,Healthcare,Inactive,TAX485364,ilee@colon.com,927-616-1862x869,2023-10-16,2024-03-26,35
1452,Butler-Trujillo,India,Indiana,Johnsonside,Software,Inactive,TAX345147,denise47@todd.biz,219.831.9229x41232,2022-06-28,2023-05-24,10
1453,Bailey Ltd,India,Pennsylvania,Mikaylaville,Semiconductors,Inactive,TAX983533,joshua54@bridges.com,488-431-4003x56303,2023-10-25,2024-07-13,70
1454,Wells-Nguyen,United States,Maryland,West Tonyashire,Finance,Active,TAX203189,gward@clayton-gordon.biz,+1-721-832-5086x2868,2021-08-31,2021-10-06,47
1455,Horne-Clark,India,New Hampshire,Williamshaven,Software,Inactive,TAX306198,jasonray@stephens-thompson.org,+1-646-873-6316x3308,2024-10-14,2024-12-31,33
1456,Garcia and Sons,India,West Virginia,Ponceberg,Retail,Inactive,TAX299903,youngjared@collins-williams.com,+1-374-891-1634x30310,2024-12-16,2024-12-31,18
1457,Young-Bennett,Canada,Idaho,New Joshua,Retail,Prospect,TAX669508,kevin40@reid.biz,(829)351-1084,2022-06-19,2022-06-23,39
1458,Reyes Group,India,West Virginia,Lake Donnaton,Finance,Inactive,TAX525468,michellemacdonald@barnes-smith.com,349.253.8916x244,2024-04-02,2024-12-31,2
1459,Price-Vasquez,United States,Ohio,Luisfort,Manufacturing,Active,TAX516814,melindahernandez@jordan.com,+1-242-938-9354x40711,2022-04-12,2022-08-06,27
1460,Jensen LLC,United States,Alaska,East Donna,Manufacturing,Prospect,TAX924154,mooneydanielle@johnson.com,+1-953-733-1714,2024-02-06,2024-10-02,60
1461,Scott-Patrick,India,Hawaii,West Karen,Semiconductors,Inactive,TAX986887,erichoover@romero.net,952-808-9521,2022-01-20,2022-08-27,54
1462,"Smith, Stanton and Moore",India,Rhode Island,Martinton,Healthcare,Prospect,TAX131566,katherine73@taylor.com,+1-843-403-2502x749,2023-02-07,2023-04-19,74
1463,Hoffman PLC,Japan,Maine,Brandonbury,Finance,Prospect,TAX110151,wday@clark-silva.com,(885)680-3308,2023-10-21,2024-09-22,46
1464,Roberts Group,India,Tennessee,Port David,Healthcare,Inactive,TAX819074,robertsonlisa@villegas-molina.com,+1-487-315-9051x82377,2023-04-07,2024-03-25,69
1465,Mendez Group,India,Kentucky,Jonathanshire,Manufacturing,Active,TAX695148,ashleyholt@martinez-ayers.com,8347568848,2021-03-07,2021-05-17,20
1466,"Mahoney, Webster and Mendoza",Canada,Wyoming,Carolfurt,Finance,Prospect,TAX760434,cdougherty@robinson.com,001-547-441-2081x80368,2024-05-19,2024-12-31,74
1467,Larsen-Anderson,Japan,Ohio,Adamborough,Healthcare,Active,TAX509611,kimwilson@taylor.com,575.826.6848x0316,2021-05-11,2022-02-08,50
1468,Mills-Stevens,India,Georgia,Maryside,Semiconductors,Inactive,TAX697179,wrightjohn@tanner-moore.net,793.403.9539,2023-07-14,2024-06-05,39
1469,"Wolfe, Sweeney and Williams",India,Tennessee,Jacobside,Semiconductors,Prospect,TAX679764,shobbs@grimes.org,247.854.7377x0499,2021-12-30,2022-01-15,78
1470,Ferguson-Morrison,United States,Mississippi,Davilamouth,Software,Active,TAX172866,obautista@cruz.com,001-340-957-3689x10804,2023-03-02,2023-07-25,27
1471,Patterson-Fowler,India,Indiana,South Melissaburgh,Retail,Prospect,TAX173378,hurstwesley@bryant.biz,001-891-565-8723,2023-07-21,2023-08-19,48
1472,Hines-Wilson,United States,Kentucky,Scottside,Software,Inactive,TAX530819,hcole@cruz.com,+1-718-429-1278,2023-03-12,2023-05-31,15
1473,Ray-Nunez,India,California,Johnsonhaven,Healthcare,Inactive,TAX879241,cory58@liu-lee.com,7438763185,2021-05-21,2021-12-06,27
1474,Johnson-Underwood,India,Nevada,Jonathanville,Software,Inactive,TAX553195,kara00@francis.com,956.402.3106x407,2024-12-24,2024-12-31,61
1475,"Jenkins, Yang and Thompson",India,Oklahoma,Karaport,Manufacturing,Inactive,TAX716029,shawnharris@green-chapman.info,001-892-751-9736,2022-02-20,2022-11-04,59
1476,Griffin-Ayers,India,North Carolina,Huffbury,Semiconductors,Active,TAX567383,dbrowning@morris.com,(390)967-7185x360,2021-05-12,2021-12-02,78
1477,Hebert-Haynes,Japan,Kentucky,East Michaelton,Manufacturing,Inactive,TAX696879,carterjames@ortiz.info,952.870.7127x971,2023-10-03,2024-05-25,60
1478,Figueroa LLC,United States,Alabama,Marksport,Retail,Active,TAX401897,yvonneellis@le.com,581.376.7622x70254,2024-08-16,2024-12-31,45
1479,Bowman-Esparza,Germany,Oregon,West Williamchester,Retail,Inactive,TAX510087,nina25@brown-campbell.info,320.536.9061x55026,2024-06-09,2024-09-06,54
1480,Johnson-Hanson,India,New Mexico,North Michelle,Manufacturing,Prospect,TAX553065,laurapowers@reynolds.com,505-432-4216x9435,2023-07-27,2024-02-08,24
1481,"Mcgee, Mcintyre and Owens",United States,Texas,West Angelaland,Semiconductors,Inactive,TAX832582,theresastone@chavez-lopez.com,(378)286-4555x2615,2021-03-31,2021-07-31,21
1482,Smith-Moss,India,Texas,Tinatown,Retail,Prospect,TAX406068,tamara29@johnson-ross.info,741-823-5998x962,2024-09-27,2024-10-31,28
1483,"Hernandez, Ross and Edwards",Canada,Alaska,South Deborahmouth,Healthcare,Prospect,TAX227119,bryan17@brennan.com,001-437-984-9531,2023-01-26,2023-03-06,14
1484,Adams LLC,United States,Michigan,Lake Carlfort,Finance,Inactive,TAX572840,hwatts@hurley.com,(946)215-2653x2224,2021-12-04,2022-04-12,27
1485,"Rhodes, Davis and Mayo",United States,Connecticut,Allisonville,Healthcare,Active,TAX176751,brandiramos@grant.net,+1-543-274-8126x817,2024-08-01,2024-12-31,60
1486,"Smith, Christian and Morris",India,Ohio,West Melissahaven,Retail,Inactive,TAX997343,paynejoseph@robinson.com,408-310-5635x86990,2022-02-03,2022-08-25,5
1487,Key Inc,India,Nebraska,Carrollchester,Semiconductors,Prospect,TAX243110,prestonsusan@martin.biz,464.228.1259x836,2022-11-01,2023-10-10,60
1488,Meyers-Adams,United States,North Carolina,Brendamouth,Semiconductors,Active,TAX675069,boonepaul@hernandez.com,001-565-265-7166x5781,2024-09-07,2024-12-31,57
1489,Whitney-Hanson,India,Arkansas,Joehaven,Finance,Active,TAX278875,groberts@nelson-williams.biz,(495)632-2307,2021-02-06,2021-12-13,13
1490,"Werner, Tran and Burns",India,Kentucky,East Robertborough,Semiconductors,Prospect,TAX877462,lisa57@flores-sanders.net,001-605-483-9340x8354,2023-03-12,2023-06-06,10
1491,"Fowler, Robertson and Gomez",United States,Ohio,New Georgechester,Semiconductors,Prospect,TAX386525,nwatson@thompson.org,(527)662-2368x31275,2021-11-11,2022-06-24,46
1492,Patel PLC,India,West Virginia,Tammyfort,Retail,Active,TAX807835,martinsuzanne@shannon.com,671.606.2945x026,2023-12-27,2024-04-15,57
1493,Walker-Diaz,United States,Indiana,Codyport,Retail,Prospect,TAX772149,christinejohnson@lopez.com,366.379.0667x47720,2024-09-18,2024-12-31,14
1494,"Brennan, Phillips and Arnold",India,North Carolina,Johnmouth,Finance,Inactive,TAX154961,phillipsparks@payne.org,001-653-434-2253x93922,2024-05-10,2024-05-12,7
1495,Dyer-Vasquez,Germany,New Hampshire,South Stephen,Software,Active,TAX492843,sean50@carney.net,552.811.4846x03638,2022-05-04,2022-08-14,12
1496,"Cannon, Burns and Collier",India,Maryland,Port Kristen,Semiconductors,Active,TAX453492,steven98@richardson.org,277-406-9392x8532,2022-01-29,2023-01-12,9
1497,Collins-Miller,India,Nebraska,Vargasport,Semiconductors,Prospect,TAX276037,creese@chavez.org,363.761.3959x45921,2021-12-09,2021-12-31,54
1498,"Kim, Hall and Chen",United States,South Dakota,North Christinemouth,Finance,Inactive,TAX689356,troyduncan@morales.net,001-365-949-9779,2024-07-07,2024-10-12,80
1499,"Sims, Hernandez and Grimes",India,Florida,North Andreaville,Manufacturing,Inactive,TAX548665,mccormickconnor@thompson-montoya.biz,+1-606-225-1575x951,2021-09-05,2022-01-01,28
1500,"Lyons, Griffin and Chen",India,Texas,Lake Williamtown,Finance,Active,TAX115722,crystal58@webb.com,349.966.5294x8305,2023-04-04,2024-03-03,41
1501,Willis and Sons,India,West Virginia,Calebborough,Software,Inactive,TAX330787,jamie35@blackburn.com,+1-577-377-3426x58750,2021-05-16,2022-04-17,36
1502,Evans Ltd,United States,Pennsylvania,Greeneview,Finance,Active,TAX170601,ruizthomas@woodard.com,(419)390-7466x69747,2022-03-24,2022-10-20,39
1503,Wilson-Walls,Germany,Maine,West Peter,Healthcare,Active,TAX847143,kimberlymoss@hernandez.biz,001-552-755-8767,2024-01-04,2024-10-21,22
1504,"Smith, Montes and Malone",India,West Virginia,Lake Victorhaven,Semiconductors,Prospect,TAX440110,deniseevans@randall-adams.biz,001-812-461-4993x6319,2024-07-16,2024-12-31,50
1505,Cook-Wolfe,United States,Kentucky,New Mikayla,Retail,Active,TAX448176,aguilarbryce@copeland.com,3068362105,2021-12-26,2022-11-16,41
1506,Brown-Dixon,Canada,West Virginia,Port Kevinhaven,Retail,Inactive,TAX170793,davisjoyce@hubbard-mcclain.com,001-873-996-5272x959,2022-11-18,2022-11-27,78
1507,Harrison-Brown,Canada,Mississippi,Zacharyshire,Healthcare,Inactive,TAX635849,wellsvalerie@matthews.org,554-582-7002,2024-08-04,2024-12-01,65
1508,"Bryan, Lewis and Anderson",United States,North Carolina,South Lisa,Semiconductors,Active,TAX122243,esmith@hamilton.net,315-777-1291x8425,2024-06-16,2024-08-18,40
1509,Mullins-Kennedy,India,Texas,Matthewburgh,Healthcare,Active,TAX749871,jeffreyrichardson@vazquez.net,406.930.2282x9335,2021-06-12,2021-07-12,18
1510,"Salazar, Garcia and Barber",India,Illinois,Leahchester,Finance,Active,TAX259038,todd26@beck.biz,755-207-2831x018,2023-02-09,2023-05-24,5
1511,"Payne, Michael and Castillo",India,Montana,Loristad,Retail,Prospect,TAX565280,burgessmatthew@santos.net,6106886797,2022-11-05,2023-01-12,36
1512,Graham-Chapman,India,New Hampshire,Bennettfurt,Semiconductors,Prospect,TAX930241,paul53@young.info,396-333-7922x628,2023-04-30,2024-03-26,37
1513,Smith-Robinson,Germany,Maine,New Olivia,Software,Prospect,TAX447362,usanchez@morris.com,+1-840-450-4726x097,2022-12-03,2023-04-06,27
1514,"Jones, Kelly and Matthews",United States,New Hampshire,South Nicholas,Retail,Active,TAX940383,beverly98@gonzales.info,001-636-765-3978x8587,2024-11-08,2024-12-31,29
1515,"Wiggins, Chavez and Sanchez",United States,South Dakota,Susanview,Healthcare,Prospect,TAX437260,bbrown@richard.com,674-977-7437x21238,2022-01-11,2022-08-25,1
1516,Wood-Orr,India,California,New Katelynhaven,Healthcare,Active,TAX301814,frivera@harrell.com,001-929-500-0590x5451,2021-04-17,2022-03-07,19
1517,Morris-Diaz,Canada,Arizona,Jessicaland,Software,Active,TAX282112,joshuafrost@ortiz-heath.info,523-593-3065,2024-04-28,2024-12-31,27
1518,Wiley-Lee,India,Virginia,Cheyennefort,Semiconductors,Inactive,TAX860206,sarah98@hudson.net,(719)960-8787,2023-08-15,2024-01-21,22
1519,"Pearson, Arnold and Osborne",Germany,New Mexico,South Melissa,Software,Inactive,TAX285006,lwright@bryant-carpenter.net,001-236-266-0979x7855,2024-05-25,2024-09-29,39
1520,"Day, Ramirez and Cox",India,Arizona,Padillafurt,Healthcare,Prospect,TAX311184,sierrakline@mayo.com,9794322652,2022-07-11,2023-03-14,11
1521,Roberts-Young,Canada,Michigan,Emilystad,Finance,Inactive,TAX496065,eporter@ramos-harris.net,001-272-945-8198x70884,2021-12-10,2022-08-08,57
1522,Joseph-Hubbard,United States,Vermont,West Jamesfurt,Manufacturing,Prospect,TAX554484,christine72@boyd-harrell.com,8709513069,2021-11-16,2022-07-20,3
1523,Brown and Sons,Germany,Ohio,West Paulbury,Healthcare,Active,TAX895720,lharrington@grimes-meyer.com,679.382.1492,2022-09-07,2023-07-08,69
1524,Kennedy Group,India,Kansas,Port Oliviaborough,Retail,Active,TAX369789,pooleallison@lewis.net,868.816.7238,2023-02-19,2023-10-14,40
1525,Estrada-Williams,United States,Montana,Castillostad,Healthcare,Prospect,TAX735463,shane35@garcia-smith.info,225.704.0258x9881,2023-09-12,2023-10-18,43
1526,Rice-Hernandez,India,Michigan,Gordonstad,Healthcare,Active,TAX262240,csoto@smith.com,850-274-9316,2022-01-24,2022-01-26,2
1527,"Lambert, Patterson and Becker",Japan,Delaware,West Cynthiafurt,Retail,Prospect,TAX492437,pdavis@smith-hill.com,4004458408,2023-10-04,2024-04-28,54
1528,"Woods, Sullivan and Snow",Canada,South Carolina,Lake Patrickport,Retail,Inactive,TAX502692,martinbanks@horton.com,+1-336-938-3647x22455,2023-09-30,2024-03-05,76
1529,Warren and Sons,India,Kansas,Calvinport,Semiconductors,Active,TAX503519,jorgelucas@mccoy.com,+1-890-900-4539x80488,2024-03-04,2024-05-26,25
1530,"Martin, Stewart and Turner",Germany,Utah,Rodriguezmouth,Finance,Prospect,TAX465511,cunninghamwayne@clark-jimenez.com,001-281-566-8813,2023-11-10,2024-11-07,63
1531,"Gardner, James and Rodriguez",United States,Idaho,West Brianfurt,Finance,Prospect,TAX160507,mark66@wood.com,(953)861-2769,2024-08-26,2024-12-31,55
1532,Townsend and Sons,Germany,Wisconsin,Sarahshire,Software,Inactive,TAX136183,tracy50@brown.info,273-631-5716,2023-01-11,2023-11-30,4
1533,Reyes Inc,United States,Kentucky,Sethchester,Retail,Active,TAX374025,benjamin44@wood.com,558-929-6945x4191,2024-05-24,2024-12-31,19
1534,"Williams, Larson and Washington",India,Nevada,North Carrie,Manufacturing,Prospect,TAX794791,seanwheeler@fitzgerald-edwards.com,360.574.1464x4026,2021-11-27,2021-12-03,15
1535,Lee-Moore,Germany,Minnesota,Paulside,Retail,Prospect,TAX503017,douglasduffy@hernandez.com,001-755-210-9542x527,2023-03-26,2024-03-21,76
1536,Morales-Weaver,Canada,South Dakota,New Rebeccahaven,Semiconductors,Prospect,TAX297995,heidigonzales@jones-myers.com,902-593-7813x2672,2023-05-17,2023-08-09,55
1537,Moore Group,India,Florida,Westchester,Finance,Prospect,TAX659102,ncarter@buck-leon.com,001-646-687-7492,2024-09-10,2024-12-31,76
1538,"Bishop, Cobb and Harris",India,New York,Danafort,Healthcare,Prospect,TAX193190,vanessacalderon@ortiz-green.org,2535667832,2021-08-12,2022-07-03,74
1539,Sanders Ltd,Germany,Virginia,Port Daniel,Finance,Active,TAX382089,vcarlson@turner.net,+1-283-433-1518x01664,2022-03-06,2022-09-25,40
1540,Henderson PLC,India,Arkansas,Port Carlahaven,Software,Inactive,TAX101655,stephanie11@hill-mcclure.com,001-778-315-7341,2021-07-18,2021-08-22,54
1541,Nunez Group,United States,Alabama,Mathisbury,Retail,Inactive,TAX868650,sgomez@johnson-thomas.com,(447)889-2251,2023-06-02,2023-08-28,23
1542,"Garcia, Conner and Sanchez",India,Arizona,Martinezton,Retail,Active,TAX307639,antonio57@wu.biz,(498)810-9975,2023-09-24,2023-12-26,65
1543,"Foster, Cantu and Williams",Canada,Ohio,South Andrea,Healthcare,Prospect,TAX953929,zhawkins@cantu.com,430.287.1439x0390,2022-03-12,2022-06-15,26
1544,Peterson Ltd,India,Texas,Thompsonton,Software,Active,TAX371950,lsmith@walls.com,+1-379-788-8921x3273,2023-04-18,2023-11-29,80
1545,Hernandez and Sons,India,Idaho,New Shawn,Retail,Active,TAX183686,tamaramurphy@rodriguez.com,+1-847-654-3188,2022-08-24,2022-10-06,49
1546,Greene-Gibson,India,Arkansas,South Lisashire,Semiconductors,Inactive,TAX131107,jilladams@robinson-jenkins.org,237.255.5045x83875,2024-04-14,2024-08-12,62
1547,"Porter, Marshall and Johnson",United States,Pennsylvania,Lake Jacobmouth,Semiconductors,Active,TAX164022,codykoch@cannon.net,8436331569,2022-06-29,2022-07-02,75
1548,Wilson Inc,Germany,Maryland,Johnsonborough,Semiconductors,Active,TAX321321,marksmith@jackson-thompson.biz,5935164266,2023-12-06,2023-12-09,49
1549,Gray LLC,United States,Arkansas,East Daniel,Finance,Inactive,TAX596219,alvarezhayley@guzman.com,274-705-1995x08190,2022-11-22,2023-09-27,55
1550,Wise-Yates,India,Iowa,Ericchester,Retail,Inactive,TAX430536,michaelwood@marsh-allen.com,813-702-2867x106,2022-05-06,2022-11-06,52
1551,"Henderson, Jackson and Perkins",India,Illinois,Nicolemouth,Semiconductors,Inactive,TAX446297,qroberts@carpenter-richardson.com,753.922.7997x5261,2021-07-25,2021-07-26,59
1552,"Weber, Kent and Middleton",Japan,Rhode Island,South Lisaside,Healthcare,Prospect,TAX976002,coreyarellano@glenn-wilson.com,524-312-4845x467,2021-10-12,2021-10-25,78
1553,"Mcconnell, Wallace and Leblanc",India,New Mexico,Christophertown,Manufacturing,Inactive,TAX833232,umorales@conway-stewart.com,+1-957-803-4011,2022-05-25,2022-11-29,58
1554,Murray Group,United States,Connecticut,Lake Natalie,Retail,Inactive,TAX639926,garciadavid@patel.net,+1-217-220-3579x6564,2023-04-27,2024-03-30,25
1555,Hudson Ltd,India,Wyoming,Kellyberg,Retail,Inactive,TAX117438,tsharp@tran-chung.com,316-643-4241,2024-07-21,2024-12-31,6
1556,Stewart-Carter,Canada,Montana,Thomashaven,Retail,Inactive,TAX810860,davidfarley@newman.com,001-711-468-4603x8951,2023-06-29,2023-10-26,78
1557,Ramirez Ltd,United States,Nevada,Floresland,Retail,Prospect,TAX932527,qmitchell@lopez-schaefer.com,(549)650-6054x11371,2021-06-16,2021-12-11,55
1558,"Coleman, Dyer and Allen",Canada,Connecticut,South Amyton,Healthcare,Prospect,TAX998734,knichols@curry.com,+1-983-604-1544,2024-12-03,2024-12-31,50
1559,Allen-Adams,India,Iowa,Valeriefort,Software,Prospect,TAX250115,ryanmorrison@davis.net,001-252-353-1750x40937,2023-12-02,2024-09-19,65
1560,"Wilson, Murphy and Sanders",India,Oregon,Adamstown,Healthcare,Active,TAX415986,gary05@french.com,892.581.8472x6680,2024-10-10,2024-12-31,60
1561,"Koch, Obrien and Snow",India,Maine,South Shelbyville,Healthcare,Active,TAX605590,carlsonmichelle@burnett.biz,(578)390-8806,2024-09-19,2024-12-31,31
1562,Hernandez Ltd,India,Delaware,Zunigamouth,Software,Prospect,TAX833907,nataliehernandez@clark.com,967-372-5038x56162,2021-07-03,2021-08-26,56
1563,Davis-Ramirez,Canada,Idaho,Delgadofort,Semiconductors,Active,TAX442360,douglasstewart@hall-henry.com,(914)520-9420,2023-02-25,2023-07-18,29
1564,Green-Wood,Germany,North Carolina,Jonesport,Retail,Inactive,TAX803176,matthewmadden@murphy.com,509.855.8779,2021-09-10,2022-08-16,18
1565,Powers-White,Canada,Indiana,Richardsmouth,Retail,Prospect,TAX615856,jeffreygriffith@henderson.com,(592)513-5111,2021-07-05,2022-06-24,43
1566,Rodriguez Group,Japan,Michigan,West Sonia,Manufacturing,Prospect,TAX167808,thompsonjorge@ramirez.com,001-512-732-2232x087,2024-08-11,2024-12-31,49
1567,"Dalton, Wells and Pugh",Canada,Wisconsin,Jamieville,Retail,Prospect,TAX860247,timothyriggs@hoffman-gonzales.net,479.421.3168,2023-02-21,2024-01-21,72
1568,Banks-Black,Canada,South Carolina,South Carlos,Healthcare,Active,TAX334410,webercharles@kirby-turner.org,+1-583-380-3747,2022-06-15,2022-08-13,38
1569,Walker and Sons,India,New Hampshire,Lake Johnview,Semiconductors,Inactive,TAX876555,xjackson@parker-gonzales.info,5056355882,2024-04-27,2024-08-01,15
1570,"Cummings, Estrada and Maxwell",United States,Alaska,New Denise,Software,Inactive,TAX498663,zacharymorris@daniel.com,879.682.5875x3715,2024-03-27,2024-03-27,40
1571,Morris and Sons,India,Indiana,South Kelseyfurt,Manufacturing,Active,TAX988268,fbutler@newman.biz,731.719.1611,2023-03-06,2023-10-08,41
1572,"Robinson, Larson and Henry",Germany,Washington,Port Jameston,Retail,Active,TAX644998,tonydean@smith-gould.info,001-230-661-8920,2024-09-21,2024-12-31,76
1573,Holmes-Williams,India,Georgia,South Ianview,Healthcare,Active,TAX664441,tbeltran@evans.com,532.855.0652x9905,2023-08-02,2024-01-10,19
1574,Weber-Wilson,Japan,Alaska,Hatfieldton,Finance,Active,TAX624112,thomas90@edwards.com,7818996844,2024-10-24,2024-12-31,19
1575,Bean-Griffin,United States,West Virginia,Port Jessicaview,Software,Prospect,TAX797670,wendy05@brown-rosario.com,255-367-4092,2024-12-10,2024-12-27,77
1576,"Long, Jimenez and Stewart",India,West Virginia,North Sandy,Manufacturing,Prospect,TAX229461,jonesnicole@miller.net,7676091446,2022-07-15,2023-07-11,74
1577,"Scott, Cherry and Smith",United States,Maine,North Kellychester,Software,Inactive,TAX405654,melinda49@cruz-conner.com,001-687-852-5604x8992,2024-12-13,2024-12-31,8
1578,Taylor-Ramos,Canada,Arkansas,East Alyssafort,Finance,Active,TAX968100,joanna18@jackson.biz,(525)308-1595x904,2022-03-08,2022-07-01,7
1579,Bentley-Gonzales,Canada,California,Scottchester,Software,Inactive,TAX862729,timothy76@cardenas.com,001-632-831-9767x025,2023-03-14,2023-08-14,21
1580,Gutierrez LLC,Canada,Maine,Noahchester,Manufacturing,Inactive,TAX453800,michael89@king.com,+1-483-928-1137x24479,2023-05-16,2024-04-27,61
1581,"Love, Werner and Davis",Canada,Louisiana,Teresashire,Healthcare,Inactive,TAX175312,andrew09@collins.net,563-992-4887x807,2023-12-18,2024-05-10,37
1582,Wade-Nunez,United States,New Mexico,Langshire,Software,Prospect,TAX997845,cschaefer@williams.com,991-687-1628,2024-01-28,2024-08-16,13
1583,Graham-Ellis,India,Nevada,Molinaland,Manufacturing,Active,TAX991090,guzmanpatricia@james.com,799-331-7697x08567,2024-12-24,2024-12-31,59
1584,Fuller Ltd,United States,Nevada,Port Patricia,Manufacturing,Active,TAX563348,qwashington@foley-glover.info,714.605.7702x5015,2024-11-26,2024-12-31,38
1585,Williamson-Johnson,Japan,South Carolina,Stephenmouth,Software,Active,TAX943430,mitchellholder@henry.net,255-757-6633x542,2022-02-05,2023-01-04,2
1586,Key LLC,India,Indiana,Lake Shannonfort,Manufacturing,Active,TAX811267,oanderson@dominguez.com,+1-888-270-8942x66036,2021-10-30,2022-05-10,55
1587,"Lopez, Marshall and Maldonado",United States,Maryland,Amberport,Software,Active,TAX200713,heatherwilliams@morrison-sanders.com,(353)377-7842x47164,2022-12-30,2023-08-29,23
1588,Lee-Becker,Canada,Pennsylvania,Andrewfort,Semiconductors,Prospect,TAX781676,matthewthompson@garcia.com,(969)278-0798x230,2022-11-25,2023-09-24,56
1589,Warren and Sons,Canada,Indiana,Malloryshire,Retail,Prospect,TAX523618,thomasstacey@evans-thompson.biz,001-824-794-1801,2022-05-17,2022-06-03,16
1590,"Austin, Wilson and Benson",India,Oregon,Robertview,Healthcare,Inactive,TAX821403,wrightvicki@moore.com,265-795-1120x339,2024-05-05,2024-08-01,49
1591,"Crane, Riggs and Frazier",Germany,Tennessee,Ericshire,Retail,Prospect,TAX193964,margaret83@olson.com,(688)746-3773,2023-08-08,2024-07-05,49
1592,Moss Inc,India,Washington,Port Shane,Retail,Inactive,TAX485166,gabrielamiller@johnston-cervantes.biz,(450)655-3267,2021-01-24,2021-03-26,15
1593,"Schultz, Lowe and Warner",India,Kansas,Thomasside,Healthcare,Prospect,TAX801279,ffarmer@dyer.net,001-949-912-8672,2023-11-10,2024-03-04,3
1594,Jimenez-Ryan,United States,South Carolina,North Kellymouth,Manufacturing,Inactive,TAX387021,ybush@carlson.biz,624-315-7318x02040,2024-11-21,2024-12-31,76
1595,"Huang, Stevens and Garcia",India,California,New Kimberly,Healthcare,Prospect,TAX836873,john37@mcneil.biz,(578)714-9635x501,2023-06-08,2023-11-07,74
1596,Orr Ltd,India,Colorado,North Jenniferhaven,Finance,Active,TAX848440,mike73@hess.com,001-901-574-9317x560,2024-01-06,2024-04-09,52
1597,Lopez Inc,Japan,Virginia,Lewisborough,Semiconductors,Inactive,TAX683071,marthacastillo@hopkins.com,449-426-2189,2024-01-04,2024-10-01,63
1598,"Byrd, Green and Mcgrath",India,Nebraska,East Alexandriamouth,Manufacturing,Prospect,TAX848420,meghan96@brown-sexton.com,343-258-0471,2024-08-27,2024-10-29,27
1599,Frye LLC,Canada,Arkansas,West Julieland,Semiconductors,Active,TAX728204,armstrongmark@russell.biz,+1-734-877-9660x548,2024-11-24,2024-12-31,1
1600,Stewart LLC,United States,Alabama,Garyport,Finance,Active,TAX141044,whancock@hughes.net,(317)854-1827x71148,2021-09-21,2022-07-12,27
1601,Wood PLC,United States,Alaska,New Victormouth,Semiconductors,Prospect,TAX369232,renee08@morales.net,(850)944-4144x2942,2021-03-13,2021-04-25,16
1602,"Smith, Ryan and Graves",United States,Arizona,West Loribury,Finance,Prospect,TAX279938,qcaldwell@krause-macias.biz,449.270.4241x69814,2023-05-17,2024-04-17,1
1603,Daugherty-Keller,India,Colorado,Valdezton,Semiconductors,Prospect,TAX920827,qnichols@simmons.info,(639)376-6105,2022-08-24,2023-07-27,69
1604,Logan-Morris,United States,Alaska,Reynoldsland,Manufacturing,Inactive,TAX828866,hbailey@newton.info,984.928.4557x6186,2022-10-03,2023-06-27,46
1605,Hamilton Group,United States,Florida,New Jessicaburgh,Manufacturing,Active,TAX821347,kevinlin@harris-sampson.org,(515)527-2597,2021-07-22,2022-06-26,6
1606,Mckay-Marshall,India,Louisiana,New Ericaville,Software,Active,TAX414267,gloriawilliams@silva.info,+1-569-888-0122x5620,2022-03-17,2022-05-24,78
1607,Paul PLC,United States,Ohio,East Michaelton,Manufacturing,Inactive,TAX390870,hornnancy@robbins.biz,001-337-803-5595x915,2021-09-21,2022-08-05,55
1608,Nolan-Mullins,India,Nevada,Hernandezshire,Finance,Inactive,TAX500327,wliu@heath.biz,2254368732,2024-08-23,2024-11-14,52
1609,Nguyen LLC,United States,Mississippi,Port Andreatown,Finance,Prospect,TAX546004,bmendez@gonzales.com,+1-787-618-3410x0066,2024-11-23,2024-12-31,69
1610,"Mitchell, Choi and Rivers",India,Virginia,North Katherine,Retail,Prospect,TAX382486,ryan35@klein.info,6646937590,2024-07-20,2024-12-31,25
1611,Stephenson-Madden,Germany,South Dakota,Juliebury,Manufacturing,Prospect,TAX779237,bakeralexis@pena-ray.com,764.951.3005x019,2023-11-14,2024-09-18,21
1612,Evans-Clark,United States,Ohio,New Justinfort,Software,Inactive,TAX926051,andrew28@mason.info,(755)332-0528,2023-06-08,2023-12-19,4
1613,Kirby-Villanueva,Canada,Delaware,West Eric,Software,Active,TAX383246,zmiller@tran-wells.com,2517391841,2021-09-13,2022-06-12,15
1614,"Davis, Roberts and Martinez",United States,Virginia,South Jonathanton,Healthcare,Active,TAX445356,jessica51@patterson-munoz.com,627.969.2689,2024-08-04,2024-09-18,47
1615,Dixon PLC,Canada,Illinois,New Sharistad,Finance,Active,TAX936865,melissamorrison@irwin-richardson.com,(407)712-4137x39491,2022-04-08,2022-08-26,2
1616,"Hinton, Jones and Walker",India,Nevada,Laneborough,Software,Inactive,TAX210103,bevans@gregory-lee.com,001-359-645-6815x0895,2021-09-10,2021-12-08,68
1617,Haynes-Clarke,Germany,Connecticut,Williamsonshire,Finance,Prospect,TAX961240,xrich@allen.com,(530)342-3338,2023-09-30,2023-11-17,68
1618,"Hudson, Smith and Thomas",India,Alaska,South Allen,Manufacturing,Inactive,TAX678333,johnsonkyle@stark.com,807.826.0275x789,2022-07-10,2023-05-17,13
1619,Gutierrez Inc,Japan,Minnesota,South James,Software,Inactive,TAX888395,cameronkim@harris.org,701.399.8247x707,2023-03-09,2023-06-09,45
1620,"Schwartz, Foster and Garcia",Japan,Oregon,Francofurt,Retail,Prospect,TAX678469,rrose@wagner.com,(289)660-0668x81279,2024-05-02,2024-11-24,62
1621,"Glenn, Wood and Stephens",United States,Louisiana,Morristown,Finance,Active,TAX820013,egardner@cole.com,+1-699-279-7031x08083,2023-11-18,2024-11-17,20
1622,"Payne, Horn and Dyer",United States,Kentucky,Rebekahmouth,Software,Inactive,TAX695130,raymondlauren@merritt-ferguson.com,365-286-7260x213,2022-07-02,2022-07-29,48
1623,Warner-Adkins,Germany,Nebraska,Brianshire,Software,Prospect,TAX738271,treid@bowman.info,001-980-237-8253x7126,2023-05-07,2024-05-02,59
1624,Kaiser-Miller,India,Massachusetts,Fernandezville,Finance,Inactive,TAX626625,crystalgonzales@miller.com,956.424.7994x4331,2022-08-11,2022-12-30,55
1625,Perez-Aguirre,United States,Minnesota,Ortizberg,Retail,Active,TAX420012,ricemallory@meyer-espinoza.biz,901-757-7466x219,2024-07-25,2024-09-07,40
1626,Cooper-Martinez,United States,Michigan,Edwardmouth,Finance,Active,TAX765506,lmorales@white.com,(767)694-0601,2021-06-12,2021-07-21,31
1627,Perez and Sons,Canada,New Hampshire,New Richard,Software,Prospect,TAX160200,veronicajensen@flowers.org,262.525.4686x29661,2021-06-23,2021-11-16,71
1628,Morales-Crawford,Canada,Tennessee,New Robinborough,Semiconductors,Inactive,TAX809920,fpearson@torres.com,235.806.0012x6646,2023-11-08,2024-01-16,62
1629,Mitchell Inc,United States,Oregon,North Brandonville,Retail,Prospect,TAX658271,qmyers@salas.com,6014784627,2024-11-30,2024-12-31,52
1630,Pruitt LLC,India,Idaho,West Elizabeth,Software,Prospect,TAX107644,mparks@porter.com,266-856-9107,2023-05-21,2024-05-14,69
1631,Lin Group,Germany,Colorado,Lake Roberta,Software,Prospect,TAX793291,fowlermichael@russell.com,264.734.9465x265,2023-12-18,2024-12-02,78
1632,Mitchell Group,India,Utah,Christopherchester,Healthcare,Active,TAX807287,moorenathaniel@wiley.net,+1-475-259-8759,2023-12-09,2024-04-02,23
1633,Cummings-Nunez,India,Massachusetts,Port Tamara,Software,Prospect,TAX470453,kathrynwilliams@ross.com,5325977444,2021-04-15,2021-11-17,64
1634,"Hester, Watkins and Parker",India,Utah,Foxfort,Finance,Active,TAX454375,natalie04@hahn-anderson.biz,001-349-272-8341x9067,2024-10-22,2024-12-31,70
1635,Carlson Group,Japan,Oklahoma,Kellyburgh,Semiconductors,Inactive,TAX413710,bethwright@fields-anderson.com,226.758.5970x24891,2023-09-17,2024-02-14,34
1636,"Cox, Elliott and Bradley",India,Mississippi,Jeremystad,Retail,Prospect,TAX696474,hbell@hernandez.com,607-508-0631x395,2023-03-18,2023-07-07,40
1637,Fitzpatrick-Fernandez,Canada,Tennessee,Melodytown,Retail,Prospect,TAX965837,sclark@wall.com,626-642-1815,2021-03-14,2021-11-06,80
1638,Villegas-Wagner,Japan,Indiana,Reidmouth,Semiconductors,Inactive,TAX106177,freemanmitchell@wallace.com,+1-806-726-3276x2432,2024-06-14,2024-12-31,43
1639,Hernandez-Rosario,India,New York,West Joanneton,Semiconductors,Active,TAX466709,ypalmer@abbott.net,675.723.9996x3691,2022-01-17,2022-08-10,46
1640,Adams-Cline,India,Pennsylvania,New Robin,Healthcare,Inactive,TAX307140,kdudley@rose.com,001-690-916-5159x9527,2021-06-23,2022-03-20,66
1641,"Guerra, Mcknight and Rosario",Japan,Mississippi,Jessicaborough,Healthcare,Active,TAX611088,chadholland@everett.com,+1-447-356-1961x7650,2021-01-15,2021-04-04,33
1642,Pham Inc,India,Hawaii,Riceport,Healthcare,Inactive,TAX413823,pamela87@mack.com,+1-925-838-0631x9053,2023-01-17,2023-08-24,24
1643,"Clark, Cross and Mcdonald",United States,Oregon,Lake Monica,Finance,Active,TAX559876,ymitchell@hampton-white.net,+1-297-953-1152x43872,2024-09-06,2024-12-31,21
1644,Griffin-Lee,India,Connecticut,Michelleport,Retail,Inactive,TAX106092,destiny41@mccarthy.org,001-962-543-8409x27715,2023-01-06,2024-01-04,26
1645,"Fields, Rice and Smith",India,New Hampshire,West Emilyside,Finance,Active,TAX240173,michaellucas@tyler.com,+1-886-872-0759x1445,2023-03-20,2023-10-21,43
1646,Harvey Group,Canada,Washington,Parkstown,Software,Prospect,TAX308658,cortezbrian@young-cooley.com,7268557647,2023-09-09,2024-08-14,35
1647,"Singleton, Monroe and Foster",India,West Virginia,Khanberg,Healthcare,Prospect,TAX619640,tcastillo@duran.com,(685)990-2330x94621,2024-10-28,2024-12-31,17
1648,"Johnson, Barnes and Davis",India,Missouri,Jeffreymouth,Healthcare,Prospect,TAX861260,marygibbs@harris-golden.com,(589)207-8162,2023-03-08,2023-05-14,15
1649,"Pratt, Gray and Bell",Canada,Arkansas,Rodriguezton,Semiconductors,Active,TAX263097,zsanders@brown.com,690-841-1797x79631,2022-12-06,2023-08-19,2
1650,Johnson-Conrad,Germany,Missouri,New Stevenchester,Software,Active,TAX811259,royedward@robinson.net,847.879.8882x43759,2022-12-02,2023-07-09,77
1651,"Parks, Davies and Griffin",Germany,Kentucky,Lake Jimmy,Healthcare,Inactive,TAX403527,hudsonscott@scott-olsen.org,(901)333-6721x156,2022-08-01,2023-04-06,11
1652,Smith-Moore,Germany,Ohio,West Karen,Software,Prospect,TAX259903,mparker@gallegos.com,816.550.9423x159,2023-11-14,2024-02-17,32
1653,Lucero-Miller,India,Iowa,Lake Marialand,Semiconductors,Inactive,TAX835005,daniel13@roman-pratt.com,379-704-6449x405,2022-05-22,2023-04-28,55
1654,Jacobs and Sons,India,South Carolina,Rebeccafort,Retail,Active,TAX835203,keyjacqueline@dean.com,(389)800-9860x68144,2023-10-26,2024-09-02,24
1655,"Simmons, Sharp and Davis",India,New Mexico,Cohenview,Manufacturing,Prospect,TAX765297,taraortiz@williams-costa.com,001-985-482-4049x7795,2021-11-01,2022-02-26,16
1656,Murillo-Johnson,India,Arkansas,North Michael,Semiconductors,Inactive,TAX301512,wdavis@hansen.com,+1-447-764-1949x583,2021-10-27,2022-06-02,3
1657,George Inc,United States,Colorado,East Michellefurt,Semiconductors,Active,TAX498828,jasonrandolph@lucero.info,001-770-785-9426x823,2023-04-15,2024-01-08,40
1658,Gonzalez-Ramirez,Germany,Ohio,North John,Software,Active,TAX452508,wilsonlawrence@woods-guzman.com,+1-551-939-8553x23750,2023-05-23,2024-01-23,8
1659,Wilson LLC,United States,Hawaii,Edwardbury,Retail,Active,TAX419071,joshuaking@davis.org,(779)265-6280x733,2021-08-14,2021-12-29,47
1660,Fisher LLC,India,Vermont,Kelseyhaven,Finance,Prospect,TAX538382,duartekevin@jackson.net,(586)925-5872,2022-05-21,2022-10-31,7
1661,Miranda and Sons,India,South Dakota,Mistymouth,Semiconductors,Active,TAX792511,oscarmills@bell-anderson.com,(223)516-7501x15327,2022-10-21,2023-02-06,37
1662,Wang-Calderon,United States,Maine,Woodsmouth,Manufacturing,Active,TAX551839,irosales@horton.com,779.598.7080,2022-01-14,2022-05-23,63
1663,"Lopez, Donovan and Pierce",India,California,Lake Edward,Finance,Active,TAX201593,traceymelton@owen-rivera.com,876.444.5125,2024-10-02,2024-10-08,71
1664,Hernandez PLC,Germany,Texas,Port Juan,Software,Inactive,TAX478083,rguerra@marsh-anderson.org,+1-561-638-0718x60699,2023-01-11,2023-11-08,68
1665,Jones-Bean,United States,Texas,New Jennifer,Software,Prospect,TAX389351,chadthomas@black.com,785.871.0363x0569,2022-03-07,2022-12-31,50
1666,Stewart Inc,India,Utah,Austinland,Semiconductors,Active,TAX760140,jasonjackson@payne.com,+1-488-586-0811x07149,2024-05-17,2024-07-17,6
1667,"Ross, Sanchez and Mcpherson",United States,North Carolina,New Debraside,Retail,Active,TAX302299,jose43@taylor-rodriguez.com,(367)276-3831,2024-12-14,2024-12-31,13
1668,Hall-Mcclain,India,Vermont,North Kellie,Manufacturing,Prospect,TAX459554,fhudson@benjamin-bennett.com,(618)918-0187,2022-09-10,2023-05-10,26
1669,George Ltd,United States,Vermont,North David,Software,Active,TAX234041,skelly@parker-smith.com,(231)621-7817,2022-01-28,2022-08-30,71
1670,Warner and Sons,Germany,New York,Aliciaside,Manufacturing,Inactive,TAX483791,salasamanda@cain.com,365-227-2618,2023-07-08,2024-05-25,16
1671,"Cooper, Davis and Williams",Canada,California,Guzmanburgh,Semiconductors,Inactive,TAX539357,caleb62@lee.com,637-202-0981,2023-12-09,2024-08-22,3
1672,Glenn LLC,India,Missouri,Millerbury,Finance,Prospect,TAX235197,djohnson@thomas-henry.com,+1-745-209-8063x5333,2022-08-17,2022-09-09,73
1673,Blevins Ltd,India,Idaho,Andersonland,Retail,Active,TAX876696,collinsmartha@gray-wilson.com,8519513320,2023-03-26,2023-12-04,69
1674,Brown PLC,Japan,Georgia,Theresafort,Semiconductors,Active,TAX559008,clarence35@welch.com,001-503-563-8574,2023-11-10,2024-05-24,72
1675,"Garcia, Flores and Gordon",Germany,Vermont,North Lauraport,Healthcare,Prospect,TAX384682,myerserin@ward-davis.com,(683)814-6500x39455,2022-02-28,2022-06-02,1
1676,"Roberts, Martin and Davis",India,Connecticut,East Jasontown,Software,Prospect,TAX830565,brooksmichael@boyd.com,+1-917-750-7519x267,2021-01-19,2021-10-08,59
1677,Ramirez Inc,United States,Montana,Lake Dustin,Retail,Prospect,TAX371407,victoria96@coleman-hobbs.net,001-572-602-0487x10365,2022-09-14,2023-01-04,38
1678,Bennett-Phillips,Germany,Kentucky,Kristenfort,Manufacturing,Active,TAX279420,parksbrandi@pace-rogers.com,759-655-0800x2906,2022-04-04,2022-04-27,69
1679,Gonzalez-Edwards,India,Kentucky,Port Shane,Semiconductors,Prospect,TAX255335,brittneyharris@davis.org,824.250.8146x47023,2022-07-23,2022-09-29,35
1680,Phillips-Vasquez,Japan,Nevada,East Glennburgh,Semiconductors,Prospect,TAX361103,marcus31@scott.info,(822)580-9541x75401,2022-03-07,2022-12-05,15
1681,Mendez-Bell,India,Oklahoma,Angelaside,Finance,Prospect,TAX734555,griffinchristina@fischer.biz,+1-810-682-9656x120,2023-01-26,2023-07-11,11
1682,Ramirez-Ortiz,Canada,New Mexico,Greenside,Manufacturing,Inactive,TAX857155,patrick50@green.com,+1-843-399-9257x0992,2021-10-01,2022-04-28,79
1683,Thomas LLC,India,South Dakota,Kathyville,Semiconductors,Prospect,TAX955556,john25@cook.net,001-265-791-8198x05283,2021-01-22,2021-07-23,29
1684,Smith Group,Germany,New York,North Jessica,Finance,Active,TAX368422,lisaperez@roberts.info,969.221.9105x071,2021-02-02,2021-11-04,75
1685,"Gomez, Washington and Mata",India,Wisconsin,Michaelview,Retail,Prospect,TAX500536,atkinsonbrittany@preston.net,867.738.4315x567,2024-09-01,2024-12-31,78
1686,"Melendez, Weber and Hart",United States,Idaho,Perezfort,Healthcare,Active,TAX440014,garybaker@burns.com,+1-591-290-5665x14134,2022-07-05,2022-10-17,75
1687,Sanders-Pearson,United States,Iowa,New Kimberly,Healthcare,Active,TAX567723,scruz@miller.com,001-619-517-0242x3637,2022-04-20,2022-11-28,48
1688,Wright-Williams,India,Indiana,New Wandaborough,Healthcare,Active,TAX620052,charles57@wilson.biz,511-647-6207,2022-01-07,2022-08-30,24
1689,Ryan-Blackwell,Japan,Wisconsin,Lake Maurice,Software,Active,TAX697329,ramireztamara@leon-butler.com,531.916.8859x266,2023-10-02,2024-01-02,37
1690,"Barber, Smith and Oneill",India,North Dakota,Jeffreyborough,Software,Active,TAX957210,martinezamy@wells-fitzgerald.com,(656)608-8041x8902,2023-03-19,2024-03-04,78
1691,Drake-Lopez,India,North Dakota,South Cameron,Software,Active,TAX547107,josegray@ellis.com,449-431-8137,2022-05-18,2023-01-05,52
1692,"Rojas, Meyer and Forbes",India,Maryland,Adambury,Manufacturing,Active,TAX862067,parsonsdawn@hall.biz,576-949-2738x6813,2021-01-25,2021-11-29,13
1693,"Anderson, Hale and Reid",India,Vermont,New Charlesstad,Semiconductors,Active,TAX966713,donnalopez@gordon.com,667.316.0338,2021-01-28,2021-12-23,6
1694,"Wells, Meyer and Powell",India,Georgia,Collinstown,Semiconductors,Inactive,TAX249564,smoore@king.com,591.967.8128,2024-07-08,2024-12-31,2
1695,"Schultz, Guzman and Fernandez",Germany,South Dakota,Port Wendy,Semiconductors,Active,TAX668716,tammymcguire@lucas-black.com,(995)439-5369x82320,2022-11-25,2023-11-22,11
1696,"Turner, Hunt and Garcia",India,Utah,West Ryanburgh,Healthcare,Prospect,TAX565909,victoriaroth@jimenez-johnson.org,967-301-4128x044,2021-12-01,2022-05-07,43
1697,Johnson PLC,United States,Illinois,Andersonside,Software,Active,TAX669928,vparker@lopez-velasquez.net,+1-786-317-3277x6063,2024-11-18,2024-12-31,70
1698,"Allen, Grant and Heath",India,Arkansas,Wardfort,Semiconductors,Active,TAX671098,charles69@king.biz,001-933-975-6184x535,2022-08-31,2022-10-22,66
1699,Klein-Small,Japan,Mississippi,Lake Chelsea,Healthcare,Active,TAX101269,william61@dudley.com,644.689.2396x042,2022-04-05,2022-04-17,30
1700,Smith-Bell,United States,Missouri,Bowmanberg,Software,Inactive,TAX787199,andersenlisa@williamson.net,+1-416-610-3763,2022-08-11,2022-12-04,50
1701,Walker PLC,United States,Washington,West Jasonview,Retail,Active,TAX615711,garrettsamuel@pace.com,908-561-9970,2021-12-14,2022-02-08,29
1702,"Gibbs, Gregory and Young",India,South Carolina,Antoniofort,Finance,Inactive,TAX179995,brianna25@jones.com,255.957.4863x281,2024-06-14,2024-12-01,16
1703,"Goodman, Smith and Peterson",India,Arkansas,Vickifort,Semiconductors,Active,TAX733870,alexandragarrett@wilson-armstrong.com,001-406-661-6153x17660,2021-11-06,2022-02-05,55
1704,Steele-Bennett,United States,New Jersey,New Christopherborough,Manufacturing,Active,TAX812437,katherinekemp@delacruz-hester.com,255.746.0683x426,2023-05-21,2023-08-05,39
1705,Young PLC,United States,Ohio,Port Crystal,Finance,Inactive,TAX208970,ychapman@williams.com,975.688.0414x03634,2022-07-10,2023-03-22,48
1706,Garcia-Pham,Canada,Missouri,New Nicholemouth,Retail,Active,TAX927175,clineeric@english.com,231-221-3455x7999,2021-01-05,2021-03-22,19
1707,Lopez-Morales,India,Wisconsin,Andersonbury,Healthcare,Inactive,TAX856383,jamesjason@bailey-boyer.com,815.910.4136x777,2023-09-07,2023-10-11,15
1708,"Ward, Carpenter and Steele",United States,Illinois,Lake Stephanie,Retail,Inactive,TAX251695,monica67@mcdonald.biz,455.679.1209x4540,2021-07-05,2021-12-17,17
1709,Harris-Frost,India,North Dakota,South Mary,Healthcare,Inactive,TAX434826,rpowell@young.biz,848.586.8996x9087,2023-10-10,2024-05-14,62
1710,"Durham, Hatfield and Phillips",United States,Ohio,West Breanna,Healthcare,Prospect,TAX932046,chelsea44@owens-lopez.com,725.644.5278x610,2024-07-27,2024-12-31,18
1711,Wilcox-Martin,Japan,New Mexico,Rebeccamouth,Retail,Active,TAX501798,tina93@martinez.com,282.780.3568x991,2023-05-08,2024-02-13,64
1712,"Simpson, Stevens and Macdonald",United States,New Mexico,Anthonyborough,Healthcare,Prospect,TAX662259,maryburke@galloway.info,+1-874-863-1771x862,2022-04-17,2022-10-30,11
1713,"Gonzales, Hubbard and Rose",United States,California,Wintersbury,Healthcare,Prospect,TAX705947,iclark@allen.com,001-762-649-8640x9466,2024-11-21,2024-12-31,12
1714,"Tucker, Johnson and Edwards",India,Montana,Josephbury,Semiconductors,Active,TAX991913,tammy54@anderson.info,(220)280-1289x3482,2021-02-05,2021-08-09,72
1715,"Lawrence, Carson and Kelly",United States,Missouri,Anthonystad,Software,Active,TAX162471,nwarren@george-johnson.com,+1-923-731-5240x415,2022-12-17,2023-06-19,18
1716,"Norris, Neal and Thomas",India,Nevada,Cherryland,Software,Prospect,TAX541531,timothyolsen@blevins.com,635.669.4201,2022-05-12,2022-08-27,29
1717,West-Mccarty,India,Colorado,Meltonburgh,Software,Active,TAX829578,brian64@smith.net,617-832-6523x4655,2024-12-12,2024-12-31,49
1718,"Brown, Meyers and Mcbride",Germany,Iowa,Joanchester,Retail,Inactive,TAX489739,bleonard@turner-williams.org,001-789-828-9143x53542,2021-04-21,2022-04-15,14
1719,Calderon PLC,United States,Texas,Draketown,Semiconductors,Inactive,TAX978116,gsteele@houston.net,275-713-4074x9185,2024-05-01,2024-07-20,4
1720,"Mcdowell, Dyer and Taylor",India,Kentucky,Port Michaelmouth,Software,Active,TAX356949,robert51@brown.com,+1-561-319-5973x72530,2021-06-07,2021-06-13,73
1721,Nichols-Gray,Japan,Iowa,Josephberg,Healthcare,Active,TAX902598,wattsjonathan@brown.com,795-507-8730,2022-01-09,2022-09-06,18
1722,"Johnson, Johnson and Blake",Germany,South Dakota,East Julie,Retail,Inactive,TAX593024,nicholethomas@maldonado-mack.com,001-556-528-4975x657,2023-04-23,2023-10-12,57
1723,"Sanchez, Carpenter and Roberts",Germany,California,New Evelynland,Retail,Active,TAX400699,kathleen87@morse.com,+1-895-772-8397x83018,2021-08-16,2021-11-03,8
1724,"Schneider, Vincent and Becker",Japan,Maine,Campostown,Semiconductors,Prospect,TAX887619,vmolina@moore-flores.biz,+1-770-232-7188x7587,2021-12-22,2022-09-05,21
1725,"Arnold, Johnson and Anderson",India,New York,Oliviaberg,Healthcare,Prospect,TAX576364,kinglaura@pruitt.com,001-406-248-4773,2024-02-09,2024-12-31,34
1726,Evans LLC,Canada,Wyoming,Alexanderfort,Manufacturing,Inactive,TAX843810,cynthiaandrews@stout.org,001-601-412-0367x2916,2022-04-11,2022-11-13,21
1727,Miller-Fowler,India,Montana,Batesview,Semiconductors,Prospect,TAX495900,bjones@benson-robinson.com,356.852.0831x300,2021-09-14,2021-12-31,52
1728,Reid PLC,United States,Iowa,North Mark,Software,Inactive,TAX292616,brownstephanie@jones-rodgers.biz,001-843-908-6042x831,2024-02-20,2024-12-25,10
1729,Lewis LLC,Japan,Missouri,Valeriefort,Healthcare,Inactive,TAX428403,johnsonbrandon@brown-gibson.com,978.489.2141x8100,2024-08-29,2024-12-31,52
1730,"Johnson, Guerrero and Ruiz",Japan,Ohio,Lake Danielville,Software,Active,TAX942362,wbrown@nelson-little.biz,001-758-657-5790x3367,2023-01-31,2023-12-28,55
1731,Huynh-Rowland,India,Alaska,Lake Makayla,Semiconductors,Active,TAX181588,imoreno@castaneda.com,+1-604-453-3430,2023-01-13,2023-11-17,43
1732,Cobb Inc,India,Alabama,East Philipmouth,Finance,Active,TAX667875,matthew75@burnett.biz,516-738-2511x7230,2021-08-07,2021-09-09,28
1733,"Martin, Wells and Rosario",United States,Missouri,Lake John,Finance,Active,TAX678490,stephensrebecca@hardin.com,+1-686-611-2580,2022-02-18,2023-01-10,5
1734,"Hobbs, Brown and Jarvis",India,Utah,Livingstonberg,Semiconductors,Prospect,TAX692232,garciasean@sullivan.com,+1-376-363-5215x26737,2021-04-02,2022-01-15,62
1735,Hayes Inc,India,Montana,Foxchester,Finance,Active,TAX423595,robert41@kennedy-young.org,968-895-3742x5257,2021-01-18,2021-07-19,37
1736,"Aguilar, Hudson and Neal",Canada,Virginia,Shepherdbury,Manufacturing,Active,TAX429748,christopher60@hardy.com,+1-870-514-0950x71519,2023-03-12,2023-09-10,17
1737,Walker Ltd,Germany,Maryland,Bartlettberg,Semiconductors,Inactive,TAX527070,jennifer61@davis.com,+1-333-784-1629x06288,2023-10-29,2023-12-19,65
1738,"Dominguez, Ortiz and Brown",Japan,Illinois,New Amandastad,Software,Active,TAX715698,fowlerjason@hill.com,(635)668-0877x93472,2023-02-22,2023-10-24,76
1739,Padilla Group,Japan,Missouri,North Lauren,Semiconductors,Inactive,TAX269054,pmcgee@williamson.info,429-732-6834x8709,2021-11-07,2022-10-22,60
1740,Fisher and Sons,India,Oklahoma,New Larryview,Retail,Active,TAX853362,nicholaskim@walker.com,612.687.6634x04197,2022-04-20,2022-08-08,19
1741,Coleman-Espinoza,Germany,Wyoming,West Richard,Software,Prospect,TAX641380,vblack@gutierrez.com,251.771.3528x4547,2024-05-31,2024-12-31,67
1742,Garrett LLC,Canada,New Hampshire,Feliciahaven,Finance,Inactive,TAX923501,washingtonrobert@stevens.com,727-660-7833,2021-09-26,2022-03-18,38
1743,"Thompson, Lowery and Harrington",India,Kentucky,Davidside,Healthcare,Active,TAX847385,hughesalexis@hobbs.com,376-354-6141,2024-10-30,2024-12-31,31
1744,Valdez LLC,India,Utah,Linshire,Manufacturing,Prospect,TAX178641,sotomaria@weiss.net,348-701-2771x277,2021-11-09,2022-08-26,64
1745,Holland-Cowan,India,Illinois,Port Brittanymouth,Semiconductors,Active,TAX903541,joseph94@barr.com,3898229064,2022-09-26,2023-07-03,12
1746,Peters-Phillips,United States,Georgia,South Robert,Healthcare,Inactive,TAX277961,david65@chavez.com,286.756.2600,2022-08-29,2022-11-19,9
1747,"Stephens, Caldwell and Wilson",India,North Dakota,North Hollytown,Finance,Inactive,TAX193563,cookjames@hernandez.info,+1-422-403-0710x8169,2021-05-26,2021-08-25,59
1748,Marks PLC,India,New Jersey,Duffyfurt,Healthcare,Inactive,TAX900216,danieladams@york-terry.org,+1-607-402-7292,2023-06-25,2024-05-22,18
1749,"Hansen, Robinson and Medina",Canada,Kansas,Brandyfurt,Manufacturing,Inactive,TAX141515,anitawise@wilkins.org,959-410-9233x55885,2023-01-15,2023-06-10,52
1750,"Banks, Baker and Pena",United States,Tennessee,South Christophertown,Manufacturing,Prospect,TAX235249,manuel87@clark-wolfe.com,001-361-849-9094,2023-06-22,2023-12-26,66
1751,Knight-Burton,Japan,Hawaii,East Stevenhaven,Finance,Inactive,TAX187546,hillmelissa@miller.com,228.445.8487x4940,2024-10-29,2024-12-31,65
1752,White-Pruitt,United States,North Dakota,Reedside,Retail,Active,TAX750760,whitneytrevor@archer.net,+1-405-470-1974x3575,2024-08-11,2024-09-09,32
1753,Cooper-Fuentes,United States,Vermont,Morganchester,Manufacturing,Active,TAX262070,parkamy@meyers-daniel.com,458-612-3624,2021-08-04,2021-12-30,49
1754,"Brewer, Sutton and Glover",India,Utah,North Derekstad,Healthcare,Active,TAX333886,armstrongbill@west.biz,9956772487,2023-03-07,2023-10-29,12
1755,Hughes-Cisneros,India,Arkansas,West Scott,Healthcare,Prospect,TAX661109,duffycody@brown.com,274-718-0420x223,2023-08-11,2023-10-05,11
1756,"Woods, Cooper and Wright",India,Wyoming,Haneyburgh,Semiconductors,Inactive,TAX905533,cgray@luna-reed.com,468.856.8506x64878,2023-06-07,2023-09-17,52
1757,Golden-Dixon,India,Delaware,North Brett,Finance,Inactive,TAX733727,matthewgreen@baker.info,+1-385-629-4844x704,2023-09-23,2024-01-09,61
1758,Johnson-Estrada,India,Missouri,Port James,Healthcare,Active,TAX671559,simmonsregina@rodriguez.biz,+1-313-587-5955x9422,2021-11-15,2022-07-13,19
1759,Wilkerson Ltd,United States,Georgia,Charlesmouth,Finance,Prospect,TAX132844,fhiggins@smith.info,001-774-436-0489x098,2024-05-16,2024-11-26,8
1760,Garcia-Green,Canada,Utah,Berryview,Finance,Inactive,TAX596405,mking@costa.info,(888)693-8616x1877,2022-03-14,2022-04-10,28
1761,"Stewart, Craig and Fernandez",Japan,Illinois,Port Christinemouth,Retail,Inactive,TAX382956,jessicastein@hood-fitzgerald.com,731-726-0557x40284,2022-06-01,2023-04-22,23
1762,"Farmer, Dunlap and Henderson",India,Massachusetts,Annetteville,Semiconductors,Inactive,TAX524745,robertdavis@crawford.info,518.635.9412,2021-06-17,2021-11-16,58
1763,Aguilar-Thompson,Japan,Idaho,Heatherton,Manufacturing,Active,TAX802173,keithflores@jones-garcia.biz,(874)535-1492,2022-06-16,2022-09-18,7
1764,Simpson Inc,India,Georgia,North Steven,Healthcare,Inactive,TAX889762,andersonjulia@rivers.info,(734)843-3460x2633,2022-09-01,2022-11-24,26
1765,Jones-Powell,India,Idaho,Johnsonburgh,Healthcare,Inactive,TAX598597,edward51@gregory-frye.com,(717)423-6850x448,2024-01-02,2024-12-19,21
1766,Williams-Stephenson,Canada,Georgia,West Justin,Healthcare,Inactive,TAX826559,khernandez@johnson-flores.com,606.711.3900,2024-03-14,2024-09-29,2
1767,"Schmidt, Munoz and Kennedy",United States,South Dakota,East Joseph,Manufacturing,Active,TAX181588,xjohnson@hart-orr.com,355.456.3859,2024-09-29,2024-12-31,79
1768,"Green, Clark and Elliott",India,New Hampshire,Alyssafurt,Retail,Prospect,TAX878920,williamsmichael@freeman-haley.com,707.292.6609x40447,2022-10-11,2022-10-18,20
1769,Gibson LLC,Japan,Alabama,Robertfurt,Software,Inactive,TAX431777,kimberly89@schultz.com,+1-469-272-2324,2021-08-21,2022-08-01,53
1770,Allen-Brown,India,Kansas,New Danielton,Retail,Active,TAX572445,ephelps@stevenson.biz,001-435-591-1420x28612,2021-09-15,2022-08-05,58
1771,Spencer Ltd,United States,Wisconsin,West Aaronberg,Manufacturing,Active,TAX138258,sarah42@green.com,(243)302-3200,2022-03-24,2022-06-28,54
1772,Anderson PLC,United States,Rhode Island,New Donna,Software,Prospect,TAX495896,josephyoung@davidson.org,935-832-9561,2022-03-19,2022-09-13,27
1773,Chapman Ltd,Canada,Vermont,Rickyfort,Retail,Prospect,TAX115069,xmitchell@molina.info,295.236.1408x307,2023-01-29,2023-08-03,3
1774,Sanchez-Spears,India,Missouri,East Toddborough,Finance,Prospect,TAX958837,griffithmatthew@franco-martin.com,936.529.2459x8977,2021-09-13,2022-09-06,64
1775,"Barber, White and Turner",United States,North Carolina,North Joshua,Healthcare,Inactive,TAX530321,brookemartin@shah.com,213.685.2235x90627,2022-12-22,2023-06-20,70
1776,Rich Ltd,United States,Connecticut,Kevinburgh,Finance,Active,TAX284354,matthew22@archer.info,+1-508-993-9350x46293,2023-07-29,2024-03-04,48
1777,Rodriguez-Leblanc,India,Michigan,East Jennifer,Manufacturing,Active,TAX669128,lromero@french-miller.org,7537094587,2023-06-12,2023-12-24,37
1778,Hicks and Sons,Japan,Minnesota,Andersonburgh,Retail,Prospect,TAX558745,alexisolson@fisher.org,584-767-4752x9148,2024-07-22,2024-12-14,80
1779,"James, Cox and Hawkins",Canada,Wyoming,Duncanberg,Semiconductors,Active,TAX945089,qrichard@francis.com,+1-854-911-0556x24126,2021-08-01,2021-09-15,3
1780,Kemp-Romero,United States,Tennessee,Stephaniemouth,Healthcare,Active,TAX620518,cturner@gonzalez.com,553-620-6543x2614,2024-07-01,2024-12-31,13
1781,Dominguez and Sons,United States,New Mexico,West Edwardview,Manufacturing,Prospect,TAX945016,laurawilliams@rogers.net,409.853.1225,2021-03-08,2022-02-12,38
1782,Willis-Campbell,Japan,Oklahoma,Brownmouth,Software,Active,TAX914617,kroberts@gutierrez.info,+1-707-881-0101x24480,2023-07-21,2024-04-28,49
1783,"Bowman, Dunlap and Garcia",India,West Virginia,Parkershire,Healthcare,Active,TAX467645,johnsonjonathan@serrano.com,223.814.9204x993,2023-08-09,2024-03-07,51
1784,Brown-Baker,India,Florida,North Stephenview,Finance,Active,TAX632216,charlesowen@floyd-robinson.com,001-388-678-5066x0675,2022-08-04,2022-12-19,34
1785,Baker and Sons,India,Minnesota,West Richardshire,Healthcare,Prospect,TAX353288,david27@williams-moore.com,001-638-561-1511x16271,2021-01-09,2021-08-09,5
1786,Jensen-Baker,India,Arizona,Garciachester,Software,Inactive,TAX981610,alex47@valentine.com,907-437-1220,2023-11-29,2024-10-01,41
1787,Gross-Gardner,India,Maryland,Lisaburgh,Manufacturing,Inactive,TAX353578,sara88@ball-johnson.org,(392)353-3601x09993,2024-02-13,2024-08-31,25
1788,"Hood, Barton and Johnson",United States,Rhode Island,East Marymouth,Healthcare,Active,TAX940257,mcknightbrenda@haynes.net,741.259.4925x434,2024-03-29,2024-11-03,17
1789,Sullivan LLC,Canada,Tennessee,South John,Healthcare,Prospect,TAX282155,zgarrett@shannon-dunn.com,5512292724,2023-04-06,2023-09-15,67
1790,"Simmons, Ruiz and Williamson",India,Iowa,Gibsonhaven,Software,Active,TAX844515,smithaaron@macdonald.org,451.233.1579,2021-09-16,2022-06-01,16
1791,"White, Wright and Reynolds",United States,Colorado,Daytown,Healthcare,Prospect,TAX372871,griffintheresa@lawrence.com,+1-226-560-8696x11084,2024-02-07,2024-04-28,42
1792,"Johnson, Bradley and Barrett",India,Texas,Myersfort,Semiconductors,Active,TAX558669,katherinesmith@butler.org,+1-250-266-6760x550,2021-01-24,2021-12-11,76
1793,Decker-Williams,India,Rhode Island,New Jefferychester,Manufacturing,Prospect,TAX670081,michaelholt@gill.com,(244)719-9412x43616,2021-06-11,2022-03-30,49
1794,Lyons PLC,India,South Dakota,South Raymondshire,Retail,Active,TAX575745,farmerwilliam@villanueva.com,(378)949-0321x77491,2024-07-23,2024-12-31,46
1795,Gonzales-Watson,India,Vermont,West Jacobfort,Retail,Active,TAX411345,darlene31@cardenas-gomez.com,(595)208-3860,2022-02-01,2022-11-02,32
1796,Coleman LLC,Germany,Oklahoma,Ramosstad,Healthcare,Inactive,TAX791281,xkennedy@ingram.com,934-274-3927x08120,2021-04-16,2021-09-03,11
1797,"Johnson, Vasquez and Davis",Canada,Alabama,North Johnberg,Retail,Active,TAX769396,shawmelanie@knox-hess.biz,7993097578,2024-04-01,2024-05-23,15
1798,Ross-Hart,United States,New York,Greenview,Manufacturing,Active,TAX212278,campbellkristen@garner-mccarthy.biz,001-716-622-2772x610,2021-10-18,2022-03-11,34
1799,"Moody, Potts and Jackson",Japan,Missouri,Lake Melindahaven,Semiconductors,Active,TAX618253,melissa65@rivera.net,001-556-588-6499,2023-01-11,2023-04-27,51
1800,"Richards, Krause and Bell",India,Rhode Island,New Bradbury,Semiconductors,Inactive,TAX177149,angela61@torres.com,+1-673-960-9085x75379,2023-09-24,2024-08-09,10
1801,Molina-Garcia,India,Virginia,Lake Jonathan,Healthcare,Inactive,TAX428817,smithjustin@martin.com,(834)961-5121,2024-07-21,2024-12-31,21
1802,Moss-Hoover,India,Rhode Island,Williamstown,Semiconductors,Active,TAX791710,bdougherty@wagner-howell.net,+1-224-625-6582x93854,2024-03-07,2024-12-31,78
1803,"Phillips, Rogers and Norris",Japan,Oregon,Leeborough,Semiconductors,Inactive,TAX463629,nicholas69@mills.com,+1-386-702-9653x283,2023-09-19,2024-07-29,77
1804,"Walls, Johnson and Smith",United States,Rhode Island,New Bradport,Software,Prospect,TAX877725,bblack@howard.com,645.712.9829,2022-06-06,2022-08-07,25
1805,Molina-Romero,United States,Illinois,Castroville,Manufacturing,Active,TAX643157,debra42@johnson-lang.com,982.803.9500,2023-11-15,2024-02-01,28
1806,Griffin-Cook,Japan,Alabama,Port Manuelmouth,Semiconductors,Active,TAX130930,opope@orozco.com,(373)836-1424x7415,2022-11-02,2023-01-11,29
1807,"Walker, Gilbert and Kim",India,Virginia,Lake Joshuaburgh,Retail,Active,TAX380589,denise64@peterson.info,+1-357-873-0614x60174,2022-07-15,2023-03-18,26
1808,Johnson-Swanson,Canada,Arkansas,West Robert,Finance,Prospect,TAX678286,rebeccarhodes@pena.net,487.577.6540,2024-08-28,2024-12-31,60
1809,Mcmillan-Ruiz,Germany,Delaware,Melvinborough,Healthcare,Inactive,TAX637559,anelson@schmidt.biz,(765)629-3675x627,2023-03-31,2023-07-07,33
1810,Craig-Green,India,Iowa,Breannahaven,Retail,Prospect,TAX394736,cassidyward@murphy-ross.com,+1-722-509-4705x4476,2023-03-16,2023-05-07,75
1811,"Stanley, Wang and Dickerson",Germany,Alabama,New Jessicamouth,Manufacturing,Inactive,TAX273699,mbarton@davenport.com,588.652.8715,2022-02-26,2022-11-02,56
1812,"Compton, Osborne and Walker",Japan,Florida,Roachbury,Healthcare,Prospect,TAX883369,lance24@moore.net,001-504-668-8698x90876,2022-07-11,2022-12-21,80
1813,"Thompson, Martin and Gonzales",India,New Jersey,North Michaelside,Healthcare,Inactive,TAX309422,ylee@miller.biz,(917)536-7138,2024-03-07,2024-09-03,48
1814,Carter Ltd,Japan,South Dakota,North Ashley,Semiconductors,Inactive,TAX275373,sandersrobert@martinez.biz,+1-688-996-7621x822,2021-03-11,2021-11-27,33
1815,"Beltran, Soto and Martinez",United States,New York,Pearsonside,Finance,Prospect,TAX966843,rgonzales@garcia-wilkinson.com,+1-548-795-7925x7852,2024-08-14,2024-12-31,46
1816,Harper Inc,India,Alaska,West Katherine,Semiconductors,Active,TAX948340,kimberlyallen@adams-forbes.info,001-911-355-8221x81951,2022-10-23,2023-05-30,24
1817,"Faulkner, Hayes and Johnson",India,New Jersey,Delgadoborough,Semiconductors,Active,TAX788866,clarklaura@winters-evans.com,+1-533-764-2550,2023-02-01,2023-08-10,19
1818,Sanchez Ltd,Germany,West Virginia,Port Jessica,Semiconductors,Active,TAX434064,garciamatthew@wolfe-hayes.org,249-599-5977,2024-11-10,2024-11-15,43
1819,Warner Group,India,Alabama,Royberg,Manufacturing,Inactive,TAX343949,andrea20@nolan.com,556-836-7988x3686,2024-02-25,2024-03-29,50
1820,"Christian, Evans and Caldwell",India,Washington,Rachaelhaven,Software,Prospect,TAX328026,johnsonrichard@walton.info,001-439-320-6042x94299,2021-07-30,2022-05-13,36
1821,Mendez and Sons,Germany,Louisiana,Bakerborough,Retail,Active,TAX701828,brendan97@yoder.com,272.311.2038x29983,2024-08-16,2024-12-31,56
1822,Oneal-Norman,India,Wyoming,Christyport,Finance,Active,TAX306698,fjoyce@hansen-walton.biz,303.604.0054x68013,2021-04-12,2021-12-20,64
1823,Hardin Group,India,Alabama,Tristanborough,Finance,Inactive,TAX225052,curtiskhan@kent.com,001-359-892-9179,2021-09-12,2022-05-01,22
1824,"Lloyd, Williams and Lin",United States,Kansas,Carterfort,Manufacturing,Inactive,TAX347906,sstewart@anderson.org,783-560-9016x8011,2024-03-26,2024-04-05,37
1825,"Butler, Hanson and Carter",India,Rhode Island,Michaelborough,Manufacturing,Active,TAX584202,patricia73@brown.biz,4157353053,2022-08-06,2022-10-12,52
1826,Mcgee-Ho,India,Utah,Port Laurenfort,Manufacturing,Prospect,TAX141020,bakerjoshua@rivera.biz,001-332-540-5741,2022-11-22,2023-10-18,3
1827,Gonzalez-Garcia,India,Alabama,New Dawn,Semiconductors,Inactive,TAX858386,steelelisa@jimenez-mcdaniel.org,+1-452-218-5868x04394,2022-09-09,2023-01-27,41
1828,Barajas PLC,Germany,Utah,West Kim,Healthcare,Active,TAX683480,timothy39@fuentes.com,877.631.2058,2022-10-04,2023-06-13,79
1829,"Kelly, Holt and Bryant",India,North Dakota,Valentineland,Finance,Prospect,TAX576663,jonathanjohnson@bailey.com,701-681-3617x00048,2023-10-08,2024-08-31,16
1830,"Sandoval, Cummings and Wise",Japan,West Virginia,Lake James,Manufacturing,Active,TAX130710,william10@aguilar.com,696.325.5614,2022-04-04,2022-04-28,2
1831,Alvarado Ltd,India,Wisconsin,Brownton,Finance,Prospect,TAX859434,donnamartinez@chapman.info,(811)314-8324x09652,2023-06-12,2023-10-05,22
1832,Martinez Group,India,Virginia,Zacharyton,Retail,Inactive,TAX955792,jonesfred@robinson.com,567-496-5567,2024-01-06,2024-01-08,7
1833,Kelley Ltd,India,Illinois,Wagnerville,Semiconductors,Active,TAX150335,john46@thompson.com,001-274-690-5389x0595,2022-09-16,2022-10-24,34
1834,Warren Inc,India,Nevada,South Elijah,Manufacturing,Inactive,TAX383023,fvasquez@graves.com,741.705.9157x981,2024-12-01,2024-12-31,18
1835,Davis-Collins,United States,Minnesota,Garychester,Semiconductors,Active,TAX434844,john52@davis.com,+1-242-448-7298,2021-10-31,2022-08-26,53
1836,Vance PLC,United States,California,Zhangfurt,Retail,Active,TAX647108,kimberly34@johnson.com,281.431.4562x5303,2023-12-17,2024-04-18,74
1837,Horn-Robinson,United States,Alabama,North Jasonport,Healthcare,Inactive,TAX437548,tturner@miller.info,+1-878-205-5922x7702,2023-09-16,2024-01-09,12
1838,"Torres, Owens and Dean",India,Tennessee,Salazarhaven,Finance,Prospect,TAX186816,wdominguez@powers-graham.com,813-950-7649,2022-12-24,2023-10-05,32
1839,Haynes Ltd,United States,Montana,East Annette,Retail,Active,TAX828723,doughertyscott@gilbert.info,705-522-0112x70422,2021-06-09,2021-07-17,64
1840,Banks and Sons,India,Indiana,Port Kevinborough,Semiconductors,Prospect,TAX326634,sullivantiffany@reynolds.org,+1-774-346-9707x11989,2023-08-17,2024-03-01,25
1841,Wilson Group,United States,Ohio,Andersonshire,Finance,Active,TAX953536,mcintyretroy@holland-boyle.net,(602)864-2362x4588,2024-04-24,2024-12-31,66
1842,"Carpenter, Clark and Jones",Japan,Louisiana,Hollandfort,Finance,Prospect,TAX576076,michelle80@lucas-stevens.com,978-644-4002,2024-09-04,2024-11-21,65
1843,"Guzman, Jackson and Parker",India,Iowa,Lawsonborough,Software,Active,TAX481308,dprice@collins-campos.info,918-981-6182,2023-03-01,2023-10-18,80
1844,"Robinson, Colon and Ford",United States,Pennsylvania,Kimhaven,Healthcare,Active,TAX171973,nicholas27@holt.com,+1-788-715-6754x1354,2022-07-24,2023-02-25,22
1845,"Kim, Bryant and Roman",United States,Washington,Burketon,Manufacturing,Prospect,TAX207022,pbarry@wall.com,430-301-7314x12725,2021-10-29,2022-06-22,14
1846,"White, Sims and Howard",Germany,New Hampshire,West Brian,Software,Active,TAX583232,matthew25@jimenez.net,(465)426-4243x742,2022-01-19,2022-06-04,4
1847,Lopez Inc,United States,Louisiana,North Robertshire,Manufacturing,Inactive,TAX469053,kwilliams@peterson-klein.com,001-248-276-0967x3725,2022-06-28,2022-08-27,71
1848,"Allen, Martin and Wilson",India,Oregon,Peterborough,Healthcare,Active,TAX257936,brianoconnor@chandler-williams.org,(615)388-4452x3649,2023-03-24,2023-12-06,56
1849,Whitehead Inc,United States,Arizona,North Amanda,Semiconductors,Inactive,TAX385830,vvasquez@evans.com,821.951.7519,2023-01-28,2023-03-19,7
1850,"Sparks, Zamora and Russell",United States,Michigan,Gomezland,Retail,Inactive,TAX303352,erika34@white.com,731-507-7222x8749,2022-08-26,2022-11-30,52
1851,"Ross, Randolph and Martin",India,Washington,Johnsonfort,Finance,Prospect,TAX736955,srollins@ruiz.com,580.711.1305x29238,2023-10-08,2024-06-29,56
1852,Hernandez Group,India,New York,Bradleyport,Semiconductors,Prospect,TAX361036,sandersjohn@baker.org,(684)460-4126x1655,2021-08-16,2021-12-06,15
1853,Richards-Gonzalez,India,Pennsylvania,Brownville,Semiconductors,Prospect,TAX379108,ellen16@calderon.biz,202-696-5441,2022-05-04,2022-06-06,69
1854,Burns Inc,India,Hawaii,Elliston,Software,Prospect,TAX833491,alex56@young.com,001-246-845-6048x51199,2023-04-09,2023-10-26,51
1855,Mullins-Dennis,India,Idaho,Lake Richard,Retail,Prospect,TAX381298,hodgeschase@romero-wilson.com,+1-427-729-1694x222,2023-10-12,2024-01-25,22
1856,Payne Inc,Germany,Oklahoma,Riverafort,Finance,Prospect,TAX401982,zmiller@frazier-martin.com,(688)236-6079x833,2024-12-16,2024-12-31,37
1857,"Harris, Cervantes and Lee",Germany,North Carolina,South Melissa,Semiconductors,Active,TAX627685,bellcynthia@christian.net,(268)208-0795x6530,2024-12-05,2024-12-31,62
1858,Cain Group,Germany,Mississippi,New Jameschester,Retail,Active,TAX278501,campbellmorgan@moore.info,942-513-7472,2022-10-08,2023-09-21,9
1859,"Thompson, Thomas and Russell",India,Washington,Morganmouth,Finance,Inactive,TAX248723,eric62@sanchez.biz,001-398-832-4072x8195,2021-01-27,2022-01-03,61
1860,Ortega Inc,United States,Pennsylvania,New Amandaton,Semiconductors,Active,TAX376648,andrew33@cummings-kim.com,001-945-422-7594x26732,2021-06-07,2021-09-02,2
1861,Huang Inc,United States,Massachusetts,Johnmouth,Healthcare,Prospect,TAX101055,watersphilip@lopez.info,651-716-5160x862,2023-09-28,2024-02-01,61
1862,Walker PLC,India,Nevada,Litown,Semiconductors,Prospect,TAX813080,maria52@andrews.info,518-313-2072,2022-08-19,2022-12-13,68
1863,"Mckinney, Medina and Mcpherson",United States,Michigan,Michellechester,Software,Active,TAX204849,ryanneal@peterson.biz,965.859.9919x669,2022-09-16,2023-03-06,58
1864,Yang and Sons,United States,Illinois,Hillport,Finance,Prospect,TAX369840,gina43@estrada-rojas.com,+1-642-649-1626x31777,2024-09-20,2024-12-31,33
1865,White Inc,India,Idaho,Davidville,Semiconductors,Inactive,TAX415761,glee@barnett.org,2344731751,2024-12-25,2024-12-31,67
1866,"Reilly, Fernandez and Chandler",Germany,Massachusetts,New Jillbury,Manufacturing,Inactive,TAX218238,thomasjohnson@clark-blanchard.com,356.834.3171,2022-07-07,2023-06-23,67
1867,Spears and Sons,Germany,Wisconsin,Joseland,Semiconductors,Active,TAX530250,monica33@schultz.com,476-689-2206,2022-03-28,2023-02-28,19
1868,Barton-Watts,India,Idaho,Michaelville,Semiconductors,Active,TAX705640,rberry@avila.net,662-754-9931,2024-11-26,2024-12-31,47
1869,Blair LLC,India,Connecticut,East Samantha,Semiconductors,Active,TAX496129,orodriguez@owens-carter.biz,961-260-5433,2024-08-01,2024-09-25,36
1870,Goodwin-Mcguire,Japan,Kansas,Harrisonberg,Retail,Prospect,TAX571093,ehaynes@butler.com,921-478-9406,2023-12-16,2024-03-14,34
1871,"Simmons, Odom and Dickerson",Canada,Louisiana,New Russellborough,Finance,Inactive,TAX510020,gilberttiffany@bennett.info,986-747-4019x25531,2024-04-21,2024-11-20,36
1872,Lloyd-Green,India,Connecticut,Rodriguezbury,Semiconductors,Prospect,TAX645341,brandon97@bruce.com,757-869-0941x4250,2024-12-08,2024-12-31,79
1873,Ortiz Ltd,India,Arkansas,New Mark,Healthcare,Prospect,TAX931023,ethan82@wilson.com,+1-396-978-3435x859,2022-12-12,2023-05-08,15
1874,Ortiz-Hunt,Canada,North Carolina,Padillashire,Healthcare,Prospect,TAX254278,donaldmarquez@mcneil.com,(762)787-1171x65359,2023-08-14,2024-07-27,20
1875,Jacobs LLC,United States,Arkansas,Wadehaven,Finance,Prospect,TAX685253,wayne29@medina-young.com,+1-697-528-5541x793,2024-09-22,2024-12-14,39
1876,Collins PLC,United States,Virginia,West Erikland,Semiconductors,Inactive,TAX116349,johnny09@ford-price.com,(485)974-0405,2023-07-19,2023-08-08,28
1877,"Vazquez, Braun and Tyler",India,Illinois,Johnmouth,Manufacturing,Active,TAX155777,zjames@williams.info,001-797-351-0906,2023-09-28,2024-03-02,1
1878,"Rosales, Johnson and Jackson",United States,Iowa,Stephaniechester,Retail,Active,TAX152326,coxbobby@joseph.info,7823922092,2022-05-30,2022-08-08,45
1879,"Clark, Johnson and White",Japan,Vermont,Bradleyland,Manufacturing,Prospect,TAX906234,scott72@armstrong.com,(937)783-9049,2024-02-23,2024-05-12,12
1880,Park-Carter,Germany,Missouri,Justinfurt,Software,Prospect,TAX306283,jamesmorrow@frank.net,+1-546-251-9034,2023-06-04,2024-03-29,11
1881,"Taylor, Davis and Williams",India,Nevada,South Dorothyview,Semiconductors,Inactive,TAX471858,linda03@fowler-knight.com,377-433-4307,2022-05-25,2023-05-07,50
1882,Garrett PLC,United States,Hawaii,Port Patricktown,Semiconductors,Inactive,TAX416693,kortega@nixon.net,(878)911-0802x3883,2024-05-07,2024-10-13,23
1883,Townsend and Sons,United States,Texas,Shannonmouth,Retail,Inactive,TAX943453,kimberlyhenderson@hopkins-berger.org,+1-635-247-2863x9962,2024-03-30,2024-06-09,26
1884,"Moore, Shaw and Baker",India,South Carolina,North Jeremiah,Healthcare,Prospect,TAX309215,nschultz@green.org,8905395728,2022-09-09,2023-02-12,11
1885,"Morgan, Johnston and Fowler",India,Colorado,South Melissafort,Retail,Inactive,TAX672344,jeffreygillespie@wallace.com,001-748-702-4966x89923,2022-01-11,2022-07-22,56
1886,"Rivera, White and Jones",India,Utah,Lake Hollystad,Manufacturing,Inactive,TAX827851,kevin48@henry-thomas.info,905-718-7032x217,2022-10-04,2023-06-18,46
1887,"Salazar, Anderson and Waters",United States,West Virginia,New Charles,Healthcare,Inactive,TAX540932,gregoryvazquez@sharp.info,(781)902-9729,2023-04-21,2023-12-13,4
1888,Chaney-Wilkerson,Canada,Delaware,South Jason,Semiconductors,Inactive,TAX192724,schneidertroy@simmons.com,802.425.1766,2021-10-15,2022-08-25,39
1889,Escobar Group,Germany,Maine,Martinborough,Manufacturing,Prospect,TAX491235,kevinray@bailey.com,(656)621-9295x9099,2021-09-18,2022-08-01,70
1890,Christensen Group,Japan,Mississippi,Port Scott,Finance,Active,TAX892026,karinahodges@werner.com,001-285-786-4766x95577,2023-03-16,2023-05-19,52
1891,Castro LLC,United States,Arkansas,Marshallshire,Healthcare,Prospect,TAX582576,vmclean@garcia.com,992-756-8704x26469,2021-04-22,2021-06-04,8
1892,Charles PLC,India,Arkansas,Haleychester,Retail,Active,TAX449682,schwartzcourtney@hunter.net,(404)416-2750x209,2024-05-02,2024-06-20,38
1893,Thompson-Lopez,United States,Wyoming,New Alexander,Retail,Inactive,TAX163821,joseph62@gray-nguyen.com,787-549-7151x2954,2021-09-06,2022-07-02,66
1894,"Mercer, Edwards and Merritt",Germany,Iowa,Vincentport,Semiconductors,Prospect,TAX315025,hamiltonmichael@nielsen-brewer.org,001-352-328-7512x090,2023-11-24,2024-02-05,72
1895,Contreras-Webster,Germany,New Jersey,Port Bryan,Healthcare,Active,TAX334402,mitchellcatherine@clark.org,+1-891-305-0459,2024-10-15,2024-12-31,20
1896,"Pena, Yoder and Hayden",India,Arkansas,Port Janetfort,Finance,Prospect,TAX106764,kimberly34@gay.com,404-820-8418,2023-09-21,2024-08-05,26
1897,Nelson-Johnson,India,New Jersey,Thompsonmouth,Semiconductors,Active,TAX733120,mccarthylance@riddle-martinez.com,001-837-257-7079,2021-09-05,2022-05-29,13
1898,"Morales, Odonnell and Coleman",India,Louisiana,East Kathleenville,Semiconductors,Inactive,TAX125854,lisabaker@harris.com,001-458-427-7069,2023-11-02,2024-06-16,51
1899,George-Douglas,India,Mississippi,Elliottview,Semiconductors,Inactive,TAX524209,grahamandrew@newman.com,(835)312-0945,2023-09-18,2023-12-21,31
1900,Lynn-Harrison,Japan,Virginia,Carolynborough,Manufacturing,Inactive,TAX961600,sara63@woods.net,001-349-313-8787x018,2024-06-08,2024-12-31,57
1901,Le and Sons,Japan,New Mexico,Natalieburgh,Manufacturing,Active,TAX553355,jamesadams@hill.info,5715278796,2021-10-27,2022-09-17,3
1902,"Hicks, Malone and Jensen",India,Arizona,East Emilyburgh,Retail,Prospect,TAX352373,jillrivas@white.com,784-935-1978x8164,2021-12-16,2022-09-03,70
1903,Pratt Inc,India,Maine,Lake Monica,Healthcare,Inactive,TAX403509,smithkimberly@lopez.com,501.283.1377x4340,2024-09-29,2024-11-19,76
1904,Rodgers-Kennedy,United States,Hawaii,Jasmineland,Retail,Inactive,TAX510191,pwalker@meyer-hall.net,(820)715-2979,2023-03-02,2024-02-22,14
1905,Powell-Miller,United States,Missouri,Smithton,Healthcare,Active,TAX129329,gmartin@landry.com,4763645362,2022-08-04,2023-03-26,16
1906,"Sanchez, Cummings and Williams",United States,Connecticut,East Josephfurt,Semiconductors,Prospect,TAX417468,anthony29@wilkinson.com,499.245.4949x72547,2021-03-11,2022-02-04,80
1907,Burns-Buchanan,United States,Maryland,Lake Daniel,Finance,Active,TAX590636,robert94@smith.com,744-446-5748x1452,2023-07-28,2023-12-16,2
1908,"Clay, Avila and Ferguson",Canada,Montana,Nicholastown,Finance,Prospect,TAX997412,pattywright@alvarez.com,(913)791-3699,2023-10-28,2024-02-12,45
1909,Rose-Gilbert,Canada,New York,Webbberg,Manufacturing,Inactive,TAX637966,xrojas@houston-martin.com,(650)938-3412,2021-05-09,2021-08-06,20
1910,White Group,India,Georgia,South Kennethland,Retail,Prospect,TAX455772,ereed@hahn.biz,523.599.8877,2023-07-31,2023-10-10,36
1911,Moore-Gay,Germany,North Dakota,Sabrinaborough,Retail,Inactive,TAX513064,rdiaz@stafford.com,(718)394-5108,2021-05-20,2022-04-15,62
1912,"Martinez, Garcia and Best",India,South Carolina,Howardville,Healthcare,Prospect,TAX790982,tmeyers@young.biz,933-395-5343x349,2022-01-05,2022-10-26,65
1913,"Wallace, Garrett and Nelson",Germany,Oregon,East Kelly,Manufacturing,Inactive,TAX235708,kimberly00@brewer.info,916.433.2430,2024-11-30,2024-12-31,76
1914,Scott-Shaw,Canada,Oregon,South Davidberg,Finance,Prospect,TAX747469,bartlettgary@harvey-fernandez.org,(791)402-4198x27244,2023-04-07,2023-05-11,6
1915,Alexander PLC,India,Pennsylvania,West Douglasside,Retail,Active,TAX342959,christophervilla@ford.biz,(950)818-0054x4027,2021-07-17,2022-06-22,14
1916,Wilson and Sons,United States,Iowa,South Devinfort,Retail,Inactive,TAX439381,christopher00@cruz.net,(674)739-7384x718,2022-04-20,2022-08-19,14
1917,"Jones, Price and Callahan",Japan,Idaho,East Brittanyland,Software,Prospect,TAX502740,jameslee@stanton-rivera.com,829-480-3102,2023-05-11,2023-06-12,8
1918,Alexander LLC,United States,Arizona,Caseyport,Semiconductors,Active,TAX987936,ericamoore@johnston.com,(254)576-3169x1455,2021-05-30,2022-01-11,48
1919,Morgan-Kelly,United States,West Virginia,Ericborough,Semiconductors,Active,TAX436759,qmoore@coleman-camacho.com,(267)661-7479,2021-08-09,2022-08-01,58
1920,Carney-Rogers,India,Hawaii,West Jennifer,Retail,Prospect,TAX683499,heatherward@green-huerta.com,597-680-6437x1960,2022-02-14,2022-05-25,33
1921,"Dean, Gaines and Walker",United States,Connecticut,Williamsstad,Retail,Inactive,TAX336450,psingleton@morrison.com,824-201-5043x790,2022-02-17,2022-05-10,56
1922,"Ballard, Allen and Rose",Japan,West Virginia,Patriciahaven,Software,Active,TAX710384,ronaldflores@hoffman.org,001-674-525-4290,2021-02-19,2022-01-07,13
1923,Moreno-Robles,India,Massachusetts,Robertsonshire,Software,Active,TAX477027,hmercado@brown-schwartz.info,967.625.3081x58086,2023-04-16,2024-01-31,70
1924,Rodriguez-Mathis,Japan,Rhode Island,Lake Rebecca,Finance,Active,TAX815507,lindagutierrez@brewer.org,+1-792-875-2371x002,2024-08-08,2024-12-31,64
1925,Flores PLC,India,New York,Shaunstad,Software,Prospect,TAX967776,lisawilliams@sanchez.com,644-364-1972,2023-08-29,2024-05-11,46
1926,"Brown, Simmons and Murphy",India,Alabama,Carrollbury,Manufacturing,Active,TAX940534,jennaingram@warren.com,813.903.7097x184,2021-05-18,2021-12-28,55
1927,"Brown, Marshall and Marsh",United States,Iowa,Robinsonville,Semiconductors,Prospect,TAX181939,ypham@west.com,246.901.0069x7740,2021-09-18,2022-06-09,39
1928,Brown and Sons,India,Florida,Crystalfurt,Healthcare,Active,TAX153979,emanning@smith.com,470.407.0010,2024-05-16,2024-12-31,43
1929,Hardy and Sons,India,Vermont,Castroborough,Finance,Inactive,TAX509391,floresmegan@martinez.net,969-834-9106,2024-12-11,2024-12-31,9
1930,"Holmes, Woods and Brown",Japan,Delaware,Christinaland,Software,Inactive,TAX178409,moodyshelby@perez-white.com,001-825-919-6429x5861,2023-12-31,2024-10-20,31
1931,Rodriguez Group,Japan,Alaska,Port Mark,Manufacturing,Prospect,TAX427406,kristin96@murphy-stanton.com,001-721-282-5480x5759,2023-03-29,2024-02-08,8
1932,Phillips LLC,United States,Tennessee,South Jason,Semiconductors,Prospect,TAX593856,harry17@flores.com,+1-832-902-0613x92031,2022-06-23,2023-05-23,4
1933,Decker-Floyd,India,New Jersey,Kyleburgh,Healthcare,Inactive,TAX310251,williamburns@porter.org,8048963096,2022-11-17,2022-12-17,18
1934,Todd-Kim,India,Oregon,Johnsonburgh,Retail,Inactive,TAX894133,tdougherty@george.com,001-871-764-9545x844,2024-09-20,2024-10-21,31
1935,Murray-Potts,United States,Kansas,Rodriguezborough,Manufacturing,Prospect,TAX837244,gary89@reid.net,932.627.6654x842,2021-03-14,2021-09-07,10
1936,"Townsend, Roberts and Patterson",Canada,Maryland,Courtneyton,Manufacturing,Prospect,TAX742182,patriciajohnson@moore.com,466.559.4538,2021-06-15,2022-03-24,62
1937,Baird LLC,Canada,Michigan,East Michael,Finance,Prospect,TAX143768,krobertson@schroeder.org,001-365-575-4920x3980,2021-08-02,2021-08-20,64
1938,Pacheco Group,United States,South Dakota,Jonesland,Retail,Inactive,TAX552476,emily70@rocha.com,558-616-2315,2023-09-06,2024-02-08,30
1939,Dunn Inc,India,Minnesota,Hutchinsonfurt,Semiconductors,Active,TAX911192,benjamin16@villanueva.com,3572921510,2022-02-06,2022-11-06,78
1940,Newman LLC,Japan,Maine,North Austin,Retail,Prospect,TAX873768,ifreeman@byrd.biz,001-442-876-3808,2021-02-07,2021-11-16,62
1941,Villa Group,India,New Hampshire,Doyleville,Healthcare,Prospect,TAX231320,parkerchristian@ellis.org,671.841.4264x29306,2023-05-31,2024-05-24,55
1942,Campbell and Sons,United States,North Carolina,Port Rebecca,Semiconductors,Inactive,TAX223724,gutierrezkevin@taylor.com,405-984-7438x9475,2024-06-14,2024-12-19,46
1943,Pearson LLC,India,Rhode Island,Gainesside,Healthcare,Active,TAX349739,jacobsalinas@cooper-phillips.com,(310)301-4996,2022-04-21,2022-06-07,76
1944,Griffin-Morris,India,Louisiana,Jasonton,Healthcare,Prospect,TAX889125,scott98@cruz-anderson.biz,+1-523-739-5300x255,2024-01-04,2024-10-20,6
1945,"White, Bowman and Ross",Canada,Indiana,Kirbyfort,Semiconductors,Prospect,TAX362062,danielmontoya@collins.info,9135111751,2021-04-27,2021-06-05,8
1946,"Clark, Grant and Jenkins",India,Maine,North Matthew,Software,Inactive,TAX145843,roy44@tran.info,371-235-9358,2022-10-06,2023-04-03,78
1947,Logan-Ramirez,United States,Wyoming,West Ryan,Software,Inactive,TAX236017,blewis@gonzalez-osborne.com,(912)909-9286x87842,2024-05-26,2024-12-15,62
1948,Garcia-Walker,United States,Texas,Tylerton,Retail,Active,TAX180088,vcallahan@johnson-reyes.org,001-612-685-6859,2022-05-28,2023-03-02,27
1949,Fisher PLC,United States,Kansas,North Katie,Retail,Inactive,TAX330987,millerpatrick@zimmerman.com,(321)780-6036x3235,2023-06-28,2024-06-27,39
1950,Thomas Ltd,Canada,Colorado,Fuentesfurt,Manufacturing,Inactive,TAX785395,gonzalezpatty@navarro-allen.org,771.948.4544x30074,2022-05-16,2023-02-09,35
1951,"Burns, Mora and Martinez",India,Maine,Underwoodstad,Manufacturing,Prospect,TAX209448,masoncolton@gonzalez.com,836.830.5757,2021-04-21,2021-10-15,53
1952,Chavez Inc,Germany,Idaho,Andrewfurt,Manufacturing,Inactive,TAX393374,ysimmons@davidson.com,001-426-810-6896x553,2021-06-10,2021-09-22,18
1953,Crawford-Glenn,Japan,Tennessee,Calebview,Manufacturing,Active,TAX419751,craigmary@carroll.com,335.896.0001x82087,2024-02-07,2024-05-24,16
1954,"Robinson, Clay and Martinez",India,Indiana,South Christopher,Software,Active,TAX346525,hunterbarbara@hansen.org,+1-379-921-6501,2024-12-01,2024-12-31,59
1955,"Cox, Fisher and Smith",Canada,North Carolina,New Ryanmouth,Semiconductors,Inactive,TAX976950,kara26@torres.com,(789)332-8166,2021-03-11,2021-07-27,36
1956,Vaughan-Harris,United States,Indiana,Port Christinamouth,Finance,Active,TAX162621,ashley13@taylor-mata.info,+1-762-855-9376x51182,2022-07-26,2023-06-03,50
1957,Garrett-Morgan,United States,Missouri,New Daniel,Healthcare,Inactive,TAX565588,taylorsaunders@nichols-lee.com,+1-513-641-3503,2021-04-01,2021-07-24,27
1958,Smith-Kennedy,India,Pennsylvania,Singletonhaven,Retail,Inactive,TAX658358,tnguyen@mcgee.com,+1-321-487-3982,2021-04-18,2022-03-22,40
1959,Whitehead-Hicks,India,New York,Ramirezton,Finance,Active,TAX738309,brian15@clark.biz,(608)665-6996x387,2022-11-20,2023-04-03,76
1960,Wilkerson-Miller,India,Maryland,East Matthewbury,Semiconductors,Inactive,TAX861042,josephguerra@coleman.com,+1-597-566-5620x670,2024-06-26,2024-12-31,55
1961,Werner Group,Germany,Utah,Gibsonport,Retail,Active,TAX946616,johnsonjill@hansen.com,001-418-920-0340x9358,2021-08-12,2022-05-22,50
1962,"Sutton, Calhoun and Tucker",Canada,Utah,Port Susan,Retail,Inactive,TAX660737,clarkelizabeth@sanders-campbell.biz,001-651-784-7887x978,2023-08-08,2024-03-12,74
1963,"Garrett, Swanson and Harvey",Germany,Minnesota,Haynesfort,Manufacturing,Inactive,TAX270444,garciamorgan@ellis.com,(419)906-9239x51083,2023-02-20,2023-10-17,31
1964,"Black, Sanders and Meyer",India,Nevada,Dustintown,Semiconductors,Inactive,TAX938429,jacobcruz@brown-perez.com,724-411-4207x65133,2024-10-29,2024-12-31,11
1965,"Campbell, Brooks and Kim",Canada,Kansas,Royland,Manufacturing,Inactive,TAX453928,fernandezkristin@frazier.info,3454386876,2024-03-15,2024-10-03,5
1966,"Potter, West and Henry",United States,Georgia,Lake Shelbyborough,Finance,Inactive,TAX791252,kevin56@kaiser.com,753-583-4899,2022-05-29,2023-04-28,78
1967,Thompson Inc,India,Arizona,Barbaraton,Finance,Prospect,TAX792874,brandon02@garcia-byrd.com,564.623.7331,2022-10-20,2023-03-04,23
1968,"Hernandez, Brown and Wilkerson",United States,New Hampshire,Port Williamfort,Semiconductors,Inactive,TAX109301,emartin@bowers-harrison.com,001-329-721-0172x7482,2023-08-14,2023-09-01,46
1969,Leach LLC,United States,Alaska,Suttonchester,Manufacturing,Active,TAX528459,christopherthomas@brown.org,(719)965-1966x2714,2021-04-30,2022-02-20,11
1970,Hays LLC,India,Vermont,Maxwellchester,Manufacturing,Prospect,TAX429280,maryleblanc@alexander.info,917.812.1999x391,2021-05-12,2021-12-23,24
1971,"Newton, Smith and Huffman",India,New York,North Davidmouth,Finance,Inactive,TAX618970,vhampton@torres-white.net,730-603-9878x0646,2021-09-18,2022-01-12,23
1972,"Carlson, Hopkins and Wyatt",India,Nebraska,Carolynhaven,Manufacturing,Prospect,TAX151988,mterry@lee.org,(926)786-8703,2022-04-22,2022-06-19,5
1973,Cordova-Rojas,India,New York,Kristiport,Manufacturing,Inactive,TAX708059,timothy65@smith.com,001-764-230-8132x2257,2022-10-12,2022-11-02,71
1974,Jones-Martin,Germany,Montana,Karenstad,Semiconductors,Prospect,TAX371638,armstrongmary@wood-stevenson.info,614.992.6622,2022-06-12,2022-06-20,46
1975,Patterson-Harris,United States,Oklahoma,Port Erin,Semiconductors,Prospect,TAX346097,olsonchad@thomas.net,001-586-541-7939x96979,2022-12-18,2023-02-11,10
1976,"Cannon, Sanchez and Gonzalez",United States,Illinois,Fuentesside,Semiconductors,Prospect,TAX181212,andreahogan@carpenter.com,238.968.1652x235,2022-05-01,2022-08-13,42
1977,"Morrison, Page and Gilbert",United States,New Mexico,Hallstad,Retail,Inactive,TAX174861,danielmunoz@bennett.com,+1-860-933-4299x508,2024-08-07,2024-12-31,37
1978,Bright and Sons,India,Nebraska,Lopezland,Finance,Prospect,TAX926450,colescott@pollard.biz,639.871.8190x597,2023-01-08,2023-06-28,53
1979,"Herring, Andrews and Carroll",Japan,Indiana,West Jasonfort,Finance,Inactive,TAX408347,brad62@taylor-wilson.com,324.687.7365,2024-06-27,2024-07-12,21
1980,"Rodriguez, Herrera and Ortiz",India,Montana,East Donaldport,Finance,Active,TAX719946,rosssheryl@white-mcdonald.com,+1-685-572-6850x072,2021-02-22,2021-04-17,78
1981,"Wong, Neal and Warren",India,Alabama,New Christyshire,Finance,Prospect,TAX850537,rhamilton@carroll.com,001-905-714-9048x735,2023-11-07,2024-08-30,45
1982,Perez-Mitchell,Canada,Massachusetts,South Mary,Healthcare,Prospect,TAX134183,dgarcia@porter-hull.org,+1-577-222-2264x6153,2024-09-07,2024-11-22,49
1983,Hernandez Inc,Germany,Florida,Roweton,Retail,Active,TAX181066,zkirby@ruiz.org,880.251.4538,2022-04-05,2023-01-19,65
1984,Arias PLC,Canada,California,Port Sue,Retail,Prospect,TAX869603,jimenezmonica@johnson.org,+1-715-858-5939x22445,2023-05-07,2024-02-06,16
1985,White-White,Japan,Connecticut,Juliaside,Manufacturing,Active,TAX736592,joshua13@solis.com,769.293.3038x156,2023-08-26,2024-07-28,68
1986,Smith-Rojas,United States,Utah,Harperland,Finance,Inactive,TAX304497,francolynn@jenkins.com,(587)240-8117,2024-03-24,2024-08-21,32
1987,"Bennett, Norton and Perez",India,North Dakota,North Joshua,Finance,Active,TAX577963,amysmall@aguilar.biz,(789)430-2840,2022-10-07,2022-12-05,31
1988,Shaw Inc,United States,Massachusetts,Linside,Healthcare,Inactive,TAX183561,julieduncan@delgado.com,001-685-689-6549x818,2022-12-22,2023-10-04,65
1989,Wheeler and Sons,India,Ohio,Gomezport,Finance,Prospect,TAX607672,xjones@conway.com,+1-254-287-4870x56623,2024-05-24,2024-09-18,58
1990,Long-Smith,Germany,Tennessee,Josephfurt,Software,Prospect,TAX968033,wardmichele@larsen.com,706-765-6605x05908,2021-09-14,2022-06-16,32
1991,"Ellis, Rivera and Medina",Germany,Oregon,Port Linda,Healthcare,Prospect,TAX713160,brandymcintosh@freeman-perez.com,001-290-335-2196,2024-09-25,2024-12-04,78
1992,Taylor Group,India,Louisiana,Jonesport,Finance,Inactive,TAX429089,johnpearson@miller.org,3265623773,2021-08-30,2021-10-10,53
1993,Smith PLC,United States,Kansas,West Mitchellburgh,Software,Prospect,TAX618206,travismorse@clark.com,828.874.2565,2024-07-19,2024-10-28,24
1994,Hodges-Johnson,Japan,Texas,Samanthaton,Semiconductors,Active,TAX226656,williamsmichael@johnston.com,+1-515-775-0154,2023-05-08,2023-09-19,71
1995,Fernandez-Castro,Germany,Arkansas,Gibsonview,Healthcare,Prospect,TAX205901,lloydnichole@savage.com,246-861-9954x1710,2021-09-16,2021-10-03,56
1996,Perry-Thomas,India,Montana,Pattersonside,Software,Active,TAX238808,kelly55@waters.biz,277.466.5995,2023-11-21,2024-08-18,50
1997,"Perez, Campbell and Ayala",Canada,Florida,Port Ann,Finance,Active,TAX521860,ywhite@compton-dixon.com,+1-518-761-4628x836,2024-11-28,2024-12-31,31
1998,"Shepard, Hopkins and Walton",Germany,Illinois,Lake Michaelborough,Semiconductors,Inactive,TAX964776,byrdjames@wilson-rodriguez.info,9275847344,2022-11-21,2023-09-19,78
1999,Jackson-Thompson,United States,Wyoming,South Kathrynland,Retail,Active,TAX177335,kgrant@boyd-peterson.net,631-235-7408x747,2022-12-28,2023-08-14,53
2000,Lee-Woods,United States,Oregon,Garciafort,Retail,Inactive,TAX403343,richard77@armstrong.net,744.625.1180,2023-09-05,2024-08-28,18
2001,Edwards-Richards,Germany,Texas,West Dan,Retail,Prospect,TAX959943,williereynolds@payne-smith.biz,001-717-406-4914x45337,2023-11-10,2023-12-22,20
2002,Davis LLC,Japan,Missouri,West Ryanville,Manufacturing,Prospect,TAX487840,tcohen@bell.com,676.384.0913,2024-10-12,2024-12-31,59
2003,"Henry, Jones and Montgomery",India,New York,New Nicholasville,Healthcare,Active,TAX633376,rebecca14@howard.com,383-287-3680x72966,2024-04-19,2024-09-09,13
2004,"Scott, Jacobson and Stone",India,California,Careyport,Healthcare,Inactive,TAX150633,miareeves@pearson.org,+1-207-804-6445x030,2024-03-01,2024-11-21,68
2005,"Smith, Howard and Cummings",United States,Utah,New Christopherhaven,Healthcare,Inactive,TAX438480,dhall@thompson.biz,727.222.3736,2023-02-26,2023-08-08,23
2006,Guerra-Thomas,Canada,Tennessee,Zamoramouth,Semiconductors,Prospect,TAX866493,greenjesus@murphy.com,(554)793-0539x73451,2022-03-08,2022-10-14,67
2007,"Matthews, Phillips and Fisher",India,South Dakota,Hollowaytown,Manufacturing,Inactive,TAX204298,qmoore@haynes.com,+1-831-664-1199x1365,2022-12-13,2023-05-07,22
2008,"Williams, Davidson and Juarez",India,Vermont,Sandraburgh,Finance,Inactive,TAX560237,awilliams@fernandez.org,+1-722-638-4357x99389,2022-04-04,2022-06-29,37
2009,Liu-Hart,Canada,Hawaii,West Caleb,Finance,Prospect,TAX890069,framirez@thompson-nelson.info,556.555.1288x956,2021-08-06,2021-12-02,36
2010,Henry-Henderson,India,Wyoming,Brownland,Software,Prospect,TAX979535,millerdavid@sanchez.net,953.642.1448x3545,2023-11-08,2024-02-02,4
2011,"Hunter, Joseph and Hall",United States,Nevada,New Heather,Semiconductors,Prospect,TAX664045,edward43@hanson.com,001-235-821-5173x466,2022-02-04,2022-02-07,63
2012,"Cummings, Bowman and Lamb",Japan,West Virginia,Lake Jonathan,Semiconductors,Inactive,TAX313008,riversthomas@perry-garcia.net,5107302212,2022-08-01,2023-05-20,55
2013,Rodriguez-Davis,Germany,Nebraska,East James,Manufacturing,Active,TAX971406,rhonda14@walls.com,+1-626-721-4453x7150,2023-07-19,2023-12-17,15
2014,Davenport Group,Germany,New York,Snyderhaven,Semiconductors,Inactive,TAX553263,cannonsusan@martinez.com,(768)742-3263,2023-10-08,2024-02-19,12
2015,Perry-Becker,Japan,Indiana,Lake Paul,Finance,Prospect,TAX801199,christopherwalter@wallace-bradley.com,(938)915-4552,2021-08-27,2022-02-24,11
2016,Fowler-Martin,Germany,Missouri,East Natashamouth,Software,Prospect,TAX177961,rmitchell@hall.net,(589)319-5078x67969,2022-11-01,2023-01-20,65
2017,"Bolton, Martinez and Kline",India,Oregon,Annamouth,Healthcare,Prospect,TAX871250,paul23@miller.com,515-551-7586x3735,2023-11-17,2024-10-26,10
2018,Suarez Inc,Germany,Florida,Ortizchester,Finance,Active,TAX554429,ilamb@li-whitaker.com,311.662.1065,2021-07-25,2022-07-21,67
2019,"Gilbert, Kirby and Clark",India,South Carolina,Grossport,Manufacturing,Prospect,TAX978323,christianmorgan@simpson-alvarado.com,+1-902-575-9608x89586,2024-07-06,2024-07-24,2
2020,Dillon-Evans,India,Kentucky,East Cory,Manufacturing,Inactive,TAX330906,kayla21@reed.biz,6622098180,2024-10-11,2024-12-31,34
2021,"Andrews, Melton and Daniel",United States,South Carolina,West Davidport,Healthcare,Active,TAX869194,cartermichael@grant.com,001-434-474-2963x641,2023-10-15,2024-03-07,17
2022,Turner-Taylor,India,Vermont,Hannahshire,Semiconductors,Prospect,TAX998794,justinlewis@sanders.com,+1-817-744-2539,2022-03-15,2022-03-16,56
2023,"Lopez, Leon and Valentine",India,Nevada,North Ashley,Manufacturing,Prospect,TAX318677,martinkristopher@price-walls.com,001-580-797-0209x79096,2024-12-25,2024-12-31,5
2024,Guerra Ltd,United States,Massachusetts,North Taylorborough,Finance,Prospect,TAX498763,davidbrown@singleton.org,708.560.4377x5872,2024-07-16,2024-12-31,31
2025,Miller-Taylor,United States,Utah,West Jerrybury,Healthcare,Prospect,TAX788852,smithsara@rogers.org,(547)641-3311x51968,2022-01-04,2022-06-06,30
2026,"Christensen, Schwartz and Moore",Japan,Nebraska,Gonzalezstad,Retail,Inactive,TAX614034,nicole09@johnson.com,001-391-531-5653x667,2024-07-14,2024-12-31,77
2027,Torres-Keith,India,Virginia,West Christopher,Healthcare,Inactive,TAX201222,mark28@taylor.com,985-929-7993x4965,2022-03-25,2022-05-21,37
2028,Pierce-Murillo,United States,Iowa,Gregoryfort,Healthcare,Inactive,TAX359413,krausepaul@blevins.com,(931)554-0244,2024-09-18,2024-12-31,15
2029,Stephenson Group,India,Michigan,North Ricardoberg,Finance,Prospect,TAX219051,mwalters@adams.com,+1-852-669-6364x27212,2022-12-13,2023-12-04,51
2030,"Edwards, Mitchell and Hughes",Germany,Nebraska,Carrchester,Healthcare,Inactive,TAX730255,yhopkins@soto-mcintosh.biz,+1-486-330-1333x279,2023-04-24,2024-04-09,31
2031,Smith-Davidson,India,Nebraska,Martinezshire,Finance,Prospect,TAX325555,mjones@dean-vincent.com,647-756-1603,2023-04-18,2023-05-19,72
2032,"Hernandez, Johnson and Barnes",Germany,Idaho,New Stephen,Finance,Prospect,TAX433046,jennifer14@mullins.biz,(715)292-9325x7890,2023-04-23,2023-11-09,57
2033,Carroll-Lee,United States,Virginia,West Jill,Finance,Active,TAX381351,udoyle@jones.com,4232859512,2023-09-22,2024-01-12,44
2034,Hernandez-Gonzalez,United States,Indiana,West Jill,Semiconductors,Inactive,TAX569380,jeffreyjohnston@lowe.com,+1-899-977-3879x2787,2023-04-20,2023-08-11,74
2035,"Underwood, Sanchez and Smith",Japan,Oklahoma,Ianshire,Manufacturing,Active,TAX917419,wpacheco@murphy-torres.com,665.374.3062x06814,2024-07-04,2024-08-29,79
2036,"Wagner, Gonzales and Williams",United States,Pennsylvania,North Jasontown,Software,Prospect,TAX665987,john39@key.org,001-981-617-9633x050,2021-02-10,2021-02-20,49
2037,"Chung, Brown and Campbell",India,Kansas,South Colin,Retail,Inactive,TAX469833,ashleyeaton@thomas.com,+1-741-361-6936x2408,2024-02-07,2024-03-10,7
2038,"Pearson, Hall and Allen",United States,Connecticut,South Alexis,Finance,Prospect,TAX308079,timothy41@sanchez.com,(565)794-1525,2021-11-18,2022-08-19,51
2039,Lang and Sons,Japan,Massachusetts,Holmesville,Software,Inactive,TAX940208,xcampbell@klein-jenkins.net,771-732-9010x291,2021-11-27,2022-06-06,43
2040,"Martinez, Garcia and Richardson",United States,Colorado,Port Shirleyville,Manufacturing,Prospect,TAX360784,patrick23@wood.org,(782)889-0140x8123,2021-01-28,2021-02-15,3
2041,Burnett Group,Germany,New York,Fosterberg,Manufacturing,Active,TAX625860,jdavis@white.net,978-971-8193x834,2023-03-26,2023-11-29,6
2042,"Williams, Proctor and Smith",India,Wisconsin,Thomastown,Finance,Active,TAX341177,lopezzachary@lewis.com,001-848-924-1430x444,2024-07-17,2024-12-31,32
2043,"Sims, Phillips and Hogan",India,Oregon,Walkershire,Retail,Active,TAX952487,hodgessarah@hayes.com,345.300.4195,2023-02-13,2024-01-14,52
2044,Soto and Sons,India,Alaska,Parsonsfurt,Retail,Inactive,TAX189041,woodspaul@hughes.biz,+1-946-448-2098,2021-06-06,2021-07-13,65
2045,"Collins, Mills and Whitaker",Germany,California,New Paulfurt,Retail,Inactive,TAX121133,jeremycampbell@brown-wood.com,377-821-3963x6209,2021-01-31,2021-11-04,78
2046,Clements LLC,Canada,Pennsylvania,Stephaniefort,Semiconductors,Prospect,TAX716767,michellejones@johnson.biz,(686)237-2185x89358,2023-03-13,2023-06-20,78
2047,Olson-Maxwell,Japan,Mississippi,Davisburgh,Finance,Inactive,TAX637243,wstewart@vincent-steele.com,+1-265-966-6715x71112,2021-02-17,2021-07-21,36
2048,Garcia Ltd,United States,Texas,Lake Matthewhaven,Semiconductors,Inactive,TAX787919,kathyhudson@welch-stokes.biz,(255)525-7615,2024-03-26,2024-11-22,49
2049,Reed PLC,India,South Dakota,Amandahaven,Semiconductors,Active,TAX526068,bjones@wolf.com,001-304-234-2299x78532,2024-02-23,2024-07-14,62
2050,Joseph and Sons,India,Pennsylvania,North Annette,Retail,Prospect,TAX631201,adrian37@cooper-parker.org,+1-201-240-5650x25787,2022-05-16,2022-11-27,3
2051,"Nguyen, Brown and Fleming",Canada,New Jersey,West Peterfurt,Retail,Inactive,TAX490843,stricklandkathryn@black.net,(948)983-6269x61636,2024-01-25,2024-12-31,14
2052,Gibson Ltd,United States,New Jersey,Jacobchester,Manufacturing,Active,TAX516650,sarah26@garcia.org,288.714.1245x277,2022-04-21,2022-12-05,48
2053,Sparks Group,United States,Michigan,Blakechester,Semiconductors,Prospect,TAX425698,josephkirby@miller.net,+1-367-589-5013,2022-11-12,2023-01-24,11
2054,"Murray, Gonzales and Ramirez",India,Virginia,West Nancytown,Software,Active,TAX613604,allenmary@clarke.com,+1-814-504-6247,2024-04-30,2024-09-04,11
2055,Pittman-Mcintosh,India,Idaho,South Elizabeth,Manufacturing,Inactive,TAX648830,osexton@mason.com,445.344.6843,2024-03-06,2024-07-03,8
2056,"David, Williams and Sexton",Germany,Massachusetts,Susanfurt,Finance,Inactive,TAX426584,dgarcia@ortega.org,9998199846,2022-11-23,2023-02-08,5
2057,Marshall PLC,India,Oregon,Davidton,Manufacturing,Prospect,TAX526282,jenniferbell@montes.com,709-702-8057,2021-01-12,2021-05-29,27
2058,Johnson Inc,Germany,Wisconsin,Kennethland,Healthcare,Prospect,TAX624094,ronald63@landry.info,(975)762-2021,2022-10-04,2023-09-02,31
2059,"Carroll, Carson and Hoffman",India,Oregon,West Jamestown,Retail,Inactive,TAX639420,garnerdawn@long.info,(503)924-8932,2024-02-11,2024-03-23,14
2060,Rangel-Fisher,United States,New Mexico,Selenafurt,Semiconductors,Inactive,TAX233465,james24@ponce.net,826-789-8807x7574,2021-01-28,2021-04-20,67
2061,"Morgan, Brady and Dunn",Germany,Montana,Michaelshire,Software,Active,TAX558858,joshuawest@baker.com,+1-398-351-6522x8735,2021-08-21,2021-09-09,55
2062,"Owens, Moreno and Allen",United States,South Dakota,West Justinfort,Retail,Prospect,TAX610859,calexander@strickland-silva.com,8312887277,2021-10-14,2022-07-21,54
2063,Contreras-Wagner,India,North Dakota,Kimport,Finance,Active,TAX556633,stephanierivera@johnson.net,762-321-6346x5186,2022-08-26,2023-08-07,35
2064,Hall-Anderson,United States,Maine,Lake Michelehaven,Manufacturing,Inactive,TAX691198,courtneyshaw@hanson-schmidt.biz,+1-586-851-4660x17059,2024-08-24,2024-11-16,19
2065,Johnson-Forbes,India,Vermont,Mikeburgh,Retail,Active,TAX941811,paulmiller@baker.com,229-457-8735x16832,2024-06-11,2024-12-31,48
2066,Yates Group,United States,Virginia,North Jasonland,Finance,Inactive,TAX585365,brownchristopher@burke-williams.net,475-555-7734x328,2022-03-08,2022-08-24,18
2067,"Jones, Anderson and Bates",India,California,South Peter,Retail,Inactive,TAX110298,cindy35@palmer.org,573.929.7584x56271,2022-10-13,2023-05-14,23
2068,Garrett LLC,India,Maryland,Sweeneyhaven,Semiconductors,Active,TAX426988,michael89@johnson.com,001-647-883-0626,2024-12-07,2024-12-31,26
2069,"Mercer, Shaw and Patel",United States,Oregon,Thompsonview,Manufacturing,Inactive,TAX447115,katherine63@thomas.com,(209)327-4939,2021-07-13,2021-08-13,80
2070,"Miller, Taylor and White",United States,Wisconsin,West Dianaberg,Software,Active,TAX467476,christian68@johnson-roberts.com,001-765-323-7008x777,2024-07-27,2024-12-31,29
2071,"Brown, Williams and Thompson",India,Washington,Johnsonbury,Semiconductors,Active,TAX387918,kathleen78@mitchell.com,+1-546-543-1032,2022-08-06,2023-03-12,75
2072,"Huynh, Morton and Shepherd",Germany,Kansas,Espinozafort,Finance,Prospect,TAX904246,briankelly@medina-jones.biz,001-345-499-6822x4312,2023-04-06,2023-08-14,72
2073,Cisneros-Diaz,United States,North Carolina,Lake Christina,Retail,Active,TAX181239,andrewstephens@rodriguez-leblanc.com,606.970.7792x445,2024-04-28,2024-07-15,14
2074,Valdez-Stuart,Germany,California,East Marystad,Finance,Active,TAX375710,fmcbride@wilson.com,726-545-9639x4684,2024-02-29,2024-04-21,17
2075,"Garcia, Smith and Armstrong",Germany,Illinois,Angelastad,Manufacturing,Prospect,TAX903266,mtaylor@lopez.com,419.226.4210x2387,2023-02-24,2023-08-12,74
2076,Wright-Daugherty,Germany,West Virginia,Ashleyfort,Manufacturing,Prospect,TAX390704,graycolleen@riley-oliver.com,001-764-233-5623,2024-06-15,2024-12-31,61
2077,Jones Inc,India,Delaware,Smithton,Semiconductors,Active,TAX326957,williamsmonica@anderson.com,822.208.9395,2021-07-07,2022-05-17,19
2078,"Duncan, Johnson and Coleman",India,California,Wilsontown,Healthcare,Active,TAX439044,mitchellmichelle@baker.com,001-891-717-3906,2021-06-09,2021-07-05,18
2079,Fitzgerald PLC,United States,North Dakota,Stevenchester,Healthcare,Inactive,TAX797137,whitestacy@martinez.com,(402)645-0632x705,2023-08-25,2024-02-08,39
2080,Guerrero Group,United States,Rhode Island,Kimberlymouth,Semiconductors,Active,TAX687354,ymerritt@perry.com,(691)542-8400x00137,2023-03-17,2023-09-26,50
2081,Dixon-Burns,Germany,Connecticut,Port Thomashaven,Finance,Inactive,TAX979387,jameswhite@boone-david.net,001-333-776-2233x450,2023-12-06,2024-05-16,68
2082,Wilson-Snyder,India,Mississippi,Ryanchester,Manufacturing,Active,TAX274185,smiller@williams.com,586-524-7939,2024-07-21,2024-12-10,19
2083,Romero-Lane,Japan,Maine,East Ralphshire,Manufacturing,Inactive,TAX613900,ostuart@haley.com,+1-558-300-8757x5751,2024-11-24,2024-12-31,16
2084,"Hickman, Walker and Hardy",United States,Florida,South Brian,Healthcare,Prospect,TAX465093,joshua68@flores.net,538-454-1842,2021-12-31,2022-01-12,47
2085,Singh-Ewing,Japan,New Jersey,North Theodoremouth,Retail,Inactive,TAX863878,jeremyharrell@johnson.biz,5543971279,2023-05-19,2023-09-05,79
2086,"Johnson, Moore and Hughes",United States,Tennessee,Mcdonaldchester,Software,Inactive,TAX492383,hamiltonandrew@wagner.biz,4953661182,2022-01-02,2022-01-07,26
2087,"Smith, Castillo and Shaw",United States,Maryland,West Anna,Manufacturing,Active,TAX105887,andrewsnyder@hinton.biz,314.892.8969,2024-04-15,2024-09-20,43
2088,Hopkins LLC,India,Tennessee,Gardnerborough,Finance,Inactive,TAX627217,rachel49@mayer-contreras.com,(506)299-2558,2021-01-27,2021-12-03,35
2089,Gonzalez LLC,India,Ohio,Lake Jacquelineside,Finance,Prospect,TAX601989,orichardson@king.org,508-385-3488,2023-03-27,2023-04-18,33
2090,"Bass, Leach and Alexander",India,Hawaii,Singletonmouth,Semiconductors,Prospect,TAX963319,keithcrawford@sims.net,381-267-1771,2021-03-04,2021-10-31,78
2091,Mitchell and Sons,United States,Arkansas,Wigginschester,Healthcare,Active,TAX596446,jimenezluis@garcia-sims.com,648.200.0001x33021,2024-08-19,2024-12-31,14
2092,Sexton-Miller,India,Washington,Port Kristin,Semiconductors,Prospect,TAX847960,danielguerrero@lin.info,001-872-344-3764x56184,2021-11-10,2022-11-06,23
2093,Mckee-Reid,Japan,West Virginia,East Rhonda,Software,Active,TAX539953,christine74@henson-arias.org,548-571-9290,2021-09-02,2021-09-30,57
2094,"Barron, Cameron and Bennett",United States,Nevada,New Theodoreshire,Semiconductors,Inactive,TAX202210,estephens@bennett.org,001-816-899-2770,2024-01-20,2024-06-10,25
2095,Bryant-Stein,United States,Maine,Watsonmouth,Retail,Active,TAX448824,ualvarado@kerr.com,001-980-507-5068x233,2024-10-08,2024-12-31,22
2096,Knight LLC,Canada,New Jersey,Hayleyburgh,Manufacturing,Prospect,TAX484047,gjimenez@cabrera-cole.info,985.546.0521,2023-11-24,2023-12-01,52
2097,Jones and Sons,United States,Alabama,Williemouth,Retail,Prospect,TAX164470,laurenromero@bird.com,001-555-976-9308,2021-05-14,2021-08-20,65
2098,"Johnson, George and Perkins",India,California,South Davidland,Finance,Active,TAX280968,joyce34@weber-hart.info,770-884-8671x1724,2023-06-28,2023-07-20,36
2099,Scott Group,United States,Mississippi,New Johnchester,Retail,Prospect,TAX529131,crystalchan@maynard-white.com,996.228.7013x21566,2021-12-21,2022-11-11,1
2100,Rhodes PLC,India,California,Wilsonville,Manufacturing,Inactive,TAX223432,adamsmatthew@armstrong.com,818.298.0221x3189,2022-12-01,2023-07-27,73
2101,Johnson-Ellison,Japan,Missouri,Port Sandraland,Semiconductors,Prospect,TAX585496,fyoung@nolan-scott.com,365-854-5123x355,2021-06-30,2021-08-28,12
2102,Reese-Miller,India,Tennessee,Sullivantown,Semiconductors,Active,TAX432924,patrickhall@espinoza-hicks.com,2073443525,2024-04-25,2024-12-31,3
2103,"Miller, Diaz and Sanders",Germany,New Jersey,Port Philipchester,Semiconductors,Active,TAX768934,orichard@castillo.com,714-552-4486x491,2023-02-07,2023-09-30,11
2104,Lowery-Duncan,Japan,Texas,Jamesstad,Software,Inactive,TAX977981,bassjoshua@hurley-george.org,001-346-451-3271x004,2024-10-26,2024-12-31,25
2105,Cannon-Kaiser,Germany,Wyoming,Tiffanybury,Retail,Active,TAX425569,katelyn09@garcia.com,8914633923,2021-04-20,2021-10-31,37
2106,Aguilar-Robinson,India,Oklahoma,Wardville,Software,Prospect,TAX430868,haasmichelle@jackson.com,(383)500-6238,2023-04-28,2023-08-21,25
2107,"Dean, Adams and Wilson",India,New York,South Shannonville,Software,Active,TAX409258,nsmith@davis.org,(533)359-1335,2022-06-16,2023-06-08,57
2108,Wright-Reynolds,India,Virginia,Ballport,Healthcare,Inactive,TAX706806,helen04@noble.com,447-371-6828,2023-01-15,2023-07-12,67
2109,"Santos, Roberts and Hughes",United States,Hawaii,South Jamesberg,Retail,Prospect,TAX972132,hsmith@castaneda-mitchell.info,522.932.2426,2021-12-16,2022-01-03,75
2110,"Hardy, Long and Reese",India,Hawaii,Johnport,Manufacturing,Prospect,TAX320895,yvette87@ramirez.com,941.676.4344x105,2024-12-09,2024-12-31,45
2111,"Dennis, Hughes and Morris",United States,Wisconsin,Jayshire,Retail,Inactive,TAX317523,crystaladams@bates-fischer.com,001-651-999-5508x9775,2022-12-02,2023-11-25,65
2112,Love Inc,United States,West Virginia,Elizabethtown,Retail,Inactive,TAX195166,whenderson@smith.com,9434771494,2023-11-18,2024-03-04,34
2113,Holmes-Silva,India,Florida,Wilsonburgh,Finance,Active,TAX220898,adamwalton@anderson.com,720.478.0988x22092,2023-11-25,2024-10-27,24
2114,"Wilson, Lucas and Solis",United States,Louisiana,East Cynthia,Healthcare,Prospect,TAX438680,travis13@blair.org,(499)402-5100,2023-02-02,2023-11-17,49
2115,Harper-Middleton,United States,Florida,Maryshire,Semiconductors,Inactive,TAX835354,masonsalazar@contreras.com,222.240.8077,2021-08-03,2022-06-21,46
2116,Olson PLC,Japan,Connecticut,Rodriguezstad,Semiconductors,Active,TAX541878,kempamber@carter.net,889.859.2085x15122,2023-09-01,2024-02-19,44
2117,Smith PLC,United States,Pennsylvania,Levyport,Semiconductors,Active,TAX475394,samantha17@brooks.com,264.387.3725,2022-09-20,2022-12-12,60
2118,Stewart PLC,United States,Nevada,Adrianaborough,Semiconductors,Inactive,TAX948530,kathleen29@watts.info,954-329-5995,2024-06-16,2024-12-31,76
2119,"Turner, Powers and Pena",United States,Arkansas,South Traciland,Healthcare,Prospect,TAX518731,halljacob@briggs-orr.org,(717)723-4051,2023-08-28,2023-12-30,33
2120,"Rivers, Galvan and Brewer",Germany,Nevada,Wrightville,Manufacturing,Inactive,TAX605998,elizabeth87@bennett.com,421-818-8959x4919,2024-10-21,2024-12-31,39
2121,Powers-Rogers,India,New Mexico,East Phillip,Software,Prospect,TAX213094,jhenderson@ramirez.com,540.401.9801x106,2023-05-13,2023-12-17,35
2122,Hill LLC,Canada,Kansas,South Michael,Healthcare,Prospect,TAX129942,tammy95@wade.net,397-785-5179,2021-12-02,2022-08-21,22
2123,Brennan-Morales,Canada,Oklahoma,Lake Rachelview,Manufacturing,Prospect,TAX649543,carrie48@harris.com,7808910069,2022-02-11,2022-11-28,18
2124,"Weaver, Morrison and Miles",India,Illinois,North Raymond,Finance,Active,TAX194789,pedrocruz@farmer.com,001-207-350-5999x064,2022-09-26,2022-12-07,45
2125,Bennett Inc,United States,Arkansas,South Clairestad,Software,Inactive,TAX100884,smithlinda@jacobs-gallegos.com,+1-765-537-4945,2024-09-10,2024-11-24,26
2126,"Lopez, Fox and Dillon",Japan,Washington,Cruzmouth,Finance,Inactive,TAX184279,nicole34@moses-rodriguez.com,001-968-288-1078x63201,2022-01-14,2022-05-14,27
2127,"Ochoa, Johnson and Burton",United States,North Dakota,South Joannaberg,Retail,Active,TAX261625,tammiethompson@hardin-stephens.com,+1-691-627-7615x1807,2024-11-03,2024-12-31,48
2128,Baker Group,India,Nevada,North Jonathanberg,Software,Inactive,TAX204766,charlene65@davis-morgan.com,(284)379-5196x149,2023-08-23,2024-05-30,51
2129,"Padilla, Johnson and Johns",United States,Alaska,Kevinport,Healthcare,Prospect,TAX494570,melissa62@paul.biz,(938)797-3907x666,2023-08-08,2024-08-03,32
2130,"Hernandez, Scott and Evans",Germany,Alabama,North Mary,Semiconductors,Inactive,TAX234744,timothy97@sullivan.net,512-845-0778,2022-10-14,2022-12-21,52
2131,Murphy Ltd,Germany,South Carolina,Mosston,Finance,Prospect,TAX865850,carrollvictoria@wilson-frank.biz,(939)935-2601,2023-05-20,2024-03-20,51
2132,Villarreal LLC,United States,Michigan,Port Phyllisberg,Finance,Inactive,TAX802416,vgarcia@bauer.com,782-533-2002,2024-04-16,2024-04-29,29
2133,Hill Ltd,Japan,Montana,Navarrotown,Software,Active,TAX487063,xdavis@hogan.com,664-583-5628x75318,2023-01-12,2023-07-05,65
2134,Gray PLC,Japan,Georgia,West Edwardshire,Manufacturing,Prospect,TAX888198,hking@walton-gray.com,+1-293-303-2216x8807,2023-03-27,2023-05-05,30
2135,"Moore, Holder and Decker",India,Michigan,Tracyland,Software,Active,TAX321493,stacymolina@white.net,634.601.7919,2022-09-11,2023-04-21,12
2136,"Fletcher, Soto and Andrade",India,Nevada,Reillyfurt,Retail,Active,TAX546390,mauricejenkins@garcia.com,8347574175,2021-11-05,2022-03-30,40
2137,"Griffith, Thompson and Vang",India,Arkansas,East Kelly,Healthcare,Active,TAX373698,davidfaulkner@davis-esparza.com,433.351.9997,2023-05-14,2023-08-13,21
2138,Jones and Sons,India,South Carolina,South Karen,Manufacturing,Active,TAX587506,robersonteresa@lane.info,(242)601-1731x01091,2021-06-19,2021-12-13,13
2139,Johnson-Hoover,United States,Idaho,West Brendafurt,Healthcare,Active,TAX268698,znichols@reed.org,(437)722-7839x290,2022-10-16,2022-12-20,74
2140,White LLC,United States,North Dakota,South Kendrachester,Retail,Inactive,TAX112151,ekelly@edwards-lewis.com,+1-528-691-4631x245,2023-09-23,2024-08-22,52
2141,Green-Warner,United States,California,South Austinhaven,Semiconductors,Inactive,TAX545625,erika78@fry.com,+1-644-694-4748x4856,2022-06-14,2023-05-04,15
2142,Miller-Baker,United States,Delaware,Stevenshire,Healthcare,Prospect,TAX490935,scottnicolas@castillo.com,001-814-338-2764,2023-08-28,2024-08-26,43
2143,Lewis PLC,Japan,Minnesota,Josephberg,Finance,Active,TAX923650,jennifer13@thompson-maynard.biz,673.809.7803x993,2022-01-02,2022-08-07,69
2144,"Foster, Williams and Mendoza",Germany,Indiana,Port Carolshire,Retail,Active,TAX257692,anamoore@elliott.com,001-250-873-9848x5505,2021-01-15,2021-07-06,76
2145,"Wilson, Davis and Miller",India,Nebraska,South Tanya,Manufacturing,Prospect,TAX862974,randall62@harrison.biz,(772)843-8144,2023-07-21,2024-02-28,7
2146,Miller-Singleton,United States,Louisiana,Cooperton,Semiconductors,Active,TAX613405,phillipspaul@sanchez.com,345-501-2221x98848,2023-08-01,2024-02-04,7
2147,Anderson Inc,Japan,Minnesota,North Angela,Retail,Inactive,TAX364583,andrewknight@valdez.com,001-502-441-7669x706,2023-05-22,2023-11-10,38
2148,"Martin, Zimmerman and West",Germany,Arkansas,Lake Adrianfort,Semiconductors,Prospect,TAX380216,swalker@carpenter-ortiz.com,+1-495-790-1213x55301,2022-01-02,2022-06-01,46
2149,King and Sons,United States,Nevada,Paulshire,Healthcare,Inactive,TAX412143,stevensimmons@murphy.com,+1-214-782-2119x4572,2024-07-26,2024-08-13,77
2150,Flores-Perez,India,Connecticut,Cochranside,Retail,Active,TAX657075,natasha55@moore.com,(605)583-6072x288,2023-03-23,2023-07-28,23
2151,"Hernandez, Daniel and Patel",India,Oklahoma,Walterhaven,Semiconductors,Active,TAX862091,garciaricardo@peterson.com,554.943.0523x61416,2021-10-24,2022-09-13,64
2152,Stevens and Sons,United States,New York,Janicetown,Finance,Inactive,TAX580280,goldendonna@dickerson.com,3792939778,2024-11-12,2024-12-31,32
2153,Romero-Willis,Canada,Minnesota,Lake Michaelview,Retail,Prospect,TAX696711,nicolephillips@mills-schultz.com,947-714-0887,2023-07-28,2023-08-17,10
2154,Morris Group,India,South Carolina,East Brittany,Semiconductors,Active,TAX738953,stephentate@fuller.net,340.647.6330x99479,2024-07-30,2024-09-19,49
2155,Mckee Ltd,United States,Oregon,Port Stephanie,Retail,Active,TAX454180,dillon67@ramirez-hamilton.com,001-574-866-7856x37164,2024-07-28,2024-12-29,55
2156,Delgado Ltd,United States,Delaware,South Lindastad,Software,Prospect,TAX369335,vicki24@whitehead.biz,274.378.2563x43251,2024-08-30,2024-10-09,56
2157,Johnson Ltd,Canada,Oklahoma,Lake David,Software,Prospect,TAX373652,ashley14@brown.com,9178474815,2022-09-13,2023-07-25,66
2158,Mcknight LLC,United States,Florida,Port Vincent,Software,Prospect,TAX937764,joannethompson@lara-ryan.com,001-570-880-7092x78574,2021-04-11,2021-10-19,74
2159,"Roberts, Rivera and White",United States,Maryland,Brownburgh,Healthcare,Inactive,TAX883149,gweber@flores.biz,(292)807-2972x23187,2024-11-11,2024-12-31,36
2160,"Allen, Carey and Turner",United States,Washington,Michaelshire,Semiconductors,Prospect,TAX518036,cbautista@jackson.com,556.898.0284x40278,2022-01-07,2022-12-20,37
2161,"Anderson, Gray and Montes",India,Virginia,Christineport,Healthcare,Active,TAX119628,cohenerika@aguirre-ellis.com,847-251-5379x260,2023-04-29,2024-03-30,17
2162,"Townsend, Shields and Wright",India,North Dakota,North Susan,Healthcare,Prospect,TAX928645,smithdana@kennedy.net,(446)455-3092,2024-07-24,2024-12-31,13
2163,Martinez PLC,India,Oklahoma,South Cindyborough,Semiconductors,Prospect,TAX440377,lori32@kemp.com,642-441-6083x8814,2022-03-29,2022-04-30,79
2164,"Martin, Jennings and Lee",India,Idaho,Rogerfurt,Retail,Prospect,TAX967146,guzmanashley@williams.com,001-786-632-1337x52145,2023-08-02,2024-05-29,54
2165,Griffin-Moore,United States,Alaska,Port Josephhaven,Finance,Prospect,TAX507937,xpham@martin-thompson.com,+1-973-603-7485x083,2023-09-02,2024-06-13,2
2166,Thomas Inc,India,Wisconsin,South Donnaside,Finance,Inactive,TAX962588,aarontapia@sanchez-graham.biz,558.759.8771x5733,2023-06-30,2023-09-15,60
2167,Mason Group,Japan,Wyoming,East Johnshire,Healthcare,Active,TAX658094,kimberly05@wheeler-roberts.info,(619)227-8120x7962,2024-11-29,2024-12-31,50
2168,"Salinas, Gomez and Moore",India,Texas,Port Shawn,Semiconductors,Prospect,TAX993692,cwilson@sanchez.com,501.717.5556x7747,2024-03-16,2024-04-25,63
2169,Williams Group,United States,New Jersey,Michelleview,Finance,Active,TAX317633,floydtravis@haynes.info,580.630.2492x30083,2023-12-21,2024-06-27,39
2170,Villanueva Group,India,Delaware,Jasminetown,Finance,Inactive,TAX807265,christinalee@hicks.com,001-354-931-3731x29504,2023-08-16,2023-08-31,20
2171,"Diaz, Abbott and Knight",United States,Iowa,Lake Gregory,Software,Prospect,TAX468706,nancycastillo@howell.net,498.263.9106,2024-03-02,2024-10-08,54
2172,Bean-Rivas,Canada,Oklahoma,Lozanoton,Semiconductors,Inactive,TAX683469,amyyork@jones.biz,707.369.8644x4911,2023-10-03,2024-01-31,49
2173,Rodriguez LLC,Canada,Texas,South Kimberly,Software,Inactive,TAX736613,marcusbarron@smith.net,001-908-472-5842x3022,2021-09-10,2021-10-29,51
2174,Vazquez-Guerra,India,Hawaii,Lake Mauriceburgh,Semiconductors,Prospect,TAX403404,uosborne@thomas.com,941.966.3826,2022-01-01,2022-03-23,52
2175,Norton-Gonzales,United States,New Jersey,Owensshire,Finance,Active,TAX538493,richard53@buckley.com,+1-974-309-6834x8698,2024-05-12,2024-10-01,41
2176,Neal-Sherman,Germany,Montana,New David,Retail,Active,TAX796500,hinestimothy@price.com,990.981.1000,2024-11-07,2024-12-31,41
2177,"Young, Wiley and Braun",United States,North Dakota,Lake Ricky,Manufacturing,Inactive,TAX336033,efowler@fernandez.com,(450)481-9339,2023-04-08,2023-12-17,60
2178,Kaufman-Scott,India,Maine,Josephstad,Healthcare,Active,TAX286255,kayla72@stone-snyder.org,(844)877-1740,2023-03-31,2023-08-25,1
2179,"Hughes, Carroll and Lane",United States,Kentucky,Port Adam,Finance,Inactive,TAX788065,emartinez@lynch-patel.com,276.918.2593,2021-12-19,2022-12-03,13
2180,"Villarreal, Snyder and Johnson",India,California,New Tonya,Retail,Inactive,TAX538587,staceybender@robinson-yates.net,456-771-0262,2023-04-21,2023-07-26,4
2181,"Garcia, Gonzalez and Stewart",United States,Florida,Kellyfort,Software,Prospect,TAX750033,laurenwhite@king.com,(320)404-3209x182,2023-10-28,2023-12-08,77
2182,Olson-Williamson,United States,Texas,Jordanmouth,Healthcare,Active,TAX440808,anthonymata@jackson-reese.com,+1-393-675-1376x848,2024-06-02,2024-10-07,22
2183,"Delgado, Marquez and Doyle",United States,New York,New Kellymouth,Healthcare,Prospect,TAX195385,hansonaaron@pollard.com,685.719.4056,2023-01-29,2023-02-09,77
2184,"Drake, Perkins and Lewis",Japan,Kentucky,North Brandonmouth,Retail,Inactive,TAX678874,michelle87@cervantes.com,775-602-2593x12272,2023-11-14,2024-02-20,21
2185,Byrd-Hudson,United States,Mississippi,Colleenbury,Retail,Active,TAX283722,chavezlogan@rivera.info,723.396.7783x907,2023-08-26,2024-08-24,26
2186,Harris-Smith,India,Nevada,South Kari,Finance,Active,TAX132390,alexander90@clark-cortez.com,+1-617-664-8036x145,2022-02-28,2022-12-20,60
2187,Shelton and Sons,United States,Rhode Island,New Michaelmouth,Retail,Prospect,TAX565204,ortegamark@campbell.com,001-422-583-5602,2022-05-11,2022-08-09,60
2188,Orr-Miller,United States,New York,Nataliehaven,Semiconductors,Prospect,TAX978576,nlopez@frost.com,(784)560-7043x517,2022-11-10,2023-01-30,32
2189,Kim Group,United States,California,New Emilyview,Semiconductors,Active,TAX884972,randy14@fleming-mcpherson.com,001-526-950-8899x75585,2021-03-08,2022-02-20,53
2190,"Burke, Woods and Ryan",Japan,North Carolina,South Jenniferhaven,Healthcare,Inactive,TAX173783,hansonmark@andrews.net,744.973.2177x854,2023-05-05,2023-09-15,69
2191,Woodard-Mclean,India,New Jersey,South Bernardmouth,Manufacturing,Prospect,TAX660118,andrea83@fernandez-brooks.biz,932-275-4115x6527,2021-02-18,2021-09-30,62
2192,Arias LLC,Japan,Missouri,South Richard,Semiconductors,Inactive,TAX951089,fernandezlynn@hayes.com,6088546316,2023-03-27,2023-04-16,47
2193,Ross Ltd,India,Montana,Anneborough,Manufacturing,Prospect,TAX781186,johncook@hoover.com,714.493.2548,2023-06-21,2024-01-26,16
2194,"Owen, Ali and Thompson",India,Alabama,Jordanmouth,Finance,Prospect,TAX890183,jonathanbishop@mack.com,+1-810-300-3266,2021-08-17,2021-11-11,47
2195,Castro-Romero,United States,North Carolina,Hoganport,Finance,Active,TAX354875,myersterri@neal-osborne.com,4293425012,2023-09-16,2024-01-01,34
2196,Frye-Richardson,India,New Jersey,Valerieburgh,Retail,Prospect,TAX177667,ljones@lin-mcgee.com,(324)929-3380x1070,2023-07-28,2024-07-25,63
2197,Webster-Knox,Germany,Maryland,Smithbury,Finance,Inactive,TAX409636,vicki64@wilson.net,001-331-923-3153x49762,2024-11-12,2024-12-31,43
2198,Jones-Johnson,Germany,Wisconsin,South Michael,Retail,Inactive,TAX695833,daniel48@doyle.org,+1-823-297-3278,2022-07-18,2023-05-18,5
2199,Burnett LLC,Germany,Vermont,Lewisstad,Software,Prospect,TAX402441,sandra01@jones.org,749-595-2535,2021-02-23,2021-06-16,48
2200,Miller PLC,United States,Missouri,Josephfort,Retail,Inactive,TAX421559,rogerssylvia@arellano-ward.org,001-514-952-1020,2021-11-21,2022-09-07,40
2201,Welch Inc,United States,Kansas,Johnsonport,Healthcare,Prospect,TAX409203,carlhuber@ballard.com,868-779-7521x0084,2021-11-13,2022-11-03,17
2202,Thompson-Byrd,India,Michigan,Everetthaven,Finance,Inactive,TAX369804,lhess@williamson.com,541-871-0567x392,2024-07-28,2024-11-21,4
2203,"Houston, Owens and Smith",Japan,Missouri,Erinfort,Manufacturing,Inactive,TAX255570,jennifercook@richmond.com,+1-995-917-5204,2024-04-11,2024-04-17,34
2204,Williams PLC,India,Illinois,Lake Stacyfurt,Manufacturing,Prospect,TAX641922,stevenwright@cox.net,(474)738-3262,2023-04-12,2023-12-12,80
2205,Coleman and Sons,Canada,Maryland,South Joe,Finance,Prospect,TAX263448,paulahall@jones.com,(275)503-8095x41852,2024-04-17,2024-12-29,41
2206,"Simpson, Kirk and Cervantes",United States,Delaware,West Katelynborough,Healthcare,Inactive,TAX779872,barrygallagher@ryan.com,809-760-0876x848,2021-12-13,2022-09-07,62
2207,Boyd-Turner,India,Hawaii,Jacksonmouth,Healthcare,Active,TAX801229,wprice@rogers-steele.com,429-827-7501x9325,2021-05-13,2021-11-04,29
2208,Collins-Ramirez,India,Idaho,North Roger,Software,Active,TAX391835,austinpatricia@lee.com,+1-587-314-2035x777,2024-05-31,2024-07-31,26
2209,King LLC,India,Pennsylvania,New Patrick,Healthcare,Prospect,TAX769658,nicholaswebster@gillespie.com,237.834.7763,2021-01-25,2021-10-20,30
2210,Bray-Kelly,Germany,Georgia,Khanchester,Finance,Prospect,TAX134435,kevin69@huerta.net,001-373-603-7858,2023-03-28,2024-02-11,13
2211,"Ayala, Benson and Day",Canada,South Dakota,New Alexandria,Manufacturing,Active,TAX384660,rickymcdonald@hanson.com,2569115551,2024-02-08,2024-11-07,69
2212,Drake-Garrett,Japan,Delaware,Popefurt,Semiconductors,Inactive,TAX694230,millerangela@johnson.info,(397)701-2683,2023-12-07,2024-04-11,32
2213,Jackson-Marks,India,Idaho,South Brandonland,Retail,Active,TAX823201,powellkayla@butler-smith.com,952.368.2194,2024-08-25,2024-12-28,30
2214,"Navarro, Schwartz and Wade",United States,Idaho,Mccarthyton,Healthcare,Active,TAX142187,iharrington@dodson-diaz.com,223-703-4899,2024-06-01,2024-10-15,71
2215,Marquez-Friedman,India,Indiana,South Devinland,Retail,Active,TAX868959,lucasjoshua@clark-hess.com,667.701.9878x35054,2021-05-11,2021-07-17,67
2216,"Lopez, Payne and Walker",India,Connecticut,West Kelly,Software,Active,TAX355790,ksmith@porter.com,+1-605-540-7647x1862,2024-04-14,2024-12-31,62
2217,Kelley-Rodriguez,United States,Colorado,Nataliebury,Manufacturing,Active,TAX434347,angela07@norman.net,958-845-8402x227,2024-07-22,2024-08-28,26
2218,"Smith, Davis and Terrell",United States,Nevada,Sawyerberg,Healthcare,Active,TAX599159,gregory93@blair.com,290-567-7421,2022-02-09,2022-04-01,70
2219,Perry Ltd,United States,Louisiana,Jamesfort,Manufacturing,Inactive,TAX414531,smithellen@jackson-wallace.com,823-573-5349x724,2024-03-11,2024-03-15,75
2220,Martin LLC,United States,Wyoming,West Anthony,Semiconductors,Prospect,TAX564143,sethgriffin@foster.net,471-437-0587x752,2024-08-09,2024-11-16,76
2221,Sweeney Ltd,Japan,Texas,Lake Rebecca,Manufacturing,Inactive,TAX100519,grossalexander@lewis.com,5337873845,2022-05-31,2022-12-25,77
2222,Leon and Sons,India,Connecticut,Elizabethchester,Retail,Active,TAX444603,amypowell@knight-bowman.com,(558)669-4919x97851,2023-11-05,2024-07-09,66
2223,Solis-Swanson,India,Kansas,New Peter,Retail,Inactive,TAX377033,ulee@collins.com,388.361.6663x34280,2023-12-26,2024-05-01,44
2224,Green-Rodriguez,India,North Carolina,West Catherine,Manufacturing,Prospect,TAX423804,wbryant@byrd-green.org,714-306-5476,2024-07-05,2024-12-31,15
2225,Hebert Group,Canada,New Mexico,Theresatown,Software,Inactive,TAX106833,okelly@garcia-palmer.com,(762)493-3495x651,2022-10-16,2023-07-03,61
2226,Bush and Sons,United States,Arkansas,Tonyton,Software,Active,TAX897376,ashley76@fuentes.com,898-533-4414x679,2023-06-04,2024-05-13,39
2227,"Matthews, Watson and Martin",India,South Carolina,Port Justinbury,Healthcare,Inactive,TAX768868,wsosa@fowler-barrett.org,6836116867,2024-11-07,2024-12-31,24
2228,Warren-Kim,India,North Dakota,Gonzaleztown,Semiconductors,Active,TAX323573,fbrown@powell.com,282-369-7187,2022-09-22,2023-06-05,40
2229,Perez-Duncan,India,Utah,Adamstown,Manufacturing,Inactive,TAX207916,karen19@aguilar.org,498-951-1742x6142,2024-11-03,2024-12-31,79
2230,Johnson-Howard,India,Hawaii,New Erin,Retail,Active,TAX439492,debrajohnson@williams.com,643.818.9100x492,2021-11-17,2022-02-23,51
2231,Flowers Inc,Germany,Georgia,Jordanshire,Software,Prospect,TAX794776,zsantana@garcia.com,210.586.6704x29579,2021-11-18,2022-05-03,67
2232,Ramirez-Williams,Canada,Missouri,Edwardhaven,Retail,Prospect,TAX927062,jeffreyward@ramirez.biz,+1-618-864-8412x123,2023-05-04,2023-09-18,30
2233,Bell Ltd,Canada,Indiana,Williamsfurt,Healthcare,Inactive,TAX488802,stevenperez@myers.com,(611)938-8705x7162,2021-10-24,2022-03-29,43
2234,"Brooks, Turner and Vasquez",Germany,Arizona,New Ryanchester,Retail,Inactive,TAX571552,adamsashley@robertson-riggs.net,+1-756-501-6685x8677,2022-09-23,2023-04-28,73
2235,"Taylor, Montgomery and Miranda",India,Indiana,North Jeremy,Healthcare,Active,TAX899248,nfrederick@hart.com,+1-561-957-4236,2023-04-08,2023-05-06,53
2236,"Warren, Craig and Hayes",India,New Jersey,New Ryanside,Software,Inactive,TAX904308,bryantstephanie@vaughn.com,(354)556-5663x63638,2022-07-16,2022-07-25,26
2237,"Thomas, Keller and Taylor",India,Idaho,Port Brian,Retail,Inactive,TAX409116,tammy21@hall.org,+1-220-348-7937,2023-02-04,2023-02-16,42
2238,Hall LLC,United States,Wyoming,Bassshire,Healthcare,Inactive,TAX685176,jodysoto@doyle.org,(599)929-2013,2024-02-21,2024-06-02,28
2239,Manning LLC,United States,New Mexico,Jenniferside,Healthcare,Inactive,TAX212024,brandon74@little.com,+1-428-823-6964x938,2021-06-02,2021-10-04,21
2240,"Walker, Allen and Smith",India,Alaska,East Anna,Healthcare,Prospect,TAX721742,samanthabrady@wang.biz,740-847-6194,2023-08-21,2023-09-13,50
2241,Escobar Ltd,United States,Massachusetts,New Danielland,Retail,Inactive,TAX361982,sandersstephanie@roberts.org,(523)419-7895,2022-07-28,2023-06-03,76
2242,Brown Inc,India,Utah,North Timothybury,Semiconductors,Active,TAX770699,jessicathomas@rangel.info,630.419.4410x88344,2022-12-03,2023-04-23,69
2243,Wright-Carter,India,Louisiana,Christopherfort,Finance,Active,TAX594761,ana77@moore.com,931.409.1571x91043,2021-10-03,2021-11-09,42
2244,Montes Inc,Canada,Alaska,Port Kevin,Retail,Inactive,TAX964352,brandon96@rodriguez.com,(884)941-8776x89617,2021-11-07,2022-01-23,76
2245,"Lopez, Krueger and Martinez",India,Alaska,Georgeshire,Software,Prospect,TAX192280,trichardson@fuller.com,200-882-5923,2023-06-17,2023-10-20,42
2246,Davis-Mendoza,United States,Oklahoma,Port Mary,Retail,Inactive,TAX683715,floresedwin@palmer.biz,6547690508,2023-12-24,2024-05-21,3
2247,"Cooke, Wells and Hendricks",India,Kentucky,Port Brandon,Semiconductors,Prospect,TAX845959,timothy08@hansen-short.com,(563)522-8441,2022-10-05,2023-04-07,58
2248,"Lee, Arnold and Brown",Germany,Idaho,North Jasonfort,Software,Active,TAX436873,johnsonjohn@stewart.com,806-227-4157x08832,2023-08-18,2023-12-12,59
2249,Davis-Garcia,India,Iowa,Marybury,Software,Prospect,TAX838260,brenda18@hernandez.com,746.343.3304x030,2022-06-15,2022-10-23,78
2250,"Wilson, Bates and Duke",Germany,Kansas,Aaronchester,Semiconductors,Active,TAX224980,carrieward@alvarado.org,591-894-3733x312,2024-08-08,2024-12-31,55
2251,"Heath, Gomez and Powell",India,Oklahoma,Mikaylaton,Healthcare,Active,TAX972073,patriciasmith@smith.info,+1-592-779-5132x46518,2023-12-19,2024-01-18,66
2252,"Garcia, Graham and Soto",India,Arizona,Lake Josephmouth,Manufacturing,Inactive,TAX133642,joshuasmith@kramer-solis.biz,+1-501-408-3173x4996,2023-10-30,2024-04-14,69
2253,Richardson and Sons,United States,Tennessee,Port Christina,Manufacturing,Inactive,TAX765189,ushields@garcia.com,+1-461-722-4000,2021-05-18,2021-06-25,73
2254,"Gonzalez, Combs and Cook",India,Ohio,New Jeremyton,Manufacturing,Active,TAX657593,lopezann@adams.info,(678)442-3518x026,2021-11-21,2022-08-10,12
2255,Fields PLC,United States,Florida,Charlesbury,Healthcare,Prospect,TAX781756,nancy77@vargas.biz,+1-739-520-5515x704,2022-01-26,2022-03-04,56
2256,"Singh, Smith and Robinson",Japan,South Carolina,Angelastad,Healthcare,Inactive,TAX874831,hannahblack@carter-allen.info,214.302.9030,2021-11-08,2022-10-07,43
2257,"Hogan, Walker and Davis",India,Delaware,Alexanderstad,Retail,Prospect,TAX456316,terri78@jackson-christian.com,784-243-0534x475,2023-07-19,2024-04-14,56
2258,"Hernandez, Perez and Thomas",Japan,South Dakota,South Christophermouth,Healthcare,Prospect,TAX408086,perkinsmark@nichols.com,814.563.5542x8468,2021-01-14,2021-11-29,50
2259,"Klein, Rowe and Daniels",India,Idaho,East Susanburgh,Software,Inactive,TAX547898,aliciaduran@olson.org,432-674-0265x585,2021-11-05,2022-03-17,29
2260,Castro-Williams,United States,Kansas,North Anthony,Finance,Prospect,TAX579989,gordondeborah@herrera.com,638-682-7374x909,2024-08-31,2024-12-31,26
2261,Riddle-Ferguson,Germany,Tennessee,Lake Jamesberg,Manufacturing,Inactive,TAX849631,katherine62@bowen.com,435.747.3370,2024-03-27,2024-06-13,25
2262,Reed-Short,Germany,Vermont,Leeside,Software,Inactive,TAX290407,valenzueladanny@gomez.net,8747922396,2021-07-26,2021-08-08,69
2263,Patel LLC,United States,Vermont,Lake Jonathonshire,Semiconductors,Active,TAX666310,huntmegan@saunders.com,574-956-5992x50763,2022-12-15,2023-01-19,42
2264,"Yates, Perry and Bradford",Japan,Illinois,Katelynbury,Software,Prospect,TAX318950,grodriguez@long-brown.com,+1-509-358-3042x8632,2022-02-18,2022-07-23,21
2265,Thompson LLC,United States,Vermont,Sherrifort,Finance,Active,TAX327788,thomas49@foster.com,221-560-8340x28974,2022-12-29,2023-01-11,18
2266,"Richards, Adams and Bautista",Japan,Vermont,Ramirezborough,Healthcare,Active,TAX974677,jeffery56@mcbride.com,226-326-7188x9267,2023-02-08,2023-02-21,57
2267,Reynolds PLC,Japan,Colorado,Hughesbury,Retail,Active,TAX498895,lauramartinez@day.com,001-641-744-7720,2021-04-11,2021-11-25,57
2268,Snow Group,India,Washington,Chapmanmouth,Software,Inactive,TAX718887,dominguezdevin@hernandez-li.com,001-460-563-0079,2021-09-13,2021-10-30,23
2269,"Robinson, Wise and Luna",United States,Pennsylvania,South Vincentborough,Manufacturing,Prospect,TAX641585,michelle39@jones.info,+1-516-726-9877,2021-09-07,2021-11-29,27
2270,"Chambers, Mcfarland and Gomez",India,Utah,Lewisport,Healthcare,Prospect,TAX734229,zmills@johnson.info,+1-247-992-9361x662,2023-01-04,2023-06-15,54
2271,"Clay, Anderson and Long",India,Missouri,Lake Lindsay,Semiconductors,Prospect,TAX477338,foconnor@carey-hall.biz,(635)227-3600x7550,2023-09-06,2024-01-14,66
2272,"Hansen, Wilson and Gonzalez",India,North Carolina,Port Vincent,Healthcare,Active,TAX107608,davisstephen@leon.com,8793077988,2023-02-18,2023-09-21,52
2273,"Thompson, Perry and Jones",Canada,Nevada,Billyburgh,Semiconductors,Inactive,TAX477898,andersonsandra@thomas.com,466-816-5175x8666,2022-09-27,2022-10-30,56
2274,Beltran-Olsen,Canada,Maryland,New Lisa,Retail,Inactive,TAX340500,jamesduncan@duke.net,709-991-2691x764,2024-12-07,2024-12-31,50
2275,Cantrell-Phillips,Japan,New Hampshire,Port Leslie,Semiconductors,Inactive,TAX865071,stephanie70@burnett.com,001-392-364-6529x67947,2024-08-18,2024-12-31,6
2276,"Jordan, Fernandez and Henry",India,Virginia,Lake Sheryltown,Software,Active,TAX692004,loweryashley@morales-pugh.com,5224003642,2021-01-19,2021-03-25,67
2277,Wright LLC,India,Idaho,North Carrie,Retail,Inactive,TAX899316,martinjordan@pena-morales.com,(302)554-0941,2021-03-21,2021-04-21,77
2278,"Cobb, Cook and Bailey",Japan,Michigan,Connorfurt,Retail,Prospect,TAX407321,robert98@fisher.com,9924628975,2023-02-01,2023-12-14,54
2279,Schmitt Ltd,Japan,Washington,Lake Rachel,Healthcare,Active,TAX283120,heather06@evans.net,358.499.4709x90699,2023-11-29,2024-02-14,24
2280,French Group,India,California,West Kevinton,Semiconductors,Active,TAX131436,gdavis@keller.biz,+1-290-568-8785,2023-10-16,2024-01-28,40
2281,"Garcia, Newman and Murray",United States,New Mexico,West Jamesside,Finance,Inactive,TAX752123,ucook@hunter.com,(597)203-9773,2022-10-20,2022-11-03,4
2282,King Inc,India,Kentucky,East Denise,Healthcare,Active,TAX870651,pdaniel@eaton.com,523-520-0865x862,2021-10-23,2022-05-19,6
2283,Hoffman-Warren,United States,South Carolina,West Michele,Manufacturing,Prospect,TAX650716,brownjustin@campbell.info,925.514.1561,2021-12-14,2022-03-04,13
2284,Thompson and Sons,India,Georgia,Lake Biancashire,Software,Active,TAX540279,johnnywells@graves.com,353.900.5684,2021-05-16,2021-07-12,61
2285,Burns LLC,United States,Arkansas,Cunninghamfort,Healthcare,Prospect,TAX561809,jose32@lee-mckinney.com,508-592-2983x09221,2021-10-03,2022-08-07,1
2286,Johnson-Contreras,India,Vermont,East Deborahhaven,Healthcare,Inactive,TAX234425,fbonilla@harvey.com,(428)773-4512x95197,2022-10-24,2023-09-25,70
2287,Daniels-Porter,India,Washington,North Nicolas,Manufacturing,Prospect,TAX851111,brewereric@coleman.net,465.361.2806x955,2021-07-17,2022-03-18,64
2288,Johnson PLC,Germany,Wisconsin,Jasonfurt,Manufacturing,Active,TAX231945,cooklisa@love-cohen.org,213.641.1292x881,2022-03-26,2022-12-14,17
2289,Rosales PLC,Japan,South Dakota,Courtneyview,Software,Active,TAX791231,uharvey@flowers.net,954-688-5980x69043,2021-06-18,2021-08-05,52
2290,"Davidson, Gardner and Wu",India,Wyoming,Meganfurt,Manufacturing,Active,TAX361912,thomaspaul@duncan.org,905-921-9899x0207,2022-04-09,2022-08-15,24
2291,Williams PLC,Germany,Colorado,Jerryburgh,Finance,Inactive,TAX844971,jamieashley@cole-reed.org,492.753.8412x7913,2023-08-05,2024-07-12,76
2292,Morse and Sons,United States,Vermont,Abigailside,Manufacturing,Inactive,TAX896806,kaylee04@henderson.com,(621)721-1544,2021-09-27,2022-03-13,55
2293,Thomas LLC,India,Wisconsin,Wolfetown,Software,Prospect,TAX872182,priceamanda@simpson.info,997.430.9514x6073,2021-03-12,2021-09-25,7
2294,Parker and Sons,Germany,South Dakota,Lake Kristina,Software,Active,TAX249898,campbellsandra@moore.net,263-643-6145x50129,2024-07-23,2024-08-09,31
2295,Miller and Sons,India,North Dakota,Herrerachester,Finance,Active,TAX699876,wbryant@carter-woodard.net,001-536-333-2094x81685,2023-09-12,2024-05-16,45
2296,"Roach, Keller and Smith",India,North Dakota,Pottston,Manufacturing,Inactive,TAX574065,avilaomar@harrison.com,439.724.6783x1464,2022-03-16,2022-11-03,80
2297,Romero PLC,India,Washington,East Donald,Healthcare,Active,TAX881147,cynthia96@reynolds.info,+1-573-423-7249x29213,2022-07-27,2023-06-27,66
2298,Vaughan-House,Canada,California,Jenningsport,Finance,Active,TAX367685,zsmith@li.com,8563958261,2022-11-30,2023-08-06,71
2299,Hill and Sons,United States,South Dakota,East Kathyside,Semiconductors,Prospect,TAX997805,lopezmichelle@miller.com,760.844.0424x1426,2022-12-03,2023-08-25,34
2300,Henderson Group,India,Arkansas,Richardbury,Finance,Inactive,TAX773492,johnsanthony@torres.biz,001-905-831-3978x374,2021-02-22,2021-11-27,17
2301,Mcguire-Morrison,India,Iowa,Kennedyfort,Healthcare,Active,TAX226120,kevinmcgee@jackson-hicks.com,(387)461-2826,2024-02-02,2024-12-31,38
2302,Davenport-Aguilar,India,Oklahoma,Westshire,Finance,Inactive,TAX574548,donna81@collins.net,827-956-1040,2023-06-13,2024-03-22,11
2303,Thomas PLC,Canada,Montana,Abigailtown,Manufacturing,Active,TAX516869,rrosales@jones-case.com,(493)286-5120x5415,2023-11-13,2024-02-20,19
2304,"Webb, Fisher and Potter",Japan,New Jersey,Smithchester,Software,Active,TAX308328,bduarte@hernandez.info,7658381378,2022-12-26,2023-09-21,77
2305,"Taylor, Harris and Phillips",Germany,Iowa,Debraland,Manufacturing,Prospect,TAX650549,briannasmith@gardner-knight.biz,285.295.2405,2021-04-07,2022-01-04,47
2306,Carey-Mccormick,United States,West Virginia,Lake Raymondfurt,Retail,Prospect,TAX274853,jsmith@williams.com,498.715.8832,2023-02-06,2023-04-28,13
2307,Brown-Rodriguez,United States,Nebraska,Powellton,Retail,Prospect,TAX748213,lisalynch@white.org,896.356.9178x15483,2022-04-09,2022-06-25,70
2308,"Norman, Stewart and Grant",Canada,Iowa,Priceport,Manufacturing,Inactive,TAX999987,brittany47@campbell.com,(878)245-6611x55681,2022-02-19,2022-07-11,7
2309,"Whitney, Parker and Brown",Canada,New Hampshire,Atkinsonchester,Healthcare,Inactive,TAX508705,farmerjessica@ruiz.com,+1-996-414-7307x48027,2023-12-05,2024-07-07,61
2310,Harris-Rodriguez,United States,Pennsylvania,Webershire,Software,Prospect,TAX414565,randall52@alvarez.biz,289-888-4386x84438,2021-01-01,2021-02-08,33
2311,"Hill, Bryan and Brooks",Germany,Oregon,Yolandamouth,Retail,Inactive,TAX318895,angelajones@coleman.info,+1-828-515-6130x2327,2024-06-09,2024-12-31,9
2312,"Jacobson, Long and Welch",India,South Carolina,Kimberlyfort,Healthcare,Active,TAX250776,teresashort@long-marshall.biz,(296)847-1817x534,2023-09-12,2023-12-03,32
2313,Duke PLC,India,South Dakota,Bartonstad,Software,Prospect,TAX539363,millertodd@sampson-underwood.com,806-802-1091x626,2023-03-12,2024-01-08,25
2314,Martin-Rowe,India,North Carolina,East Gregory,Finance,Active,TAX337298,nicolasclark@gonzalez-cunningham.net,(243)869-8120,2022-07-20,2022-09-29,52
2315,Hawkins-Gilbert,India,Hawaii,Ellisstad,Retail,Prospect,TAX804975,orichards@ramsey-harrison.com,329-883-9454,2021-11-07,2022-02-20,57
2316,Hughes-Freeman,India,Connecticut,Bobbychester,Finance,Inactive,TAX111292,kreed@rivera.com,(278)868-5922x220,2024-07-28,2024-09-26,67
2317,Griffith-Hanson,India,New Mexico,Torresville,Semiconductors,Prospect,TAX727516,joseph01@barrett.com,8688721704,2023-08-23,2023-12-19,57
2318,"Gamble, May and Johnson",India,Texas,Port Tracyfurt,Semiconductors,Prospect,TAX878999,davidsosa@rodriguez-young.com,(758)336-5998x0166,2024-06-03,2024-12-31,20
2319,Henderson Group,India,Vermont,East Kathleen,Retail,Inactive,TAX385320,susanheath@daniels.com,(613)905-0963,2021-03-25,2021-10-06,33
2320,"Lee, Phillips and Payne",India,Vermont,Randyside,Healthcare,Inactive,TAX713394,jordanwallace@ritter.org,001-343-844-4175x666,2021-12-11,2022-12-09,63
2321,Miller and Sons,Germany,Kansas,New Nathaniel,Software,Prospect,TAX208055,starkstephanie@webb.com,(816)958-0872,2021-07-01,2022-05-05,77
2322,"Johnson, Neal and Hopkins",Japan,Washington,New Jeffreyhaven,Software,Prospect,TAX618554,sarahbrown@nelson.net,667-429-1930,2024-12-07,2024-12-31,54
2323,Miller PLC,India,Mississippi,Port Michaelfort,Semiconductors,Inactive,TAX983241,danielhubbard@wiley-bell.biz,322.241.2865x0384,2022-07-19,2022-11-24,66
2324,Crosby PLC,India,Minnesota,East Howard,Retail,Inactive,TAX473986,hannahnelson@johnson-newton.biz,859-622-2097,2021-06-20,2021-06-26,13
2325,"Hughes, Arnold and Goodman",Germany,Oklahoma,West Linda,Healthcare,Active,TAX714239,haley14@thompson.com,001-272-845-6051x820,2023-10-11,2024-02-01,76
2326,Morton Group,United States,North Carolina,New Troyville,Finance,Active,TAX918855,matthewali@parker.com,(705)470-3659,2024-12-22,2024-12-31,72
2327,Mendoza-Vasquez,United States,Idaho,Wilkinsonshire,Manufacturing,Inactive,TAX736095,carolynlyons@jordan.net,001-311-872-1370x26167,2023-11-29,2024-11-04,49
2328,"Alvarez, Roth and Brown",India,Georgia,Christianburgh,Semiconductors,Prospect,TAX978922,bmartin@clark.com,001-391-443-1938x41531,2024-08-09,2024-09-28,74
2329,Brown and Sons,India,Colorado,New Steven,Software,Inactive,TAX708302,hvelasquez@spears-jones.com,823-687-6809x0077,2024-10-09,2024-12-31,78
2330,Robbins Group,United States,West Virginia,New Nicolehaven,Healthcare,Prospect,TAX880465,edward39@benitez.com,731-674-4851,2021-03-23,2021-09-16,57
2331,Dougherty-Lambert,Japan,Indiana,Jonathanburgh,Manufacturing,Prospect,TAX139086,jennifer85@rocha-smith.net,+1-321-771-0874x853,2023-03-28,2024-02-12,56
2332,"Conley, Hartman and Camacho",United States,Rhode Island,Mitchellfurt,Semiconductors,Active,TAX694469,hansenshane@holloway.com,577.453.8817x6835,2022-01-06,2022-01-18,43
2333,Ruiz-Miller,India,Virginia,North Melanieville,Healthcare,Active,TAX864472,mhernandez@carroll.com,(293)916-8151x64919,2023-07-25,2023-12-01,46
2334,Chen LLC,Japan,Michigan,New Hannahport,Finance,Inactive,TAX360781,johnjohnson@friedman.org,6178484252,2022-07-21,2023-03-06,7
2335,Wilson-Robinson,India,Missouri,Malloryfort,Retail,Prospect,TAX375957,gracejohnson@mendoza.org,+1-532-543-5951,2021-11-25,2022-03-12,72
2336,Jones Ltd,Germany,Nebraska,Rebeccaborough,Manufacturing,Prospect,TAX437516,johnhill@robinson.info,+1-583-977-7204,2023-04-02,2023-09-27,23
2337,Shaw PLC,Japan,Utah,Donaldville,Semiconductors,Inactive,TAX468893,bramsey@butler-hickman.com,001-639-728-4034x7696,2024-06-16,2024-12-31,30
2338,"Adams, Bridges and Smith",India,Montana,Edwardborough,Finance,Active,TAX857009,zacharysanders@smith.net,5112872139,2021-07-05,2022-05-28,52
2339,Johnson Inc,India,Minnesota,Burtonmouth,Healthcare,Prospect,TAX295236,kmercado@harris.com,286-819-1364,2023-02-23,2023-06-06,34
2340,"Cook, Weaver and Casey",Japan,Mississippi,New Loriton,Healthcare,Inactive,TAX453371,dawn73@johnson-aguirre.net,549.574.1632x28556,2023-06-16,2023-12-18,21
2341,Russell-Charles,Canada,Texas,Port Nancybury,Finance,Active,TAX216895,dylan17@berry.com,+1-228-491-3051,2022-01-24,2022-11-17,40
2342,Miller-Smith,Canada,Tennessee,West Steveshire,Retail,Prospect,TAX687711,tcontreras@bennett-sanchez.com,7946797688,2022-08-30,2023-06-12,69
2343,Green Ltd,India,Missouri,Markberg,Manufacturing,Prospect,TAX179623,jonathan37@wright.com,604.471.6623,2022-02-11,2022-03-30,12
2344,Wright-Brewer,Germany,Arizona,East Cynthialand,Retail,Inactive,TAX993605,alexander01@taylor.com,8787187414,2022-06-24,2022-09-06,44
2345,Mckenzie-Curtis,United States,New Hampshire,South Benjaminview,Healthcare,Active,TAX503953,daniellewells@padilla-miller.com,(835)854-6222x847,2021-08-01,2021-12-29,79
2346,Brown Group,United States,Maryland,New Stephanieland,Semiconductors,Inactive,TAX335745,oscarobrien@peters-wood.com,885-794-0048,2023-06-26,2023-07-16,32
2347,Smith-Wright,United States,Oregon,Josephview,Retail,Inactive,TAX127639,rebecca97@ward-patterson.com,(234)600-1522,2023-10-10,2024-02-01,29
2348,Fuller LLC,India,Alaska,Jordanshire,Software,Inactive,TAX779367,george12@rodriguez.org,934-922-0824x1985,2022-03-19,2022-06-01,2
2349,"Hunt, Clark and Rodriguez",India,Virginia,South Edward,Semiconductors,Prospect,TAX606748,robbinsstephen@snyder-walsh.biz,001-418-777-4978x9535,2023-06-18,2024-01-16,72
2350,"Flores, Wright and Flores",United States,South Dakota,Davidview,Manufacturing,Active,TAX532352,montesjohn@roberts.info,(243)808-8486,2022-01-17,2022-10-09,75
2351,Santos-Hebert,India,Maryland,Joannastad,Manufacturing,Inactive,TAX883068,bradleyerica@lee.info,001-801-555-0880,2022-06-20,2023-06-16,47
2352,"Morgan, Roberts and Nelson",Japan,Alabama,Pennyburgh,Finance,Inactive,TAX488212,ecooper@mathis.info,(580)698-5683x50518,2023-01-17,2023-05-17,41
2353,Duarte-White,United States,Mississippi,Josefort,Semiconductors,Prospect,TAX241025,martinezjoshua@morgan.org,268.634.0211,2022-10-21,2023-10-15,32
2354,Evans-Duncan,Germany,Arizona,Paulfurt,Manufacturing,Active,TAX201314,jacob49@smith.biz,(234)691-6605x57739,2023-11-06,2024-11-02,61
2355,Rogers-Phillips,United States,Nebraska,Port Jeffrey,Semiconductors,Prospect,TAX338891,burkecourtney@jones.com,001-208-211-0387x738,2022-12-15,2023-12-09,71
2356,Yang-Patton,Japan,Oklahoma,Port Ashleyfurt,Software,Inactive,TAX382206,sstark@atkins-pugh.net,+1-384-433-1650x98338,2024-03-22,2024-04-18,59
2357,Taylor-Carter,United States,West Virginia,North Meganview,Healthcare,Prospect,TAX557372,wardjames@hall.org,247.338.4395x37258,2021-05-13,2021-08-08,3
2358,Townsend-Wade,United States,Mississippi,Ashleyberg,Manufacturing,Prospect,TAX160341,johnsonian@johnson.com,001-792-768-6017x3855,2022-12-13,2023-08-14,19
2359,Williams-Davis,India,Ohio,Port Janemouth,Finance,Active,TAX853788,fwalls@moore-moody.com,243-467-7041x1080,2022-07-20,2023-05-07,33
2360,"Camacho, English and Williamson",Canada,Illinois,Dianafort,Retail,Active,TAX848276,megan89@raymond-adams.com,(275)731-7791,2024-05-09,2024-12-31,56
2361,Ramos LLC,Germany,Nebraska,Paulborough,Software,Inactive,TAX325657,qgonzalez@charles.net,+1-419-900-0024x201,2024-09-17,2024-12-31,40
2362,Bennett-Johnson,United States,Montana,West Elizabeth,Retail,Inactive,TAX446589,tiffany78@phillips-rodriguez.com,001-684-284-2172x7421,2022-04-22,2023-02-07,66
2363,"Harmon, Mitchell and Dalton",Canada,Oklahoma,East Ryanville,Software,Prospect,TAX814417,ajones@mcpherson.net,+1-699-712-6382x7941,2024-04-16,2024-09-24,1
2364,"Herman, Cooper and Garza",Canada,Kansas,East Patricia,Semiconductors,Prospect,TAX891115,gwilliams@bush.org,+1-652-670-4973,2023-01-04,2023-10-31,16
2365,Raymond-Price,Germany,Indiana,Patrickfort,Semiconductors,Prospect,TAX166719,ashley59@wright.com,752-321-8159,2023-12-21,2024-07-19,21
2366,Gonzalez Ltd,Germany,Oklahoma,Cruzhaven,Software,Prospect,TAX911319,jesseyoung@garcia-wright.org,322-254-9457x03176,2022-01-03,2022-04-05,4
2367,Chaney Ltd,United States,Indiana,West Terry,Healthcare,Prospect,TAX225304,glopez@carter.com,975.574.5451,2022-11-11,2022-12-26,13
2368,"Lee, Jones and Morgan",Canada,Kentucky,Myersmouth,Manufacturing,Prospect,TAX818644,mullennathan@jones.com,317-628-6421x36017,2023-03-05,2023-09-29,49
2369,Pruitt-Moore,United States,Idaho,New Sydney,Software,Inactive,TAX291878,mark19@mccarthy-stewart.biz,241-680-5400x8538,2021-07-16,2021-12-22,46
2370,Smith Group,India,Wisconsin,Steeleshire,Healthcare,Inactive,TAX623954,valenciachristina@weaver.org,001-713-911-8708x781,2021-07-05,2021-10-07,34
2371,Benson-Arias,United States,Delaware,Abbottland,Software,Inactive,TAX778664,bibarra@williams-johnston.biz,(778)985-1682x03852,2024-07-20,2024-08-30,44
2372,"Evans, Brown and Kane",United States,Michigan,Sarahland,Semiconductors,Prospect,TAX370289,shelby68@grant.com,767-387-3480,2021-02-11,2021-12-18,8
2373,"King, Woodard and Lin",Canada,New Hampshire,Stephenville,Semiconductors,Prospect,TAX491272,sduncan@taylor.com,001-742-968-3969x95713,2021-07-15,2021-10-09,1
2374,Williams Group,Canada,Oklahoma,Michaelberg,Manufacturing,Active,TAX104887,jessicawilkerson@thompson.info,+1-893-203-8147,2022-11-01,2023-05-16,40
2375,Smith-Foster,India,Vermont,Lake Robin,Manufacturing,Prospect,TAX493044,rebeccaali@bailey.com,576.421.0985,2021-05-23,2021-08-19,25
2376,"Wallace, Gonzales and Taylor",United States,Arizona,Sandersstad,Healthcare,Active,TAX661212,nicole05@jimenez.com,+1-637-345-0883x06829,2022-03-24,2022-09-16,13
2377,Leblanc-Williams,Japan,Pennsylvania,Freemanshire,Software,Prospect,TAX492343,derek91@giles.com,498.500.4720x288,2024-03-21,2024-06-19,57
2378,"Ramos, Ellison and Hogan",Germany,Alabama,Alvarezland,Software,Prospect,TAX256080,elizabeth42@campbell-miller.com,+1-493-721-0367x400,2023-07-01,2023-07-16,80
2379,"Gross, Thomas and Johnson",India,Pennsylvania,North Heather,Manufacturing,Active,TAX946415,raymondbruce@lopez-melendez.com,888-730-5450x8275,2022-10-01,2023-02-27,14
2380,"Davis, Choi and Ramirez",India,Oklahoma,Robertmouth,Software,Prospect,TAX643674,amy22@jackson.biz,825-704-6471x742,2021-12-09,2022-01-29,64
2381,"Gardner, Owen and Rocha",India,Nebraska,Leonberg,Software,Prospect,TAX453786,michael11@barnett-cochran.com,+1-841-481-1607x6210,2023-07-21,2024-06-22,71
2382,Gross-Davis,Japan,Oklahoma,Taylortown,Healthcare,Active,TAX801188,brandonlee@jones-johnson.org,(744)832-9540,2024-02-10,2024-03-14,44
2383,"Miles, Mitchell and Avery",India,Montana,Lake Saraburgh,Software,Active,TAX957300,lacey72@leonard-jones.net,001-270-560-4462,2023-10-03,2024-01-07,52
2384,Campbell-Roberts,India,Minnesota,Jonesland,Semiconductors,Inactive,TAX950297,mfrazier@hale-farrell.com,621-414-0781x366,2024-09-12,2024-12-31,76
2385,"Smith, Brown and Holmes",India,Iowa,Geraldville,Manufacturing,Active,TAX795743,jessicathomas@brown-contreras.com,+1-792-422-5716x40048,2024-09-03,2024-12-31,68
2386,Wilson-Walker,United States,Louisiana,Roychester,Retail,Prospect,TAX647013,erobinson@cervantes.com,(906)633-5759,2023-03-19,2023-12-23,26
2387,"Mcdonald, Kline and Murray",India,Nebraska,Nicholaschester,Software,Inactive,TAX900611,cbennett@brandt-klein.com,881-669-4032x4221,2022-02-10,2022-07-09,55
2388,"Gomez, Miles and Brennan",United States,Maine,Hayleyberg,Healthcare,Active,TAX614290,torrescody@campbell.com,890-205-8198x36514,2021-02-18,2021-10-27,14
2389,Larson-Miller,India,Iowa,Gutierrezborough,Healthcare,Prospect,TAX507695,cray@flores.com,001-641-708-0750x95035,2022-09-19,2023-05-31,37
2390,Clark Group,Germany,Louisiana,East Jessicaport,Retail,Active,TAX653176,tanyahernandez@ortega.com,001-750-731-2155,2021-03-27,2021-07-01,12
2391,"Rowe, Durham and Jones",India,Vermont,Rodriguezfurt,Manufacturing,Prospect,TAX699025,marcus36@wilson.com,+1-870-332-8032x5383,2024-01-17,2024-04-14,41
2392,Adams-Serrano,Germany,Virginia,South Bethanyland,Manufacturing,Active,TAX149500,tmorgan@martinez.com,(587)626-1173x70215,2022-09-13,2023-03-29,25
2393,Williams-Harris,India,Massachusetts,Mcintoshbury,Manufacturing,Active,TAX963760,gonzalezdaniel@harris.com,734-566-6291x3621,2024-11-02,2024-12-31,66
2394,"Hill, Dalton and Smith",United States,Missouri,North Maryport,Software,Prospect,TAX488837,sluna@smith.net,298-944-7539x360,2024-10-26,2024-12-31,6
2395,Black-Morse,Canada,Utah,West Joe,Semiconductors,Inactive,TAX294726,stephaniekerr@brown-ramos.com,800.875.6582x55483,2022-03-30,2023-03-29,41
2396,Thomas Ltd,India,Michigan,Lynchmouth,Software,Inactive,TAX316779,mendozajamie@rojas.org,885-463-6667x313,2024-03-15,2024-12-31,79
2397,"Stone, Wright and Gardner",India,New Jersey,Kyletown,Healthcare,Active,TAX822877,barnetthunter@gonzalez-page.org,001-339-739-4272x8288,2021-08-27,2022-01-22,1
2398,Richardson-Weber,Canada,Missouri,West Brianside,Retail,Inactive,TAX285658,dcampbell@rocha-cruz.net,433-657-8299,2023-03-10,2023-07-04,48
2399,"Campbell, Anderson and Zamora",Canada,Wyoming,South Amyport,Healthcare,Active,TAX263503,katherinewright@estrada.biz,3624638239,2021-10-18,2022-08-20,32
2400,"Phillips, Nielsen and Mcgee",United States,Utah,Ramirezview,Finance,Inactive,TAX813446,robert03@martinez.biz,665.792.7994x81296,2024-03-14,2024-12-31,40
2401,Stone-Travis,India,Florida,Simpsonshire,Retail,Prospect,TAX385857,cassandra19@matthews.biz,347-672-9118x8440,2023-04-19,2024-04-06,2
2402,Chan-Smith,United States,Idaho,North Gabriela,Healthcare,Inactive,TAX391595,prodriguez@gomez.com,+1-484-742-7180x45591,2022-01-24,2022-09-30,33
2403,Martin Ltd,United States,Utah,Orrport,Retail,Prospect,TAX514678,bspears@manning.net,370.447.0237,2021-03-27,2022-03-18,58
2404,Johnson-Hartman,India,Idaho,Lake Stephanietown,Retail,Active,TAX173950,tiffanyriggs@wilson.org,+1-779-751-9624x5240,2024-07-29,2024-09-25,15
2405,"Knight, Thompson and Hoover",India,Mississippi,Port Sandrahaven,Healthcare,Active,TAX292265,kimberly52@burke.info,402.259.8458x5542,2024-01-05,2024-06-20,22
2406,Phillips-Rowland,Canada,Washington,Mahoneyshire,Finance,Prospect,TAX849756,lopezwilliam@beard.com,+1-353-770-6323x0017,2024-11-24,2024-12-31,37
2407,Hutchinson-Woods,United States,Nevada,East Caitlin,Finance,Prospect,TAX374201,debra16@martinez-hutchinson.biz,+1-874-886-3747x0303,2021-08-11,2021-10-11,51
2408,Sosa PLC,Japan,Nevada,East Paulhaven,Software,Active,TAX681697,rcarey@cook-shaw.com,831-388-6585x22887,2023-10-17,2024-01-27,17
2409,Moore-Nelson,United States,Nebraska,North Johnport,Semiconductors,Inactive,TAX602078,smithnathaniel@dunlap.info,9356171994,2021-08-12,2021-10-08,30
2410,Smith-Maynard,India,Alaska,Williamsview,Healthcare,Active,TAX187669,brent71@thompson.biz,915-455-2402,2024-11-21,2024-12-25,31
2411,Wilson PLC,United States,California,East Sandyhaven,Finance,Inactive,TAX874212,brookelee@tate.org,315-522-3450x89607,2021-10-20,2022-06-03,77
2412,Hodge-Saunders,Germany,Missouri,Smithside,Retail,Prospect,TAX904037,cruzalejandro@noble.com,001-264-305-1183x284,2022-01-23,2022-05-10,41
2413,"Carter, Ramirez and Gibson",India,Alaska,Jameshaven,Semiconductors,Active,TAX457928,manuelgarcia@rodgers.biz,655-322-4113,2022-05-29,2022-08-26,45
2414,Johns-Colon,United States,Connecticut,South Jessica,Retail,Active,TAX510320,morgancruz@dominguez.info,283.896.8856,2023-02-18,2023-05-07,38
2415,"Adams, Campos and Dixon",United States,Louisiana,Williamsborough,Software,Active,TAX757681,harveytravis@lawrence.com,+1-944-694-9307x845,2022-02-03,2022-07-24,57
2416,Carlson-Ball,India,West Virginia,Port Karen,Healthcare,Active,TAX984392,castillonancy@johns.biz,202-386-0118x37691,2022-05-19,2023-03-23,68
2417,"Joseph, Fernandez and Neal",India,Wisconsin,South Allison,Software,Active,TAX673700,rodriguezjustin@romero.com,744-353-2567x211,2022-10-13,2022-11-11,15
2418,Smith LLC,United States,Mississippi,South Michael,Healthcare,Prospect,TAX660226,chadpeterson@evans.com,+1-900-908-8887x64143,2021-02-05,2021-12-18,22
2419,Moore PLC,Germany,Mississippi,Sherichester,Finance,Inactive,TAX140296,christiancampos@hall.com,001-973-527-6199x0377,2021-10-21,2021-12-13,30
2420,Davis and Sons,India,Massachusetts,Port Shawn,Semiconductors,Prospect,TAX161255,michele93@rivera.com,651-849-4007,2023-03-05,2023-12-20,16
2421,Taylor-Matthews,Japan,Wyoming,North Aliciahaven,Retail,Active,TAX691018,colefrederick@gonzales.com,895-958-7042x53776,2024-01-23,2024-02-29,3
2422,"Wright, Larsen and Beasley",United States,Pennsylvania,Reyesfort,Healthcare,Prospect,TAX776111,thompsoncynthia@benton.com,880.457.1216,2023-03-02,2023-07-24,79
2423,"Cruz, Prince and Boyd",India,Wyoming,South Jeremy,Retail,Active,TAX816052,alexandrabooth@morton.com,360-368-8958x9932,2023-10-02,2024-08-10,33
2424,"Carey, Yang and Lopez",India,Arizona,Kennethville,Retail,Inactive,TAX602403,njacobs@rosario-patel.com,(545)304-4624x04416,2021-11-10,2022-06-30,69
2425,Hardy-Moran,Japan,Wisconsin,Tateport,Software,Active,TAX400798,tuckerbrian@robinson.com,274-721-2066x058,2024-07-28,2024-10-25,50
2426,Watkins-Smith,Canada,Florida,Lake Tylerhaven,Software,Inactive,TAX875952,gonzalesdonald@tapia.com,808.877.2269,2021-02-12,2021-09-21,39
2427,Perez-Harvey,India,North Dakota,Beltranland,Healthcare,Inactive,TAX845208,jennifer08@kramer-morris.com,001-414-365-1679,2024-01-14,2024-05-09,52
2428,Alexander Ltd,India,Rhode Island,Donaldland,Retail,Inactive,TAX318209,amartinez@brown-richards.net,672.901.6485,2023-04-12,2023-11-13,54
2429,Wright and Sons,United States,Texas,Angelashire,Healthcare,Inactive,TAX507311,jclark@perez.com,+1-336-925-6915x39305,2023-08-08,2024-02-10,44
2430,"James, Hull and Smith",India,Nevada,Davisland,Healthcare,Active,TAX858443,grahamglenda@brown.com,(318)693-2986x5366,2023-12-22,2024-04-05,32
2431,Smith-Jones,India,California,Hansenton,Software,Prospect,TAX304054,lisaturner@harris.com,426-318-9124x1521,2024-09-12,2024-12-31,47
2432,"Tyler, Weber and Tyler",Canada,Indiana,Clarkton,Manufacturing,Inactive,TAX493023,pwilliams@moore.info,+1-657-737-7564x108,2024-08-11,2024-12-31,28
2433,Johnson and Sons,India,Wyoming,Chelseaview,Healthcare,Active,TAX669197,leepaul@evans.com,001-684-655-2255,2024-08-28,2024-12-31,39
2434,Jackson LLC,Canada,California,Christopherbury,Manufacturing,Inactive,TAX153357,jdoyle@ibarra-rice.biz,533-333-0561,2022-02-13,2022-06-04,44
2435,Martinez Ltd,United States,Vermont,South Donald,Software,Prospect,TAX502957,heatheroneill@harrison-watts.com,521.235.2211x11890,2023-11-26,2024-07-04,24
2436,"Olson, Hudson and Dyer",Canada,Indiana,New Deniseland,Semiconductors,Prospect,TAX316481,zacharybanks@mccoy.net,(502)508-2896x81814,2023-03-02,2023-12-17,23
2437,Livingston-Newman,India,North Dakota,Whiteside,Retail,Prospect,TAX690729,nicolewood@hoffman.info,696.880.7687x9024,2021-11-16,2022-10-10,52
2438,Hill-Reilly,United States,Tennessee,Savannahhaven,Software,Active,TAX531268,rnelson@vaughn.com,+1-270-329-0754x22489,2022-10-11,2023-06-07,32
2439,Ford-Fernandez,Japan,Oklahoma,Port Richard,Software,Inactive,TAX431575,rogerscindy@duran-brooks.net,001-914-503-4845x4536,2024-06-04,2024-12-31,68
2440,"Campos, Meadows and Lee",Germany,Kentucky,Faithton,Semiconductors,Prospect,TAX201779,jonesthomas@gray.com,266-958-4908x9571,2021-05-14,2021-06-26,3
2441,Cruz Inc,India,Kentucky,East Garrettborough,Semiconductors,Inactive,TAX994016,patricia96@bennett.net,652-829-5094x43604,2021-07-04,2021-12-11,46
2442,"Farmer, Patel and Simpson",India,Massachusetts,Adkinsmouth,Software,Active,TAX422501,imills@curtis-flynn.org,001-200-989-7303x659,2021-05-16,2021-11-17,80
2443,Hill-Kim,Canada,Kentucky,East Kenneth,Manufacturing,Inactive,TAX598165,knightevelyn@flores.com,933-634-3172,2022-11-25,2023-11-20,23
2444,"David, Dominguez and Davis",India,North Carolina,Jimmyview,Semiconductors,Prospect,TAX267575,hinespeter@mckenzie.com,985-626-3231x07857,2021-11-08,2022-01-30,54
2445,Thomas-Johnson,India,Maine,North Kara,Manufacturing,Inactive,TAX265969,davisrobert@thompson.com,6183814977,2024-02-25,2024-12-03,61
2446,"Bartlett, Underwood and Barker",United States,Florida,Millerstad,Finance,Prospect,TAX989186,hamptonkaren@nelson.com,863.543.9463x571,2022-05-26,2022-07-23,19
2447,Ewing-Kennedy,Canada,Iowa,Mitchellmouth,Semiconductors,Active,TAX242185,collinsheather@lopez-baker.info,+1-931-398-0712x336,2023-02-20,2023-10-20,49
2448,"Thomas, Rodriguez and Gomez",United States,Wisconsin,Port Jeffrey,Semiconductors,Prospect,TAX821547,briannavargas@beck-ayers.com,+1-714-258-8613x64323,2023-01-13,2023-08-26,75
2449,Allen-Wu,United States,New Jersey,Floresmouth,Healthcare,Active,TAX615655,jennifer84@cameron.com,909-897-9885,2024-10-07,2024-12-31,45
2450,"Smith, Shelton and Sullivan",Japan,Nebraska,Mcdanielshire,Semiconductors,Inactive,TAX172236,lynnknight@snyder.com,(907)598-9097x8920,2021-12-29,2022-03-08,80
2451,"Sanchez, Jones and Smith",India,Wisconsin,South Natasha,Healthcare,Active,TAX216362,adam31@cook.biz,767-644-5632x250,2024-10-01,2024-12-31,42
2452,"Reyes, Doyle and Lin",India,Texas,Vincentside,Semiconductors,Inactive,TAX732094,waltonpatricia@rivera.com,(689)423-4371,2023-10-11,2023-10-19,80
2453,"Mitchell, Lowe and Hopkins",Japan,Arkansas,East Reneemouth,Healthcare,Active,TAX482956,donnalawson@arnold.org,(496)257-3853x7512,2022-06-02,2022-09-08,66
2454,Taylor-Holloway,India,Massachusetts,West Patrickburgh,Manufacturing,Active,TAX613392,edwardcrawford@hall.com,237.880.0684,2022-10-15,2023-01-08,7
2455,Duke-Hernandez,United States,Iowa,Markton,Retail,Inactive,TAX375894,mburton@deleon.com,001-282-724-4913x061,2023-07-09,2024-02-15,44
2456,Douglas-Tucker,India,Louisiana,New Jacobview,Retail,Prospect,TAX580339,pacheconicole@rowland-brooks.com,782-222-4132,2024-09-12,2024-10-23,43
2457,Johnson and Sons,United States,Idaho,Lake Eric,Software,Prospect,TAX111196,robinsonbecky@taylor.net,342-673-5022,2024-03-20,2024-03-29,39
2458,"Miller, Charles and Williams",India,Wisconsin,New Mackenzieshire,Healthcare,Inactive,TAX507263,jeffrey21@murphy.net,+1-942-381-4351x9419,2021-03-15,2022-03-05,35
2459,Russell-Smith,United States,Connecticut,North Michaelborough,Finance,Inactive,TAX942159,cervanteshannah@miller.com,8484820645,2023-11-16,2024-06-20,53
2460,"Garrett, Soto and Jensen",Germany,Illinois,Lake Troy,Software,Inactive,TAX854048,jwang@norris.info,(352)805-6567,2022-06-20,2023-03-29,25
2461,Shah-Jones,United States,Georgia,Rothport,Finance,Active,TAX571727,janet13@bailey.info,(953)532-4970,2024-10-07,2024-11-19,41
2462,Foster Group,Japan,Oklahoma,Maynardchester,Semiconductors,Active,TAX950138,andrewssheri@dawson.com,+1-854-804-0261,2021-09-21,2021-11-14,32
2463,"Douglas, Flores and Brown",India,Massachusetts,Goodmanberg,Finance,Active,TAX261487,matthewfernandez@wilson.com,998-327-8147x05649,2024-03-17,2024-07-16,12
2464,Thomas-Martinez,Japan,Montana,West Madisonbury,Semiconductors,Prospect,TAX114100,stephanie53@stephens.com,+1-226-797-8833x102,2022-11-30,2023-10-12,10
2465,"Hernandez, Day and Ross",India,Michigan,East Jonathanton,Retail,Inactive,TAX761654,amanda56@navarro-olsen.com,001-674-439-5044,2022-11-09,2023-10-15,14
2466,"Smith, Watson and Flores",United States,Louisiana,East Karenborough,Semiconductors,Prospect,TAX245453,davenportlinda@hudson.com,422-983-2995x874,2022-02-13,2022-03-26,24
2467,"Petersen, Jenkins and Robinson",India,Louisiana,Madisonmouth,Semiconductors,Active,TAX554001,bradleykylie@compton-schmidt.biz,001-441-763-8828x105,2024-11-05,2024-12-31,27
2468,Martin Inc,India,North Carolina,Patrickbury,Semiconductors,Inactive,TAX435968,nixonryan@wood-hurst.com,(736)830-0433x5901,2024-07-04,2024-12-31,25
2469,Smith-Estrada,United States,South Dakota,Marymouth,Software,Prospect,TAX619360,fbradley@huynh-daugherty.info,759.928.3962,2024-05-24,2024-12-31,24
2470,Green-Garcia,United States,Montana,Port Lorichester,Retail,Prospect,TAX720559,robert65@morales-smith.com,365.258.6171,2021-05-06,2021-12-18,24
2471,Hudson-Ortiz,United States,Oregon,Greeneburgh,Semiconductors,Active,TAX307324,patricia62@collins.biz,+1-628-951-5628x379,2022-06-24,2022-09-05,70
2472,Mccoy-Jones,United States,West Virginia,East Holly,Software,Prospect,TAX230034,dstevenson@brown.net,(776)605-3450x35816,2024-12-10,2024-12-31,25
2473,"Le, Fernandez and Bartlett",India,Arkansas,Rodriguezport,Finance,Active,TAX270313,yturner@bennett-sheppard.com,864.860.3632x428,2023-03-20,2024-02-08,76
2474,Thomas Inc,India,South Carolina,North Stephen,Healthcare,Prospect,TAX771712,vhughes@barnes-hall.org,8607727723,2022-08-08,2022-11-27,55
2475,"Griffin, Jones and Green",India,Vermont,Jenkinsfort,Finance,Prospect,TAX352466,butleranthony@moore.com,349.945.7244,2023-12-23,2023-12-26,33
2476,Nelson-Robbins,India,Idaho,Davishaven,Software,Active,TAX164612,johnsoncaitlin@hull-mendoza.com,+1-333-780-7033,2021-05-09,2022-01-16,45
2477,Duran-Montes,Canada,Alabama,Jamesbury,Semiconductors,Prospect,TAX892356,patelmark@nichols.biz,001-362-349-8956,2023-05-31,2023-07-10,58
2478,Kirby Inc,India,Ohio,Baxterhaven,Retail,Prospect,TAX192517,slewis@gallagher.com,001-741-561-6613x06354,2022-10-15,2023-08-12,47
2479,"Walls, Davis and Lamb",United States,Alabama,Kristentown,Manufacturing,Prospect,TAX169078,edwardsdenise@cowan-frazier.net,001-375-584-0249x387,2024-03-11,2024-07-23,41
2480,"Greene, Chang and Ellis",United States,Vermont,West Elizabeth,Retail,Inactive,TAX488438,gina58@koch.info,601.799.5261,2023-10-21,2024-03-22,63
2481,"Wallace, Holmes and Greer",India,Mississippi,Colemanchester,Retail,Active,TAX339192,brandonrodriguez@rangel.org,001-763-817-3338,2024-04-17,2024-07-13,6
2482,"Soto, Foster and Gallagher",United States,Michigan,Williamston,Healthcare,Inactive,TAX584064,murphyaustin@sanchez.biz,(692)535-6213,2022-10-27,2023-05-21,60
2483,Wood Group,Japan,Colorado,North Pamela,Healthcare,Inactive,TAX260101,tony92@robinson.biz,9682289728,2021-10-18,2022-05-03,54
2484,Bird LLC,Canada,Montana,Laurenmouth,Software,Inactive,TAX499987,pamelalowe@ruiz.org,001-607-600-9608x967,2024-07-18,2024-10-02,52
2485,Newman LLC,India,Pennsylvania,West Michael,Healthcare,Prospect,TAX281172,amora@chambers.biz,436.506.1013,2021-11-06,2022-09-05,24
2486,White Inc,India,Iowa,Crawfordchester,Semiconductors,Inactive,TAX595230,scott08@jenkins.com,403-642-0628x95804,2021-11-03,2022-03-21,44
2487,"Rivera, Kaufman and Garcia",India,California,Foxside,Healthcare,Inactive,TAX266006,brendajones@wiley.biz,485.587.3346x6766,2022-09-14,2023-06-22,36
2488,Riddle Ltd,India,New York,South Alexis,Healthcare,Prospect,TAX858885,snorton@sweeney-adams.net,+1-450-588-2570x44554,2023-10-20,2024-05-28,56
2489,Schultz-Ryan,Canada,New Mexico,Georgeton,Software,Inactive,TAX798130,jesus80@parsons-parks.info,001-848-298-3018,2021-05-03,2021-10-30,14
2490,"Johnson, Baldwin and Richardson",India,Virginia,New Jerome,Finance,Prospect,TAX599856,katie76@krueger.com,(670)698-3965,2024-05-29,2024-10-24,19
2491,"Gonzalez, Potter and Casey",India,North Carolina,Lake Michaelchester,Healthcare,Active,TAX536569,johnathantyler@miller.net,4474805445,2023-10-02,2023-10-08,40
2492,Robertson-Blackburn,United States,Pennsylvania,West Amyside,Finance,Prospect,TAX425700,kgreen@davis.org,610.858.7686,2024-11-01,2024-12-31,55
2493,Pierce LLC,United States,Colorado,Morrisfort,Manufacturing,Active,TAX655364,greendorothy@lowe.com,8565632624,2022-08-01,2023-01-22,48
2494,White LLC,Japan,Wisconsin,Danielschester,Software,Inactive,TAX692789,melanie57@reyes.biz,001-903-621-1245x86154,2023-08-28,2023-09-29,3
2495,Norris-Garcia,United States,Utah,Carlchester,Healthcare,Active,TAX319630,hannahcastillo@david-clarke.net,001-808-223-7105,2022-10-31,2023-10-18,30
2496,Gonzalez Ltd,Canada,Rhode Island,West Seanbury,Finance,Prospect,TAX599318,sandrabuchanan@anderson.info,381-316-2596x97185,2022-07-29,2023-05-09,44
2497,Santiago-Braun,United States,New Hampshire,Flowersfurt,Finance,Prospect,TAX303819,darrenstewart@mills.biz,(478)561-1891,2021-09-18,2022-03-01,74
2498,"Espinoza, Mejia and Everett",Canada,Utah,Benjaminberg,Software,Prospect,TAX721632,cdavidson@hunt.net,001-489-274-3540x8584,2024-06-02,2024-10-01,32
2499,Carr-Cox,United States,Kentucky,New Tyler,Healthcare,Active,TAX428686,bsantiago@stewart-brady.biz,(588)514-5392x41337,2023-11-13,2023-12-31,50
2500,Stuart Ltd,Germany,Maryland,New Colinport,Manufacturing,Inactive,TAX185257,justin90@johnson.com,835.699.1921x578,2023-12-20,2024-08-27,60
2501,"Hill, Schmidt and Walton",United States,Oregon,Millerburgh,Retail,Inactive,TAX170176,clarkelawrence@mcclure.org,4627465212,2023-07-10,2024-01-25,25
2502,Hernandez-Roberts,Germany,New Jersey,Marshberg,Finance,Prospect,TAX250033,colemansandra@richardson-perry.biz,703.570.7010x9557,2023-01-16,2023-02-15,61
2503,"Beard, Crane and Anderson",India,Michigan,Petersborough,Retail,Active,TAX443109,gdavis@holland-jones.net,(369)711-7818x875,2022-12-31,2023-11-13,62
2504,"Lawrence, Wilson and Mccoy",United States,Nevada,East Carolyn,Finance,Inactive,TAX608242,dholmes@wong.com,(262)810-0047x194,2022-10-06,2023-08-11,69
2505,"Murphy, Hamilton and Morgan",India,Pennsylvania,Port Brianmouth,Retail,Active,TAX726615,onealsarah@howe.biz,991.502.7423,2024-05-24,2024-07-24,38
2506,Duke-Henderson,Germany,Kansas,Lake Mikaylaview,Retail,Active,TAX648931,fsmith@long.com,(629)426-6923x62013,2023-10-30,2024-03-22,32
2507,King PLC,Germany,New York,Perezberg,Healthcare,Prospect,TAX958350,gkey@miller.com,396-588-5359,2021-01-23,2021-06-24,34
2508,"Bailey, Wagner and Nunez",India,Kansas,Kerrport,Finance,Active,TAX130221,hwarren@moreno.org,398-978-1339,2024-08-27,2024-12-31,54
2509,Gonzalez and Sons,India,Oklahoma,Lake Kathryn,Healthcare,Active,TAX568383,janekirby@torres-frank.net,405.654.4054x7553,2024-07-05,2024-12-31,72
2510,Mccall Group,India,South Carolina,Port Thomasburgh,Healthcare,Inactive,TAX212978,brandy14@garcia.info,+1-278-296-7536,2022-07-15,2023-03-05,36
2511,Bass-Crane,India,Wisconsin,Matthewport,Manufacturing,Inactive,TAX398595,tylerwood@lewis-clark.biz,001-495-437-2444x971,2021-11-30,2022-09-26,17
2512,Velez-Edwards,India,California,Debrabury,Semiconductors,Active,TAX154970,charper@riley.com,001-785-534-0297x089,2022-10-31,2023-08-09,62
2513,"Cowan, Mccarthy and Kennedy",India,Nevada,Austinborough,Finance,Prospect,TAX493246,kadams@whitaker-hawkins.com,(337)269-2461x05993,2024-02-01,2024-02-14,56
2514,Contreras-Frank,United States,Rhode Island,Valeriemouth,Healthcare,Active,TAX442475,salinasvanessa@mueller-cook.com,+1-206-703-5627x061,2024-06-09,2024-06-26,37
2515,Brown PLC,India,Connecticut,Drakestad,Manufacturing,Active,TAX636565,scotthawkins@murray.com,7895884797,2021-04-25,2022-04-25,17
2516,Bowers Ltd,United States,Delaware,Joanport,Semiconductors,Active,TAX258932,sheryl16@lewis-sanchez.org,828.483.6700x97418,2021-07-29,2022-04-22,21
2517,"Mcdaniel, Page and House",Canada,Washington,Tracyville,Software,Active,TAX891317,omorrow@lee.com,586.416.5841x3009,2023-01-08,2023-07-09,44
2518,Johnson LLC,India,Montana,North Robert,Finance,Active,TAX616377,nfreeman@allen.com,001-810-628-2963x802,2023-04-01,2024-01-05,8
2519,"Wiggins, Doyle and Whitaker",United States,Wyoming,East Charlesville,Retail,Inactive,TAX828326,geoffreyjordan@logan.info,(892)357-8363,2021-11-14,2022-08-21,12
2520,Walker LLC,Japan,Vermont,East Meagan,Healthcare,Active,TAX220847,ronaldwilliams@davis.com,4733888012,2022-06-19,2022-10-13,31
2521,Baker and Sons,India,West Virginia,Bellberg,Retail,Prospect,TAX125401,brownanthony@nelson.com,001-200-799-1197x158,2021-04-18,2022-03-13,29
2522,"Martinez, Bonilla and Brown",United States,Massachusetts,Lake Isabelville,Semiconductors,Active,TAX895373,margaretswanson@brown-jones.com,575.208.2670x39097,2022-04-22,2022-07-09,18
2523,Jensen-Davis,United States,Rhode Island,South Rhonda,Finance,Inactive,TAX892684,burkeanthony@rodriguez-martinez.biz,001-588-617-5610x958,2024-07-23,2024-12-31,51
2524,"Sharp, Morgan and Carlson",India,Hawaii,Rogersbury,Finance,Inactive,TAX124655,tmcgee@mendez-williamson.com,(523)734-7509x178,2024-10-03,2024-12-31,54
2525,"Fisher, Sellers and Bennett",United States,Louisiana,Lake Selenastad,Semiconductors,Active,TAX718312,william11@watson.com,275.676.6271x061,2021-03-15,2021-06-29,30
2526,Strickland Inc,United States,Kansas,South Jamiestad,Semiconductors,Inactive,TAX835916,annarice@jones.net,2077861690,2021-06-15,2022-04-08,48
2527,Green Group,United States,Massachusetts,Brucemouth,Software,Inactive,TAX323114,tammie14@house-young.org,346-392-6626x395,2021-11-08,2022-08-09,1
2528,"Summers, Ferguson and Mclean",Canada,Illinois,Robinport,Retail,Prospect,TAX395087,floresmatthew@berry.com,877.271.3589x961,2022-06-29,2023-04-09,48
2529,Miller Inc,United States,Delaware,Port Tammy,Software,Active,TAX890806,emason@ruiz.net,+1-692-293-0907x7258,2024-05-29,2024-10-07,43
2530,Obrien Inc,India,Nebraska,Lake Mark,Finance,Inactive,TAX224956,ricky66@cook.biz,690.225.5288x97378,2024-08-25,2024-12-31,58
2531,Hopkins-Baker,India,Delaware,East Yvonneville,Manufacturing,Prospect,TAX804481,xfaulkner@simpson.com,497.730.9053x3019,2023-11-15,2024-06-09,27
2532,Charles PLC,India,Nevada,Shaneview,Semiconductors,Inactive,TAX943721,joyce50@harris.info,001-244-971-5650x37150,2021-08-07,2021-11-20,26
2533,Peters-Walker,Germany,North Carolina,South Amanda,Retail,Prospect,TAX413115,milleraustin@petty.com,(820)976-7957x5718,2024-11-13,2024-12-31,28
2534,Richardson Inc,Japan,Nevada,Sanchezmouth,Finance,Inactive,TAX586308,plang@aguilar.com,551-310-8178,2021-04-22,2022-03-19,30
2535,Rivera Group,United States,California,New Haleychester,Finance,Active,TAX635926,eball@ward-madden.com,983.776.0617x12550,2021-02-18,2021-07-26,2
2536,"Baker, Gonzalez and Wilson",India,Texas,Fryeburgh,Software,Inactive,TAX316376,dadams@frye.com,340.228.8559,2023-10-21,2024-05-06,42
2537,"Bryant, Rodriguez and Edwards",United States,Nevada,Lunabury,Healthcare,Prospect,TAX890478,tracy03@romero.com,(500)973-8654,2021-12-05,2022-08-13,62
2538,Garcia and Sons,United States,Montana,New Chelsea,Finance,Prospect,TAX999006,dennisarmstrong@russell-ashley.com,487-676-0131x0986,2022-05-24,2022-07-02,79
2539,Gonzalez-Hull,India,Massachusetts,Rodriguezberg,Semiconductors,Active,TAX749358,lrogers@wilson-smith.net,366-265-6584x042,2021-04-13,2021-04-18,36
2540,Petersen LLC,Canada,Pennsylvania,Leeport,Finance,Inactive,TAX499948,robert12@park.org,+1-376-541-5572,2024-03-09,2024-05-29,13
2541,Dominguez PLC,India,Colorado,New Tina,Software,Prospect,TAX300053,leahpitts@jackson.com,001-376-572-2071,2023-05-17,2023-11-23,10
2542,Johnson-May,India,Iowa,South Robert,Retail,Active,TAX411919,lori49@simpson.biz,774.647.3245x7195,2021-03-13,2021-05-13,39
2543,"Wolf, Graham and King",India,Hawaii,Mcdanielton,Healthcare,Active,TAX226169,cesar28@mendoza.info,569-894-4428,2024-07-27,2024-12-31,4
2544,Bentley and Sons,Japan,Louisiana,Williamstown,Healthcare,Active,TAX115040,gary55@mckinney.com,(200)873-1680,2021-08-19,2021-10-02,31
2545,"White, Thomas and Montgomery",United States,Rhode Island,Littlefurt,Manufacturing,Prospect,TAX684523,mponce@bentley.org,+1-239-718-7599,2022-07-14,2022-11-29,3
2546,"Moreno, Pugh and Silva",Germany,Tennessee,Williamview,Healthcare,Active,TAX866964,rmckenzie@jones.net,8345670061,2024-11-17,2024-12-31,28
2547,"Leon, Henry and Dixon",India,Alaska,Sancheztown,Retail,Inactive,TAX131350,jjackson@johnson-anderson.biz,763-240-5464,2021-03-18,2021-11-27,56
2548,Alvarez and Sons,Japan,Maryland,Lake Tonyaland,Healthcare,Active,TAX113913,bdiaz@vargas-allen.info,+1-714-512-7701,2024-03-27,2024-04-18,9
2549,Haley PLC,Canada,New York,Lake Amber,Finance,Prospect,TAX395246,brookeodonnell@shaw.com,+1-687-540-0743x2628,2023-09-09,2023-12-21,35
2550,Haley Ltd,India,New York,Williamsborough,Finance,Active,TAX346225,nicholas29@hill-thomas.info,(522)564-7283,2024-11-13,2024-12-31,1
2551,Francis-Moore,Canada,Missouri,Port Normaborough,Semiconductors,Prospect,TAX975972,derekbarrett@bennett-porter.com,434.641.7309x81819,2023-06-11,2024-03-23,63
2552,"Kent, Keller and Ramirez",Germany,Hawaii,Zavalastad,Retail,Prospect,TAX149591,iwood@horton.org,497.549.8009,2022-08-10,2023-02-12,12
2553,Ramos-Ferguson,United States,Colorado,Sheilamouth,Healthcare,Inactive,TAX671044,kayla94@hill-torres.org,+1-573-572-6832x3348,2021-12-02,2022-06-11,48
2554,Nunez-Watson,Germany,Vermont,Littlebury,Manufacturing,Active,TAX436290,fweaver@costa.com,865-831-2645,2024-08-02,2024-12-31,53
2555,Lozano-Combs,India,Arizona,Timfort,Healthcare,Inactive,TAX590192,warddebbie@fernandez.com,756.625.5013,2022-12-13,2023-05-11,19
2556,Hodges Inc,Japan,Virginia,Lake Jorge,Healthcare,Prospect,TAX668609,woodardscott@taylor.com,(201)873-8226,2023-04-16,2023-10-17,56
2557,"Long, Werner and Hays",India,Vermont,Fishertown,Finance,Active,TAX448970,nsmith@roman-stephens.net,(739)398-7568x19299,2023-01-05,2023-12-01,60
2558,Cordova and Sons,United States,South Carolina,Bonnieborough,Manufacturing,Prospect,TAX272256,luisochoa@thomas.com,429.269.4863,2021-03-29,2021-09-20,65
2559,"Howe, Anthony and Swanson",Canada,Wisconsin,Port Randymouth,Retail,Active,TAX727879,jamesyoung@tapia.com,886-664-1151,2022-12-01,2023-09-03,21
2560,"Rowe, Short and Glass",Japan,Michigan,East Christy,Manufacturing,Active,TAX955908,sara97@hernandez.com,2476032260,2022-02-26,2023-02-15,51
2561,"Lopez, Hart and Harris",India,Louisiana,Sancheztown,Healthcare,Active,TAX625738,jason88@keller.org,001-304-242-8236x160,2024-01-20,2024-02-10,67
2562,"Montes, Knox and Hernandez",India,Oklahoma,Lake Amanda,Semiconductors,Inactive,TAX677187,martinezjulie@davis.com,2606978497,2024-09-23,2024-12-16,30
2563,"Bowman, Lyons and Perkins",United States,Utah,Bassfurt,Finance,Inactive,TAX222600,plambert@bonilla.org,953-319-4223x6532,2022-10-29,2023-05-08,71
2564,Oneal-Olson,Canada,Vermont,Lake Erika,Manufacturing,Prospect,TAX959162,olsonnicholas@gonzalez.info,(509)844-4831x749,2023-03-16,2023-07-06,74
2565,Lindsey Inc,India,Montana,South Jenniferfort,Healthcare,Prospect,TAX888073,bwalker@gonzalez-martin.com,558.348.3639x1701,2021-08-06,2021-11-29,59
2566,Thomas LLC,India,New Hampshire,East Veronica,Retail,Active,TAX850992,sarahhall@moreno-taylor.com,(223)342-2641,2021-01-02,2021-09-17,14
2567,Fields-Benton,United States,Georgia,North Michael,Semiconductors,Prospect,TAX421447,wbowers@hayes-smith.biz,325-217-4342,2022-05-11,2022-12-04,39
2568,"Collins, Cooley and Herrera",Japan,North Carolina,Lake Susan,Manufacturing,Prospect,TAX201279,wrightcraig@jenkins.com,001-426-687-4851x17661,2022-01-27,2022-02-08,3
2569,Frye-Salinas,India,Missouri,Kristenshire,Semiconductors,Active,TAX294735,tgray@elliott-gillespie.com,+1-402-782-7746x948,2024-10-25,2024-11-30,9
2570,"Carter, Edwards and Gray",India,Maine,Lisaside,Semiconductors,Inactive,TAX474880,billyrodriguez@alvarado-hunt.com,(681)837-2420,2024-09-16,2024-12-31,2
2571,"Richardson, Blevins and Edwards",United States,California,Fieldsmouth,Finance,Inactive,TAX506582,ytaylor@gibson-pierce.com,9209304330,2023-02-07,2023-05-24,39
2572,"Larsen, Bowen and Walsh",United States,Florida,Port Michaelborough,Manufacturing,Inactive,TAX766076,johndaniels@foley.com,(350)762-7181x063,2024-06-13,2024-12-31,6
2573,Hill-Daniels,United States,Nevada,Colefurt,Semiconductors,Inactive,TAX435158,janice62@salazar.biz,416-351-2654x73704,2022-12-21,2023-01-05,33
2574,Wilson-Thomas,Germany,Oklahoma,Gonzaleshaven,Healthcare,Prospect,TAX907180,xsalinas@smith.com,350-469-3576x338,2021-07-20,2022-02-21,76
2575,Clay LLC,United States,Tennessee,Lake Jason,Finance,Prospect,TAX614125,stuarteric@snyder.com,(807)207-3736,2021-02-25,2021-09-07,5
2576,Davis PLC,Canada,Tennessee,Grahammouth,Semiconductors,Inactive,TAX364405,adamspatrick@johnson-rogers.org,001-331-799-4934x49916,2024-01-19,2024-03-06,11
2577,"Williams, Tyler and Gonzales",India,Vermont,South Diana,Retail,Prospect,TAX198572,sherylrogers@griffin-torres.com,+1-545-608-9066x036,2023-07-21,2024-01-31,44
2578,Perkins Inc,India,Virginia,Wileyland,Healthcare,Active,TAX438556,hknight@hickman.com,(634)652-8043x3264,2022-09-27,2023-07-06,58
2579,Bowers-Davis,India,Maryland,Robertville,Healthcare,Active,TAX110793,nancy86@wilson.com,(374)407-9491x79060,2024-11-01,2024-12-31,76
2580,Gonzales-Brown,Japan,Alaska,Lake Christina,Semiconductors,Prospect,TAX566018,stephaniebaker@silva.info,2674596500,2021-05-22,2022-02-03,24
2581,Shelton Ltd,United States,New Hampshire,Hullchester,Retail,Prospect,TAX507034,laura70@collins.com,(356)412-4662x5695,2024-01-03,2024-12-02,7
2582,Jones-Conner,India,Florida,East Patrickville,Semiconductors,Prospect,TAX641837,harold28@carter.net,(813)568-1948x044,2023-10-03,2023-12-31,58
2583,Jennings-Woodward,India,Arizona,Port Shannon,Software,Active,TAX404387,cherylgriffin@martinez-anderson.com,+1-805-588-8419x362,2024-05-16,2024-11-01,55
2584,Ayala Ltd,India,Maryland,Rogermouth,Software,Active,TAX308795,ballernest@raymond-noble.com,001-338-352-2293,2023-09-15,2024-05-20,32
2585,Donovan-Allison,India,Colorado,West Moniqueport,Retail,Prospect,TAX285211,lroth@hayes.com,+1-798-683-1206x053,2023-02-11,2023-03-05,39
2586,Todd and Sons,India,North Carolina,Michaelland,Finance,Prospect,TAX711917,marybeck@clark.net,631-407-4914x876,2023-10-08,2024-02-02,57
2587,Robinson-Wiley,Japan,Pennsylvania,North Marissa,Semiconductors,Active,TAX272420,patelnatalie@khan.org,001-283-329-2401x1628,2021-10-13,2021-12-19,78
2588,Fernandez-Johnson,United States,New Jersey,East Ruth,Healthcare,Inactive,TAX484487,briggssteven@garrett-davidson.com,772.818.8906x650,2024-12-02,2024-12-31,3
2589,Henson-Hall,Germany,Alaska,Port Edwardfort,Retail,Inactive,TAX765669,jenkinsshawn@wallace-young.org,001-854-331-6118,2024-01-19,2024-03-13,54
2590,Waters-Lester,United States,Tennessee,New Mitchellburgh,Finance,Inactive,TAX684352,brettjohnson@lowe-hill.com,(894)868-9761,2024-12-08,2024-12-31,9
2591,Wilson LLC,India,New Jersey,Lake Brandontown,Finance,Prospect,TAX475015,brianbridges@hall-arnold.biz,(655)371-9557x2903,2023-08-31,2024-03-23,65
2592,"Hall, Barnes and Edwards",Canada,New Jersey,Villegasbury,Software,Active,TAX125280,fhernandez@cooper.com,(335)493-1215x1009,2021-11-28,2022-01-11,74
2593,"Hensley, Rose and Terrell",India,Louisiana,Davisland,Software,Inactive,TAX791915,smithnicole@johnson.com,001-912-704-5938,2024-01-24,2024-08-02,72
2594,"Barr, Bennett and Boyd",India,Maryland,Johnview,Semiconductors,Prospect,TAX294521,hpayne@butler.com,2373363757,2024-04-07,2024-11-04,15
2595,Brown-Medina,United States,Virginia,Lake Kristinafort,Software,Active,TAX254546,jasonsimmons@jenkins.com,(945)657-5310x0266,2022-09-08,2022-11-15,51
2596,Wells Group,India,California,Alexandraland,Semiconductors,Prospect,TAX926369,yvettebailey@davis.org,694.447.4015x8668,2021-01-25,2021-03-23,68
2597,Pham-Ward,United States,Michigan,Port Alyssa,Manufacturing,Prospect,TAX109287,joshuali@lopez.org,001-212-429-4397x1501,2022-09-14,2022-11-23,41
2598,"Wright, Evans and Parker",Canada,Florida,North Natalieport,Healthcare,Active,TAX297831,martinezmargaret@green.com,632.349.5110x96702,2024-09-21,2024-12-31,62
2599,Mullins PLC,United States,Rhode Island,Port Kenneth,Semiconductors,Active,TAX506698,xschneider@ford-thomas.info,367-493-0721x782,2024-02-07,2024-12-27,70
2600,Munoz-Johnson,Japan,Arkansas,Yangview,Semiconductors,Active,TAX799486,iroberts@herring-turner.info,(435)787-3111x3549,2021-09-18,2022-06-06,19
2601,"Reyes, Hill and Russell",Japan,Maine,Yvonneville,Semiconductors,Inactive,TAX638322,frankherrera@brooks.net,(633)829-0460,2021-05-29,2022-03-14,22
2602,"Leblanc, Ramos and Evans",India,New Mexico,West Lisa,Healthcare,Prospect,TAX479293,changdaniel@hanson-jacobs.com,790.484.8152x7711,2022-04-07,2022-08-19,53
2603,Morris-Smith,India,South Dakota,Port Ronald,Healthcare,Active,TAX436055,jacobtorres@randall-hampton.com,362.381.9799,2023-03-20,2023-04-03,25
2604,Lewis Group,United States,Iowa,Hughesfurt,Finance,Inactive,TAX571679,lhurst@lawrence-ali.org,481.862.6671x416,2024-05-26,2024-09-18,17
2605,"Norris, Carpenter and Williams",United States,New Hampshire,East Veronica,Manufacturing,Inactive,TAX777423,lutzdevin@contreras.com,(919)570-9627x316,2024-07-25,2024-10-13,31
2606,Stuart-Oliver,United States,Oklahoma,Drewfort,Finance,Inactive,TAX910653,cmoss@richard.com,+1-312-606-1268x7370,2021-06-03,2022-01-10,77
2607,Montgomery-York,India,North Carolina,Webbstad,Semiconductors,Prospect,TAX188963,katherinekent@peters-garcia.com,+1-859-683-3991x97936,2024-12-13,2024-12-31,6
2608,Wilson Inc,India,Colorado,Lake Linda,Healthcare,Inactive,TAX587070,vangbriana@cummings.com,575.465.3998x3767,2024-08-24,2024-12-31,39
2609,Webster-Briggs,Japan,Hawaii,Guerreromouth,Manufacturing,Inactive,TAX423110,flewis@glass-wilkins.com,+1-827-694-3407x16276,2023-08-21,2024-05-08,63
2610,Rice-Atkins,India,Maryland,Johnsonmouth,Retail,Prospect,TAX829022,hking@miller.biz,(860)229-7294x5135,2024-02-22,2024-12-31,78
2611,"Vargas, Jones and Green",United States,North Dakota,South Angelaton,Manufacturing,Active,TAX592126,lsims@diaz.biz,626.523.7505,2022-11-22,2023-01-07,63
2612,Blevins Ltd,Canada,Nebraska,East Timothyview,Manufacturing,Prospect,TAX746307,lraymond@mathews-bennett.net,475.594.5870,2024-07-17,2024-08-18,33
2613,Ruiz Inc,United States,Arizona,Nicholaston,Finance,Inactive,TAX723309,gutierrezshelly@watson.info,+1-952-740-8741x550,2023-11-18,2024-03-13,41
2614,Bonilla-Green,Canada,Oregon,Garrettshire,Finance,Active,TAX693509,codypeters@hudson.com,204-236-5451x916,2022-01-27,2022-07-24,40
2615,"Thompson, Taylor and Simmons",India,Michigan,Vasquezburgh,Finance,Prospect,TAX808942,tbennett@chase.com,381.648.0896x586,2023-04-23,2023-09-12,34
2616,Austin-Sandoval,United States,Delaware,Port Brandifurt,Retail,Prospect,TAX297502,echristensen@downs-jackson.com,001-887-667-0444x718,2024-06-09,2024-08-19,38
2617,"Brown, Woodard and Williams",India,Arizona,New Ruthberg,Retail,Inactive,TAX847237,logangraves@olson.org,719.512.1259,2024-01-17,2024-10-26,42
2618,Lewis-Taylor,India,Maine,East Michellechester,Healthcare,Prospect,TAX645377,qterry@simmons.biz,(209)302-8854x11112,2021-12-22,2022-02-20,38
2619,Johnson-Harrington,United States,Colorado,Mikeview,Software,Prospect,TAX928317,stevenho@lambert-davis.com,604-852-8876,2024-07-21,2024-12-31,24
2620,"Pugh, Smith and Fry",Japan,South Carolina,Lake Feliciamouth,Healthcare,Inactive,TAX357565,oscarrogers@montes.net,(446)541-3728x112,2023-03-14,2023-11-16,35
2621,Turner PLC,Canada,Ohio,Bautistachester,Healthcare,Prospect,TAX457983,lgordon@stewart.org,001-497-652-6570x056,2021-10-27,2022-03-06,78
2622,Atkins-Lee,India,Georgia,Lake Sarahside,Semiconductors,Inactive,TAX952612,mccarthyronald@davenport.com,001-256-213-6151,2024-02-02,2024-08-21,1
2623,Simpson Ltd,India,South Dakota,North Lauren,Finance,Inactive,TAX576851,harveysarah@osborne.info,957.815.5562x394,2024-02-02,2024-11-26,36
2624,English-Abbott,United States,Virginia,Lake Julianmouth,Healthcare,Active,TAX378607,xdixon@gallegos.com,001-251-798-0959,2021-04-15,2021-11-19,63
2625,Smith-Lewis,United States,Florida,Larsenfurt,Healthcare,Inactive,TAX505678,jessicapeterson@brown.com,608.870.3302,2022-10-04,2022-12-04,18
2626,Buckley-Barnes,India,South Carolina,Spencerside,Finance,Active,TAX143027,bdennis@davis-romero.org,+1-710-372-9967x22485,2021-05-24,2021-10-13,14
2627,Richard-West,United States,Illinois,Jamesport,Finance,Active,TAX921947,gonzalesnicole@williams.com,705.283.3494x3747,2021-07-16,2022-07-02,55
2628,Clark-Yoder,India,Michigan,New Cindy,Retail,Prospect,TAX162788,williamgriffith@donovan-pearson.com,811-652-5641x650,2021-01-21,2021-03-19,44
2629,Mccarthy Inc,Canada,Minnesota,Brucefurt,Retail,Inactive,TAX397992,rwood@taylor.info,(456)439-3009,2023-05-31,2023-10-01,30
2630,Callahan-Jones,India,New Mexico,Wilsonstad,Manufacturing,Prospect,TAX888242,royhenry@zimmerman.com,515-821-9269,2022-07-01,2023-04-09,46
2631,Lane Group,Japan,Arizona,Leestad,Software,Active,TAX680607,craig10@mccoy.net,(888)963-5941x23075,2024-04-11,2024-09-20,29
2632,Edwards-Owens,India,Washington,Johnsonfurt,Healthcare,Active,TAX668025,wendy25@clark-rowe.com,(603)712-1914x42381,2024-06-16,2024-06-24,21
2633,Brown-Taylor,India,Virginia,Curtisview,Retail,Prospect,TAX382831,jking@wood-taylor.com,419.920.7441x1486,2023-09-23,2023-11-25,13
2634,"Copeland, Terrell and Walsh",India,Maine,Jamesville,Healthcare,Active,TAX353781,kathrynstevenson@hamilton.com,001-409-389-3687x017,2023-07-31,2024-06-07,22
2635,Benson-Patel,Japan,Kentucky,Estesport,Software,Inactive,TAX212603,laura00@king-whitney.com,+1-722-226-4923x27244,2021-01-07,2021-05-09,40
2636,Gordon and Sons,United States,Maryland,Colemanview,Manufacturing,Inactive,TAX567838,isaac32@gonzalez-kennedy.com,001-722-667-1648x43514,2022-03-14,2022-07-10,13
2637,"Nunez, Taylor and Williams",Japan,Michigan,New Stephanie,Healthcare,Prospect,TAX565707,michael85@lawrence.net,001-703-747-7449,2023-06-26,2023-09-10,50
2638,Padilla Inc,Japan,Delaware,East Nancyside,Healthcare,Active,TAX667557,dustinhuff@lam.biz,376-225-1973,2022-07-11,2022-10-24,63
2639,Leon Ltd,United States,Rhode Island,East Tonya,Manufacturing,Inactive,TAX437725,samuelfrederick@delgado.com,2747988871,2021-02-12,2021-10-25,65
2640,Mills-Johnson,United States,Kansas,North Amberfurt,Healthcare,Prospect,TAX315450,hjenkins@jones.biz,(723)639-3646,2023-02-03,2023-04-17,10
2641,"Frazier, Jordan and Ward",United States,Oregon,North Michael,Retail,Prospect,TAX496009,brett32@ford-miller.com,+1-890-877-2692x52320,2021-12-11,2022-07-05,27
2642,Hayes and Sons,India,Michigan,South Alexberg,Finance,Inactive,TAX387458,smithandrea@alvarez.net,(522)372-4859,2022-05-25,2022-10-20,30
2643,Palmer-Cook,India,New Mexico,Harriston,Healthcare,Active,TAX819839,jesse67@powell.com,637.896.7280x3671,2024-02-28,2024-07-01,9
2644,"Wood, Johnson and Lopez",United States,Michigan,Foxburgh,Semiconductors,Inactive,TAX699425,daniellenelson@stevenson.com,606-926-2953x6441,2022-12-08,2023-06-10,49
2645,Alexander-Schultz,India,Michigan,Davidside,Healthcare,Prospect,TAX566959,nicholastodd@weaver.net,001-309-932-0796x448,2023-05-19,2023-07-03,56
2646,Tapia-Kelly,India,Florida,Marybury,Software,Inactive,TAX484402,simskathryn@morris-sexton.com,2304897376,2022-06-17,2023-02-17,21
2647,Mccarty-Wells,India,Illinois,East Nicole,Manufacturing,Prospect,TAX642291,masseymatthew@mejia.com,001-692-585-8674x360,2024-05-11,2024-12-31,26
2648,Myers Ltd,Japan,Oklahoma,South Jessicamouth,Healthcare,Inactive,TAX150309,hamiltonmelissa@garza.com,+1-388-306-9513,2022-04-14,2022-05-30,21
2649,Martin-Russell,India,Illinois,South Johnnyside,Retail,Prospect,TAX152497,isingh@phillips-monroe.com,001-778-712-7794x9176,2022-05-28,2022-07-07,68
2650,"Mcclain, Tran and Anderson",Canada,Rhode Island,South Jenniferfort,Healthcare,Active,TAX407393,cartercraig@wilson.biz,(433)238-3167,2021-10-18,2022-05-29,36
2651,Young and Sons,Japan,Utah,Darleneton,Software,Active,TAX529354,david95@gonzalez.com,552-490-0359x20570,2022-10-01,2022-12-25,67
2652,"Moore, Allen and Barber",India,Indiana,South Williambury,Semiconductors,Prospect,TAX154679,pjones@buchanan-hernandez.org,361-825-7981x233,2024-03-18,2024-12-31,23
2653,Mckenzie Inc,India,Ohio,Lake Karen,Healthcare,Inactive,TAX276083,richard11@stein-trevino.com,(930)380-4027x617,2022-04-29,2022-05-07,26
2654,Serrano PLC,United States,Pennsylvania,East David,Semiconductors,Active,TAX910377,sharon42@thomas.com,001-877-781-6214x2765,2021-07-27,2021-12-11,23
2655,Guerra-Woods,United States,Georgia,Lake Jonathanville,Healthcare,Prospect,TAX897819,urobinson@gregory.com,(810)661-1410,2023-01-26,2023-04-27,20
2656,Rogers-Gordon,United States,Alabama,Lake Ashleyland,Software,Active,TAX925133,kristinking@bennett.com,(553)470-9238x79832,2021-01-18,2021-07-03,22
2657,"Franco, Joseph and Proctor",Germany,New Hampshire,New Andreastad,Manufacturing,Active,TAX625245,michelleodom@steele-jones.com,735-788-1215,2023-10-31,2023-11-29,51
2658,Baker PLC,India,South Carolina,Port Aaron,Semiconductors,Inactive,TAX263482,amartinez@powell.net,2412121261,2021-09-28,2022-01-29,78
2659,Norris-Williams,Japan,Florida,Ruizchester,Manufacturing,Inactive,TAX584867,bgonzales@mitchell.com,(739)934-8355x74908,2022-05-19,2023-01-06,23
2660,Downs-Freeman,Germany,New York,Rodriguezmouth,Retail,Active,TAX269960,kcarter@bennett.com,001-569-463-1815x89960,2024-08-03,2024-12-31,6
2661,Harris-Gonzalez,India,Rhode Island,South Eric,Healthcare,Active,TAX100601,william40@shaffer.com,973-581-0189,2022-08-12,2023-04-04,68
2662,"Harris, Garrett and Mitchell",Germany,New Mexico,West Donnamouth,Retail,Inactive,TAX677047,osaunders@brown.info,001-328-218-8584x07343,2024-01-14,2024-08-07,68
2663,"Dunn, Burton and Graves",United States,Louisiana,Montgomeryhaven,Retail,Prospect,TAX471128,vzimmerman@pierce.com,001-242-227-0955x772,2024-05-25,2024-12-31,52
2664,"Morris, Young and Strickland",Germany,North Dakota,New Barbaraview,Manufacturing,Inactive,TAX275002,lawrenceklein@wilkinson.com,687-676-7129,2023-10-28,2024-07-09,17
2665,"Jones, Jones and Walker",Japan,Alabama,East Jacquelineton,Software,Active,TAX728934,ylee@white-kaufman.biz,+1-727-224-4709x9674,2023-01-23,2023-06-24,15
2666,Brown-Thomas,United States,Pennsylvania,West Dean,Healthcare,Inactive,TAX494206,emily55@chen.biz,+1-681-212-0056x55530,2022-09-06,2023-03-16,4
2667,Yates-Ramirez,India,South Dakota,New Stephen,Software,Active,TAX326041,ehodge@mckee.com,+1-224-323-8448x232,2023-06-11,2024-05-02,19
2668,"Ruiz, Johnson and Harris",United States,North Dakota,Lake Lindaville,Manufacturing,Prospect,TAX246638,lboyd@stephens.com,001-243-745-7128x40384,2024-08-22,2024-12-31,51
2669,"Humphrey, Marshall and Smith",India,South Carolina,New Jamesville,Semiconductors,Active,TAX560352,orobinson@lee.com,+1-562-533-4405x938,2022-06-02,2023-02-06,52
2670,Clark Ltd,United States,North Dakota,Harrisbury,Healthcare,Inactive,TAX314635,julie05@martin.net,+1-359-781-4880x595,2023-08-07,2023-10-12,54
2671,Jenkins-Hill,Canada,Maryland,Port Victoria,Software,Active,TAX771112,stevenwilliams@allen-carter.com,487-604-2804x891,2021-07-27,2021-12-25,48
2672,"Nelson, Henderson and Gonzalez",India,Texas,Burnsshire,Healthcare,Inactive,TAX785173,williamspears@mueller-wilson.com,976.904.9191,2023-06-07,2023-07-16,77
2673,Hartman Group,India,Pennsylvania,Robinsontown,Manufacturing,Prospect,TAX600284,dennistony@spence.com,(555)478-4190,2021-03-24,2021-11-24,9
2674,Anderson Inc,India,Iowa,Jensenland,Software,Inactive,TAX631331,bhamilton@smith-norton.com,001-795-572-4168x584,2021-12-06,2021-12-11,13
2675,"Price, Sanford and Levine",India,California,West Jamesport,Retail,Prospect,TAX382705,coxkelly@hudson-merritt.com,7818079934,2021-05-03,2021-05-15,66
2676,Jones-Walker,India,Texas,Port Taylorburgh,Manufacturing,Inactive,TAX125312,tgibson@combs.org,(725)499-9178x0271,2023-07-08,2024-01-30,43
2677,Chavez Group,Germany,Vermont,Lake Donald,Healthcare,Inactive,TAX751975,wgonzalez@tapia.com,(781)438-3581x7810,2022-10-31,2023-03-25,48
2678,Schneider-Flores,India,Illinois,Shawnside,Manufacturing,Prospect,TAX229287,michaelthompson@donovan.com,996.614.4400x5799,2023-06-17,2024-02-21,56
2679,Miller LLC,Germany,Hawaii,South Jennifer,Semiconductors,Prospect,TAX917163,rodriguezerika@graham-peterson.com,(453)202-0068x6523,2024-01-28,2024-11-12,65
2680,Taylor-Johnson,India,Maine,East Nicole,Software,Inactive,TAX446189,alester@moore-hurley.com,450.213.6724x50893,2024-09-14,2024-12-31,57
2681,Rice Ltd,Germany,Vermont,Morrisland,Retail,Inactive,TAX250944,ernestobrien@stanley-torres.com,7295120976,2021-10-19,2022-01-27,12
2682,"Howard, Wilson and Miles",United States,New Mexico,Taylorhaven,Finance,Inactive,TAX330935,stephenray@lee.com,907.942.6890x17501,2021-03-27,2021-04-18,39
2683,Ramirez-Mathis,India,Arizona,Lake Charles,Software,Active,TAX538698,zwilkerson@richard.com,(264)309-6801x20039,2024-03-11,2024-06-18,54
2684,"Larson, Daniel and Lambert",Germany,New Hampshire,Morganmouth,Software,Inactive,TAX673629,morgan40@fernandez.com,421.893.0418x0848,2024-03-09,2024-07-17,27
2685,Marquez LLC,India,Nebraska,North Lisa,Semiconductors,Active,TAX139280,jhall@walker-jackson.com,001-363-743-9768x25238,2022-06-28,2023-03-02,9
2686,Kennedy-Herman,India,Virginia,Port Deanna,Software,Prospect,TAX617453,susan75@young-kirby.com,(506)454-1390x744,2021-08-22,2021-10-01,59
2687,"Washington, Anderson and Ingram",Japan,Idaho,East David,Finance,Prospect,TAX863281,jimmygarner@smith.com,388.297.0260x05206,2023-02-02,2023-09-30,34
2688,"Mitchell, Koch and Pacheco",United States,Missouri,Wellsmouth,Manufacturing,Prospect,TAX446659,jacob23@long.com,(542)817-8572x2804,2024-07-17,2024-12-31,42
2689,"Davis, Church and Phillips",United States,Idaho,New Rebekah,Retail,Prospect,TAX975937,fmorrison@hays.net,974-255-2753,2024-04-22,2024-12-31,36
2690,King Inc,Japan,Arizona,Lake James,Software,Active,TAX954517,jmejia@mitchell-miller.biz,+1-627-270-3893x136,2021-02-15,2021-09-25,62
2691,Reynolds LLC,India,New Hampshire,South Allisonfort,Manufacturing,Inactive,TAX623107,brittanywalker@johnson.com,(340)957-4487x038,2023-04-09,2023-05-05,76
2692,Webb LLC,India,New Mexico,Carolyntown,Finance,Active,TAX964098,psalazar@fox.com,836.823.0576x2072,2021-10-31,2022-08-11,29
2693,"Sanchez, Gilmore and Love",Japan,North Carolina,Glenville,Software,Active,TAX586903,othomas@howard.net,842.424.3490x9342,2021-11-10,2021-12-30,70
2694,Walker-Sexton,United States,Kentucky,Anntown,Healthcare,Prospect,TAX519273,daniel05@rogers-glenn.net,+1-760-819-3772x867,2023-05-09,2024-02-23,43
2695,Stevenson-Cooke,India,New York,West Matthew,Software,Active,TAX753323,bcollier@garcia-hunt.biz,(850)626-4722x314,2023-09-13,2024-08-17,9
2696,Williams Inc,Germany,New Hampshire,Howardfort,Semiconductors,Inactive,TAX525642,wrosario@bailey-miller.com,534-947-7623x6966,2023-06-05,2023-08-22,54
2697,"Valenzuela, Simmons and White",United States,Alabama,Susanfort,Semiconductors,Inactive,TAX488371,eayala@may.org,(806)792-5191x155,2021-08-31,2022-02-04,31
2698,Jensen and Sons,United States,New Jersey,Lake Jakeberg,Healthcare,Inactive,TAX717006,erin04@olson-calhoun.com,883.495.0278,2022-03-15,2022-10-08,56
2699,"Escobar, Harris and Lowe",Japan,Connecticut,Robinbury,Finance,Active,TAX740231,julia03@franco.com,841-920-1190,2021-12-04,2022-05-25,21
2700,Hall-Butler,United States,Massachusetts,Lake Joe,Manufacturing,Inactive,TAX994643,sara76@wilson.net,001-749-473-8400x8110,2021-06-19,2021-08-09,11
2701,Jackson Inc,India,Texas,Hendersonchester,Retail,Active,TAX257334,smills@austin.biz,953-838-3733x1074,2024-01-12,2024-08-18,64
2702,Duke Inc,Japan,Arizona,Wallaceborough,Retail,Prospect,TAX259265,john96@miller-mckee.com,(975)479-8802,2021-04-16,2021-04-17,61
2703,Mendez Ltd,India,Illinois,Frankstad,Software,Inactive,TAX984557,moorestephanie@chavez.biz,900.247.5870x1280,2023-01-22,2024-01-04,46
2704,Hill Inc,United States,Montana,New Robert,Semiconductors,Active,TAX273247,davisalyssa@garcia.com,001-627-380-0560x88638,2022-09-27,2023-03-15,13
2705,"Haley, Taylor and Stephens",India,Connecticut,Joseport,Manufacturing,Active,TAX141433,uoliver@simpson-jackson.com,+1-518-739-5768x53893,2024-06-12,2024-06-12,25
2706,Martinez-Adams,Germany,Rhode Island,Christopherside,Healthcare,Inactive,TAX212762,iyoung@aguilar.org,001-885-268-7967x37995,2022-07-02,2023-05-01,38
2707,"Bender, Morris and Watts",United States,Texas,Kimberg,Manufacturing,Active,TAX972207,pinedamelissa@andersen.com,478.864.8010x51184,2024-06-08,2024-10-31,18
2708,Martinez-Smith,India,Georgia,West Amandamouth,Manufacturing,Inactive,TAX265039,cynthia88@dominguez.com,(262)873-8276,2024-08-10,2024-12-31,66
2709,"Neal, Johnson and Thomas",India,Alabama,Port Elizabethburgh,Manufacturing,Active,TAX822502,gbonilla@farley.org,860-769-9323x23673,2022-08-05,2022-08-21,51
2710,"Scott, Crane and Williams",Japan,Wisconsin,Lewisland,Retail,Active,TAX828664,carrilloandrew@thomas.biz,417.941.9938,2023-08-27,2024-04-14,46
2711,Walker LLC,Canada,Alaska,Amberbury,Finance,Inactive,TAX785233,kelly92@casey.biz,(242)999-6639,2024-12-16,2024-12-31,54
2712,Anderson-Cruz,Japan,Indiana,New Sara,Software,Inactive,TAX798619,thompsonallison@smith.info,5605931417,2022-10-31,2023-02-15,31
2713,Rodriguez-Young,United States,Indiana,New Christopher,Retail,Active,TAX138585,matthew49@bell-miller.com,(238)858-9725,2021-06-12,2021-07-12,76
2714,Dawson-Walker,Japan,Florida,South Lisa,Software,Active,TAX570726,rileynicole@allen.com,439-801-5339x5833,2021-09-16,2021-12-01,10
2715,Williams-Austin,India,Delaware,New Chad,Finance,Prospect,TAX435492,denise89@fields.com,+1-803-200-6799x134,2024-04-01,2024-08-01,62
2716,Burton-Johnson,United States,Minnesota,Brownville,Semiconductors,Prospect,TAX800731,eskinner@cuevas.com,940.768.8772,2024-10-07,2024-12-31,76
2717,"Gonzalez, Butler and Dunn",India,Vermont,Zimmermanmouth,Retail,Active,TAX596215,mandyevans@garcia.net,+1-531-669-8237x995,2024-09-05,2024-09-22,47
2718,Frazier Inc,India,Michigan,Sullivantown,Software,Inactive,TAX169264,wwalker@foster.biz,(229)680-5303x610,2021-04-11,2021-04-27,33
2719,"Graham, Chen and Smith",India,Washington,Danieltown,Healthcare,Inactive,TAX790308,nolanjennifer@smith-weber.net,001-272-764-6271x6752,2023-03-26,2024-03-23,42
2720,"Sanchez, Farmer and Cross",United States,Michigan,Christianfort,Finance,Prospect,TAX841746,jimmysimpson@king.com,(958)691-9959,2023-05-15,2024-04-16,41
2721,Frey-Davis,Canada,Ohio,Rodneystad,Manufacturing,Prospect,TAX292898,vlewis@buchanan.com,(688)389-4897,2021-01-16,2021-04-10,33
2722,"Marks, Snyder and Jordan",United States,Iowa,Dennisside,Healthcare,Inactive,TAX255365,nancyshaw@jennings.com,202.652.0029,2021-03-28,2021-06-07,31
2723,Santiago PLC,United States,Vermont,New Timothyburgh,Healthcare,Inactive,TAX312080,joel67@smith.net,001-350-861-6131x2178,2022-01-05,2022-08-06,5
2724,"White, Henderson and Powell",Germany,North Carolina,Adamsberg,Retail,Inactive,TAX845920,natashawiley@mora.com,346-911-7954x9571,2022-12-04,2023-10-14,48
2725,Phillips LLC,India,Tennessee,Debraland,Semiconductors,Inactive,TAX909047,sarah61@rogers-jones.net,001-731-832-1816x70491,2023-10-24,2024-02-04,28
2726,Smith Inc,India,New York,South Bryan,Retail,Prospect,TAX999441,whunt@fisher.com,+1-464-900-5844x5128,2023-11-01,2024-03-20,68
2727,Howell and Sons,India,Ohio,North Meganchester,Manufacturing,Prospect,TAX742214,lisa97@lambert.com,(359)557-4859,2024-06-07,2024-09-15,56
2728,Herman LLC,Germany,Pennsylvania,East Jonathan,Retail,Active,TAX577052,kimberlyclark@davis.com,(275)968-9292x4768,2024-04-25,2024-12-31,38
2729,Rivera Ltd,United States,Oregon,Kellyland,Healthcare,Active,TAX398304,christopherreese@lopez-jimenez.biz,(613)660-6294,2022-11-13,2022-11-22,53
2730,Burton-White,United States,New York,West Michael,Semiconductors,Inactive,TAX969849,lprice@ferguson.com,+1-248-393-3363x996,2023-05-05,2023-12-28,78
2731,David-Vasquez,United States,Mississippi,Simpsonland,Finance,Prospect,TAX333727,sara45@cox.com,4978741841,2023-07-10,2023-11-22,39
2732,Carson-Nguyen,Japan,Kansas,Derekbury,Semiconductors,Active,TAX800901,dennisford@graves.com,321.986.4532x616,2024-04-01,2024-08-09,51
2733,Armstrong-Walker,India,Virginia,Michaelburgh,Manufacturing,Active,TAX142513,sergioclements@holmes.com,447-200-6887x30296,2022-03-31,2022-11-16,31
2734,Doyle-Holland,India,Iowa,Vincentton,Healthcare,Active,TAX179802,wrussell@berg.com,001-788-626-3109x6872,2022-07-15,2023-04-15,70
2735,Gonzales Ltd,Canada,Kentucky,South Michelleberg,Semiconductors,Prospect,TAX868344,ramirezfrank@davis.com,001-477-642-7894x37887,2024-08-03,2024-12-31,77
2736,Murray PLC,United States,Colorado,Angelfurt,Healthcare,Prospect,TAX323781,marissa58@carey.com,916.747.0594,2023-12-30,2024-12-02,71
2737,Miles Inc,India,New Mexico,East Amanda,Semiconductors,Active,TAX507923,michael88@berry.net,671-208-2281,2024-02-23,2024-08-09,23
2738,Harris PLC,United States,Vermont,Ellisbury,Software,Active,TAX818362,patrickosborne@howard.com,349-808-6781x38231,2023-05-30,2023-07-09,43
2739,"Porter, Dawson and Powers",United States,New Hampshire,Elizabethbury,Healthcare,Active,TAX204291,michaelgray@black.net,(927)506-9777,2021-09-23,2022-02-02,22
2740,Patel LLC,United States,Idaho,Rebeccamouth,Retail,Inactive,TAX535762,iwilliams@reynolds.com,001-446-336-3201x5461,2021-11-28,2022-07-04,27
2741,Simon-Bradford,Germany,Colorado,Lake Hunter,Finance,Active,TAX902257,mrhodes@alvarado.com,+1-494-292-6511x8580,2022-08-15,2023-01-20,70
2742,Banks Inc,United States,Massachusetts,North Elizabeth,Retail,Active,TAX179928,hudsonrobert@collins.com,2182435973,2021-11-15,2022-01-16,1
2743,Flores-Thomas,Canada,Illinois,North Robertmouth,Semiconductors,Inactive,TAX287664,melissa63@vega.com,001-205-736-0656x8154,2021-08-21,2022-04-09,44
2744,"Moore, Cole and Kennedy",India,South Dakota,Andersonberg,Manufacturing,Inactive,TAX635591,jeremyrhodes@kramer.com,(217)232-7430x76674,2021-09-08,2022-05-12,79
2745,Walters Ltd,India,Virginia,Stevenchester,Semiconductors,Inactive,TAX927326,vwillis@lee-armstrong.com,712.840.8476x520,2021-07-08,2022-01-04,23
2746,Lopez LLC,India,Wisconsin,Martinezton,Software,Prospect,TAX362433,teresamcneil@rose.com,+1-237-210-4582x6096,2021-02-07,2021-12-21,12
2747,"Gibson, Brown and Holt",Canada,Oregon,Rogersberg,Software,Active,TAX458719,lisabryant@gutierrez.info,481-889-3016x3684,2021-11-25,2022-08-19,69
2748,Ho Group,India,Colorado,East Levichester,Retail,Inactive,TAX131236,stephen72@vasquez.net,214-676-2380x267,2022-11-28,2023-06-15,56
2749,Jones-Simmons,India,Utah,Millerchester,Manufacturing,Inactive,TAX322675,charles14@williams-henson.org,001-212-493-6322,2021-12-10,2022-03-17,80
2750,"West, Drake and Smith",United States,California,Port Kenneth,Manufacturing,Prospect,TAX831229,juliewilliams@hamilton.biz,(475)919-6537x6703,2021-05-18,2021-09-11,64
2751,Oliver-Larson,United States,Maryland,New Joel,Healthcare,Inactive,TAX437865,acraig@preston-smith.com,360.314.6715,2024-08-08,2024-12-31,26
2752,"Fernandez, Hoffman and Hawkins",Japan,Virginia,South Brian,Semiconductors,Inactive,TAX297216,judithjackson@wagner.com,674.255.7663,2021-01-08,2021-10-27,46
2753,"Miller, Brandt and Crawford",India,North Carolina,Jennaburgh,Retail,Inactive,TAX780228,lalexander@mckee-hayes.com,(770)719-2467,2022-11-25,2023-06-25,1
2754,Conley-Mccoy,Canada,Indiana,South David,Healthcare,Active,TAX240592,burkeluis@johnson-tran.com,(650)481-7037x61352,2021-07-16,2022-05-16,67
2755,"Donaldson, Patterson and Dyer",United States,Michigan,Port Jacqueline,Semiconductors,Prospect,TAX242365,leonard42@schultz.com,+1-475-439-8792x0148,2023-08-28,2024-05-07,71
2756,Hanna PLC,Canada,Idaho,Ericafurt,Retail,Inactive,TAX225570,umata@gray.com,765-258-6511,2024-07-03,2024-07-19,41
2757,Nguyen LLC,India,Oklahoma,Port Melissaton,Manufacturing,Inactive,TAX407706,perrydestiny@henderson-sutton.info,821.536.0084x3800,2021-03-21,2021-05-14,8
2758,"Lynch, Woodard and Snyder",Canada,Florida,South Brenda,Retail,Active,TAX829711,smitherin@vance.com,001-316-830-9165,2022-06-13,2022-12-24,20
2759,"Williams, Nelson and Olson",India,Connecticut,Jamesfort,Healthcare,Active,TAX656754,smithjared@cole.com,2052550187,2023-01-16,2023-02-23,64
2760,"Nguyen, Lopez and Obrien",India,Kentucky,East David,Finance,Inactive,TAX123836,elizabeth33@lynch-parks.com,(512)543-0258,2021-02-23,2021-07-18,42
2761,"Smith, Ross and Jones",India,Florida,South Patricia,Semiconductors,Active,TAX650454,macdonaldlynn@wolfe.info,+1-830-898-1107x8087,2024-05-19,2024-12-31,13
2762,Rose-Morgan,India,Illinois,Danaborough,Semiconductors,Inactive,TAX905305,michaelparsons@phillips.com,703.236.1363x75060,2022-11-15,2023-04-26,16
2763,Sanchez Ltd,India,Mississippi,Port Laurafurt,Software,Prospect,TAX939250,laurenacosta@hawkins-villanueva.com,(273)462-5303x426,2021-06-11,2021-10-07,7
2764,Houston-Lopez,India,Florida,Smallberg,Manufacturing,Prospect,TAX183532,htaylor@johnson-lopez.com,001-600-297-5110x2939,2024-12-30,2024-12-31,74
2765,"Osborne, Johnston and Bell",Japan,New Jersey,Crystalview,Manufacturing,Inactive,TAX679198,catherine81@brown-walter.com,329.528.4422,2024-09-09,2024-12-31,13
2766,"Carter, Harris and Anderson",Japan,Wyoming,Port Jerry,Semiconductors,Inactive,TAX540581,hensondeborah@dennis-martin.com,(203)402-9309x5872,2021-07-10,2022-06-11,43
2767,Carrillo LLC,India,Georgia,North Maryburgh,Semiconductors,Active,TAX172087,michael93@dixon.com,(723)514-3874x43730,2021-07-13,2022-05-10,1
2768,Gilbert-Anderson,India,New York,Youngton,Healthcare,Active,TAX592016,oreyes@lopez.org,267.548.8139x142,2023-01-10,2023-08-05,70
2769,Cox-Long,India,Maryland,Port Kyleland,Software,Prospect,TAX688450,anthony39@hoffman.org,(733)871-8942x840,2022-05-23,2022-07-03,43
2770,"Walker, Smith and Hopkins",India,Wyoming,Edgarberg,Retail,Prospect,TAX834734,williamsjustin@powell.com,001-315-959-6487x032,2021-08-01,2022-06-19,3
2771,Allen LLC,United States,Washington,Lake Elizabethside,Retail,Prospect,TAX232814,fred35@baker.biz,001-580-868-1356,2021-12-13,2022-11-27,66
2772,Thomas Ltd,India,Maine,Townsendchester,Healthcare,Active,TAX814511,michael15@henry.com,751-672-7484x79270,2023-12-08,2024-04-25,74
2773,Gray-Cole,Germany,Massachusetts,South Brian,Software,Inactive,TAX674162,sheryl70@cummings-burns.com,+1-312-260-2870x071,2022-05-03,2022-06-02,56
2774,Dunlap-Romero,India,Wisconsin,Port James,Retail,Inactive,TAX301821,emily86@howell.com,6888148489,2023-12-17,2024-05-14,45
2775,"Mcmillan, Murphy and Jones",India,California,West Wanda,Manufacturing,Inactive,TAX706424,tamarageorge@coleman.com,382.817.2952,2022-08-13,2022-12-28,32
2776,Ramos-Horn,United States,Indiana,Webbchester,Semiconductors,Prospect,TAX540636,xjenkins@roberts.info,+1-978-455-9711,2022-06-07,2023-05-04,78
2777,Baldwin-Hurst,United States,North Dakota,Smithchester,Semiconductors,Inactive,TAX719433,jeffsoto@green-wallace.biz,001-673-226-8136x15936,2022-01-27,2022-06-05,17
2778,Holt-Anderson,United States,Vermont,Lake Amanda,Retail,Prospect,TAX225805,olsoncrystal@travis.com,001-341-632-4591x2314,2024-10-06,2024-12-31,17
2779,Miller LLC,Germany,North Dakota,West Melissa,Software,Active,TAX881063,susan51@robinson-robinson.com,(500)686-9920x510,2021-04-06,2021-05-12,51
2780,"Parsons, Ward and Turner",India,South Carolina,Lake Veronica,Software,Inactive,TAX218083,justincampbell@wright.com,406.507.7149x764,2024-03-22,2024-03-23,27
2781,Cuevas-Rodriguez,Germany,Tennessee,East Kimberlyberg,Retail,Active,TAX533435,glen34@mayo.info,001-621-717-0052,2021-08-08,2022-01-29,27
2782,"Long, Howell and Davis",United States,Wisconsin,Jeffersonfort,Software,Prospect,TAX779438,maryhart@roberts.com,+1-994-831-5211x9971,2021-09-10,2022-03-17,42
2783,"White, English and Stanton",Canada,Vermont,West Rickchester,Healthcare,Prospect,TAX644070,qnelson@reid-morgan.com,656-496-0628x5367,2024-10-25,2024-12-31,57
2784,"Soto, Jones and Bolton",United States,New Mexico,Port Kathyborough,Retail,Active,TAX316826,xhall@lee-wilson.com,912-570-6454,2023-03-09,2023-09-05,25
2785,"Reese, Knight and Smith",Japan,Pennsylvania,Lawsonland,Retail,Active,TAX613711,allenjessica@poole.org,861-985-0297,2023-09-29,2024-02-16,56
2786,Deleon LLC,India,Maine,New Jasontown,Semiconductors,Inactive,TAX586101,timothy61@rivers-reyes.com,(700)354-2863x5740,2021-11-21,2021-12-22,8
2787,Parker-Phillips,Germany,California,Port Alison,Manufacturing,Inactive,TAX313741,lesliebanks@sanchez.biz,973.238.0617,2023-04-27,2023-06-22,37
2788,Rosales-Clark,India,Vermont,North Alexborough,Finance,Active,TAX546853,smithsherry@mclaughlin.biz,840-248-6871,2021-01-29,2021-09-28,68
2789,Ayers-Allen,India,Iowa,Port Daniel,Healthcare,Inactive,TAX417923,brianhowell@ramirez.net,+1-521-568-5098x947,2024-08-12,2024-12-04,58
2790,"Cruz, Bonilla and Strong",India,Rhode Island,Lake Whitneyville,Finance,Inactive,TAX509568,austinaustin@meyer.com,+1-238-722-3537x55727,2022-07-07,2022-09-27,62
2791,"Anderson, Little and Johnson",India,California,Hernandezchester,Software,Active,TAX918946,xward@crawford-tucker.info,+1-587-913-0848,2022-04-26,2023-03-22,63
2792,Smith Inc,India,Montana,Lewismouth,Manufacturing,Prospect,TAX773068,iromero@gomez-collins.org,001-336-670-6197x50038,2021-10-24,2021-12-19,35
2793,"Brown, Harris and Grant",Germany,Alabama,West Melissaland,Manufacturing,Inactive,TAX823420,tamara00@steele-clark.com,685-584-2556x1417,2021-07-22,2021-12-08,67
2794,Price-Garcia,Germany,North Dakota,East Kimberly,Retail,Inactive,TAX121285,gshelton@sheppard.org,(735)224-6936x042,2021-05-09,2022-02-23,14
2795,Figueroa-Becker,India,Virginia,North Christinabury,Finance,Inactive,TAX949042,jessica89@miller.com,001-724-345-7434x259,2022-05-16,2023-04-23,72
2796,Everett PLC,Japan,Montana,Douglasbury,Manufacturing,Prospect,TAX291834,dakotawilliams@ryan.com,(310)507-3590,2024-07-09,2024-12-31,68
2797,Oconnor Ltd,India,Minnesota,Johnsonport,Semiconductors,Inactive,TAX905823,lauren14@thomas.com,(959)558-8855,2024-11-13,2024-12-31,54
2798,"Mathis, Jacobs and Adams",United States,South Dakota,Smithstad,Semiconductors,Inactive,TAX302814,bradley62@sparks-matthews.com,435-239-5956x917,2022-01-19,2022-03-15,40
2799,Brown-Graham,Germany,New York,South James,Healthcare,Inactive,TAX829837,rachelwilliams@kline-white.info,974.281.1844,2022-07-11,2023-05-07,26
2800,Hernandez-Garcia,United States,Maine,Brenttown,Retail,Prospect,TAX692671,horngary@hickman-bryant.com,273-713-0220x37354,2024-03-01,2024-08-30,13
2801,"Hall, Parks and King",India,Alabama,South Joshuamouth,Manufacturing,Active,TAX356779,elizabeth60@english.org,+1-665-885-1021,2022-10-28,2022-11-20,44
2802,Green-Barry,India,Oregon,East Tammy,Software,Prospect,TAX449625,morganjohnson@villa-jones.com,+1-650-919-1779x87950,2023-10-07,2024-01-31,56
2803,"Haynes, Smith and Riddle",Canada,Idaho,West Lisa,Semiconductors,Prospect,TAX179973,jonesshannon@cook-jones.com,+1-290-692-3936,2021-07-31,2022-05-16,18
2804,"Ramirez, Smith and Kaufman",India,Wisconsin,South Ryanstad,Semiconductors,Active,TAX589771,ujensen@kennedy.net,311.925.9822,2023-04-25,2024-01-23,10
2805,Rodriguez and Sons,India,Utah,Gabrielleview,Manufacturing,Inactive,TAX853329,chad96@lewis.com,408-949-7853x150,2021-10-05,2022-01-26,28
2806,"Carter, Hart and Pace",India,Virginia,Port Annafurt,Semiconductors,Active,TAX368914,joshua94@johnson.com,(779)258-6072,2021-01-24,2021-11-20,53
2807,"Lee, Fields and Wade",India,Iowa,East Brentchester,Finance,Prospect,TAX717219,laurensmith@floyd.com,428-813-4978x57523,2023-07-11,2023-10-26,12
2808,Miller-Johnson,India,Oklahoma,North David,Software,Prospect,TAX224548,wthompson@bauer-williams.com,(451)830-9996x294,2021-07-11,2021-11-16,77
2809,Day-Jimenez,United States,New York,South Andrewport,Retail,Active,TAX146316,nicholas15@rivera-washington.com,(616)391-9575,2023-09-02,2024-08-19,36
2810,"Bradley, Smith and Morris",United States,Oregon,South Marcofort,Retail,Prospect,TAX864060,chelseaturner@mendez.biz,218-270-0749,2021-01-14,2021-09-21,28
2811,Davis-Williams,Germany,Arizona,North Nathaniel,Finance,Active,TAX193019,dmccullough@lopez-riggs.biz,959.824.4450,2023-10-29,2024-08-22,30
2812,Parker-Rice,Canada,North Carolina,Port Levistad,Finance,Active,TAX547852,cindyrichards@raymond-dunlap.com,925-580-7422x1203,2024-11-27,2024-12-31,46
2813,Smith-Rodriguez,Germany,Massachusetts,East Gregory,Manufacturing,Prospect,TAX272275,kathleenrodriguez@anderson-whitehead.com,001-617-893-9538x43071,2021-02-25,2021-04-15,74
2814,Smith-Johnson,India,Virginia,Danielview,Finance,Active,TAX280426,valdezjeffery@baird.org,360.357.2073,2021-11-18,2022-03-17,6
2815,Monroe-Gill,Germany,Nebraska,Atkinschester,Software,Active,TAX307245,sarahshaw@howard-anderson.com,9166180303,2021-09-29,2022-02-27,59
2816,Sanders Ltd,India,Maine,Lake Michaelfort,Healthcare,Active,TAX748697,nathan56@meyer.org,001-318-912-8091,2021-10-03,2021-10-19,16
2817,Wolfe-Miller,Germany,Vermont,Port Tony,Retail,Active,TAX484452,bryantmatthew@stone-blevins.net,766.812.1774x441,2024-07-08,2024-12-08,56
2818,Cole-Lewis,India,New Mexico,Virginiahaven,Semiconductors,Active,TAX596741,kellypatel@thomas.com,401.829.5584x45735,2023-02-14,2023-02-17,22
2819,Johnson-West,India,Vermont,Melissashire,Manufacturing,Active,TAX817686,gonzalezbob@livingston-watson.info,504-456-4543x1290,2023-05-11,2023-07-05,11
2820,Flores-Hernandez,Germany,Pennsylvania,Shannonshire,Software,Active,TAX261207,richardwalker@johnson-pena.com,+1-351-713-9122x276,2023-05-01,2023-06-25,56
2821,"Scott, Hernandez and Wolfe",India,Colorado,Steeleburgh,Software,Inactive,TAX848365,johncastro@lewis.com,(997)357-0340,2023-12-02,2024-12-01,72
2822,"Blevins, Nichols and Adams",Japan,Ohio,Kylefurt,Manufacturing,Prospect,TAX714067,daniellegonzales@adams.net,631.878.5297x642,2022-11-07,2023-06-26,21
2823,"Stewart, Garza and Powell",Japan,New York,Ginafurt,Manufacturing,Prospect,TAX792601,shannondawson@sandoval.com,391.361.0281,2024-03-07,2024-06-25,58
2824,Burns LLC,United States,Alaska,Jenniferfort,Manufacturing,Inactive,TAX392736,thall@williams.info,001-802-407-3970x1631,2022-10-09,2023-02-19,78
2825,"Stewart, Dougherty and Ellison",India,New Hampshire,Rodriguezfurt,Retail,Active,TAX305803,vhamilton@jones-powell.com,(248)658-8844x4245,2023-04-12,2023-09-10,49
2826,"Jensen, Hunter and Powell",Germany,Minnesota,New Rodney,Healthcare,Active,TAX709644,leslie26@wilkerson-snyder.biz,(373)315-5254x17832,2021-08-25,2022-08-15,17
2827,James PLC,Canada,Connecticut,Holmestown,Software,Prospect,TAX834285,ulewis@lowe.info,610.445.6882x6342,2023-12-29,2024-02-24,72
2828,Ward and Sons,United States,North Dakota,Smithtown,Retail,Prospect,TAX847056,derek13@white-mccall.com,686-418-2114x08487,2021-10-04,2021-10-31,67
2829,Wilson-Chen,India,Maryland,Wilsonburgh,Software,Active,TAX352164,tatenicholas@kennedy.com,820.706.1193,2021-04-14,2021-12-30,78
2830,Austin Ltd,United States,New Mexico,Tinaside,Semiconductors,Active,TAX665185,jacksonjennifer@reid.com,558.645.9638,2024-02-06,2024-03-19,44
2831,Brown-Roberts,United States,California,Adkinshaven,Semiconductors,Inactive,TAX373825,stewartmarcus@lee.biz,001-804-775-1042x42584,2022-11-12,2023-08-20,18
2832,"Valentine, Perkins and Gonzalez",Japan,Michigan,Davischester,Semiconductors,Inactive,TAX614335,james49@bauer.com,001-977-327-9728x0927,2022-02-25,2022-05-07,29
2833,Smith-Johnson,United States,Utah,Lauraview,Semiconductors,Prospect,TAX255002,rosecarolyn@blevins.biz,488-357-5245,2024-07-03,2024-12-31,10
2834,Carter-Martin,United States,Arizona,North Jillton,Retail,Prospect,TAX184050,kimdecker@nguyen.com,(511)521-5946,2022-10-22,2023-06-14,22
2835,Hart Ltd,United States,New Mexico,Dylanchester,Finance,Active,TAX134714,garciatanner@howell-williams.com,837.701.9363,2021-01-24,2021-02-06,4
2836,Stafford Ltd,Japan,Indiana,Kingburgh,Retail,Active,TAX187696,kmarquez@cooper.com,(419)709-2671,2022-10-23,2023-01-15,75
2837,"Bowers, Stafford and Smith",India,New York,Patrickhaven,Retail,Active,TAX604134,lisajohnson@rivera.biz,7078974076,2021-07-21,2022-03-02,69
2838,Green-Avila,United States,Vermont,West Laura,Semiconductors,Prospect,TAX884829,johnpatel@james.com,7225097646,2024-05-23,2024-06-05,20
2839,Erickson Group,Canada,Texas,Haileymouth,Finance,Inactive,TAX804830,qanderson@wells.com,+1-812-783-4370x37526,2021-08-24,2022-05-09,38
2840,Kelly-Case,Germany,California,Dayville,Finance,Active,TAX189171,christyjames@hall.com,(439)784-8117x2251,2024-01-23,2024-04-07,77
2841,Torres-Wilson,United States,Minnesota,East Kyle,Manufacturing,Inactive,TAX401134,walshmelissa@palmer.com,(242)906-0993x960,2023-10-03,2024-06-26,10
2842,"Armstrong, Scott and Saunders",India,Indiana,Kaylatown,Finance,Prospect,TAX751852,fgarcia@white-harris.net,(807)751-1348,2021-03-28,2021-09-04,49
2843,Garza-Mccarthy,United States,Oklahoma,North Johnton,Manufacturing,Inactive,TAX590012,franksmith@walker-moore.com,695-243-1246x74009,2021-02-23,2021-03-17,77
2844,Sanchez-Dunn,India,Maine,North Brandyhaven,Retail,Inactive,TAX357543,orobbins@jacobson-wiley.biz,001-534-705-1300x572,2023-02-13,2023-08-08,44
2845,Lopez PLC,India,Delaware,East Jeffrey,Retail,Prospect,TAX388441,ortizdavid@harper.biz,001-781-475-4814x4233,2023-12-22,2024-03-07,52
2846,"Garcia, Sullivan and Taylor",India,Texas,West Nicole,Semiconductors,Active,TAX533032,zparker@raymond.info,785-951-3703,2021-11-02,2022-03-19,66
2847,"Bryant, Davenport and Lucero",India,Alaska,Hunterport,Finance,Inactive,TAX793448,ellisvalerie@williamson-patton.org,001-236-593-9499x57202,2021-04-11,2021-10-15,40
2848,Martin-Brown,Japan,Ohio,North Mariahview,Manufacturing,Inactive,TAX865040,frice@stephenson.com,513.786.3492,2021-03-27,2022-01-03,6
2849,"Nunez, Wang and Garner",United States,Rhode Island,South Julie,Semiconductors,Inactive,TAX318016,williamsjoshua@sanders-shaffer.net,810-430-1640x40397,2022-05-08,2022-12-04,78
2850,Rodriguez PLC,Japan,Alaska,Austinview,Manufacturing,Inactive,TAX748115,megangordon@rodriguez.net,(619)691-2062,2022-12-29,2023-01-06,80
2851,Rice Inc,Germany,California,Deleonport,Manufacturing,Active,TAX231875,morganterri@salazar.com,(381)613-4315x3293,2021-05-13,2021-06-13,35
2852,"Hall, Anderson and Moss",Japan,Tennessee,Port Eric,Semiconductors,Inactive,TAX365095,janet63@vance-mendoza.com,001-962-547-1939x16527,2023-12-19,2024-02-20,72
2853,Stephens Ltd,Canada,Florida,Nataliebury,Retail,Active,TAX374315,wmitchell@smith.com,+1-954-706-4676x51727,2024-07-05,2024-11-14,23
2854,Moore Inc,United States,Florida,Lake Patrick,Healthcare,Inactive,TAX361111,ryan41@willis-smith.com,001-459-503-8240x3092,2023-11-23,2024-03-01,49
2855,Harris-Nelson,Germany,Maryland,Patrickborough,Software,Prospect,TAX779207,watkinsmegan@williams.com,001-949-340-6644x6515,2021-05-12,2021-12-02,35
2856,Alvarado-Hernandez,India,Iowa,North Tracihaven,Retail,Active,TAX248374,shelbyramirez@martinez.com,607-242-9828x03794,2024-11-27,2024-12-31,80
2857,Smith Inc,United States,Michigan,Morenoshire,Retail,Active,TAX647066,dwells@mays.biz,496-844-2216x968,2024-03-16,2024-12-31,40
2858,"Tucker, Pacheco and Choi",United States,Pennsylvania,Port Kelly,Software,Active,TAX354506,christine35@martinez-trujillo.com,001-915-726-0579x4815,2023-05-10,2023-07-15,48
2859,"Wilson, Johnson and Jones",Germany,Mississippi,Kylestad,Manufacturing,Inactive,TAX324263,whitetraci@young-gregory.net,880-302-0328x707,2021-08-02,2022-01-07,33
2860,Rose-Sawyer,India,Kansas,Lake Nicole,Semiconductors,Inactive,TAX405791,nathanbrown@garcia.info,322.922.3260,2024-07-17,2024-12-31,21
2861,Mitchell-Long,India,Washington,East Bruce,Finance,Inactive,TAX144374,tayloredward@tran-valdez.com,001-561-284-5672x7857,2022-01-18,2022-08-12,30
2862,Mann Ltd,Germany,Indiana,Angelafort,Finance,Inactive,TAX669868,zmiller@hall-newman.com,+1-221-537-0183x274,2024-10-31,2024-12-31,38
2863,Kim LLC,India,South Dakota,Yatesbury,Retail,Active,TAX801145,christopher81@oneill-griffin.biz,+1-351-650-2186x45982,2021-06-23,2022-02-18,49
2864,Diaz Group,India,Nebraska,New Ricky,Finance,Inactive,TAX637898,dunnkevin@mccoy.com,725.535.5599,2024-03-25,2024-12-21,65
2865,"Cole, Smith and Stephenson",Canada,Virginia,Lisatown,Semiconductors,Active,TAX866278,fieldsjeanette@horn-smith.com,(959)373-9670,2021-08-12,2022-02-16,31
2866,Price Inc,United States,Connecticut,Lake Jessetown,Manufacturing,Prospect,TAX287123,derekclark@moore.com,001-674-353-6560x267,2022-07-19,2023-01-04,18
2867,Miller Group,United States,Iowa,West Leon,Retail,Active,TAX806402,kgillespie@barr.info,(848)243-9609,2024-11-10,2024-12-31,5
2868,Aguilar-Carpenter,India,Colorado,West Stephaniestad,Retail,Active,TAX994399,figueroachad@zuniga.com,(553)759-8515x32092,2022-08-20,2022-12-20,27
2869,Nelson Ltd,Canada,Louisiana,Albertland,Software,Inactive,TAX303768,stephanie28@brown.com,661.457.7993x24696,2023-12-14,2024-04-23,76
2870,"Gillespie, Hamilton and Saunders",India,South Carolina,Hicksville,Retail,Active,TAX513893,jenniferbennett@austin.com,364.524.9442x828,2022-03-31,2022-06-11,14
2871,Rogers Inc,India,Hawaii,Fosterland,Retail,Prospect,TAX576833,lwong@moore-ellis.com,436-490-8660,2023-12-14,2024-08-08,16
2872,"Morales, Jones and Kelly",United States,Arkansas,Lake Henryton,Manufacturing,Active,TAX352807,tiffany03@pollard-davis.info,(209)671-3777x93864,2024-04-30,2024-06-15,26
2873,Nicholson-Nelson,United States,Georgia,Lake Amychester,Software,Inactive,TAX775312,fle@schmidt.com,701.522.6941,2022-10-24,2023-02-16,6
2874,"Morris, Hess and Martinez",Japan,New Mexico,Lake Susanstad,Semiconductors,Prospect,TAX180573,oliverlori@brown.com,001-559-532-2408x4074,2021-06-21,2022-04-30,65
2875,Beasley-Russell,United States,Kansas,West Deborah,Finance,Inactive,TAX199937,williamhill@taylor.com,322.376.0392,2023-08-04,2024-04-16,53
2876,Marsh-Mason,Germany,Arizona,Scottborough,Retail,Prospect,TAX108789,kristy12@perkins.com,705.283.0976x90463,2021-01-22,2021-04-26,27
2877,Wells-Mullen,Japan,Connecticut,Pamelabury,Semiconductors,Prospect,TAX211931,pstevens@bell.com,+1-609-653-3243x3506,2022-11-17,2023-06-17,15
2878,Robinson PLC,United States,South Carolina,East Marioview,Manufacturing,Prospect,TAX113757,qadkins@kennedy.com,(864)748-5678x6892,2022-05-16,2023-05-03,49
2879,"Stewart, Hernandez and Wang",India,Arkansas,North Allisonborough,Retail,Prospect,TAX621511,obrown@crawford.com,345-665-1541x42386,2022-06-25,2022-11-17,77
2880,Smith-Torres,India,Iowa,East Lauren,Retail,Inactive,TAX103223,adamsarthur@smith.com,(304)242-8164x580,2024-06-25,2024-12-31,28
2881,"Gross, Graves and Stout",India,Minnesota,New Travisberg,Manufacturing,Inactive,TAX240431,tlee@howard-butler.net,(747)968-2584,2021-04-29,2021-06-07,40
2882,Hernandez LLC,United States,Arizona,Lake Christophertown,Semiconductors,Prospect,TAX770342,brightronnie@craig-graham.info,761.792.0297x6377,2024-03-23,2024-08-16,14
2883,Alvarado-Ramos,United States,Maryland,North Erin,Software,Active,TAX516286,melissawhitney@hobbs-davis.com,(935)522-9386x291,2023-12-22,2024-08-22,44
2884,"Harmon, Cohen and Owens",Japan,Rhode Island,Lake Shawn,Manufacturing,Active,TAX893269,timothyhanna@miller.net,001-762-607-1389x4778,2023-04-15,2023-07-23,22
2885,"Walters, Wallace and Green",Japan,Minnesota,New Jason,Software,Active,TAX736032,garciastephanie@evans-russell.com,+1-685-206-9672x0647,2024-05-17,2024-12-31,19
2886,"Peterson, Erickson and Walker",India,Massachusetts,North Rachelchester,Healthcare,Inactive,TAX451473,morristracy@ramirez.net,712.837.2873x576,2022-11-23,2023-06-25,10
2887,Hernandez-Gutierrez,India,Indiana,New Lawrencefort,Semiconductors,Prospect,TAX882254,crawfordsamuel@koch-davis.net,(274)648-9961x51600,2022-08-26,2022-10-31,67
2888,Vaughan-Cox,United States,Ohio,Port Matthew,Retail,Active,TAX969880,smithrobert@johnson-glass.info,+1-760-434-5300x7341,2023-01-22,2023-12-10,3
2889,Hill-Beck,Germany,West Virginia,East Amandabury,Finance,Active,TAX616293,susanlynch@allen-hurley.com,380-487-5374,2023-03-21,2023-10-26,56
2890,"Butler, Johnson and Martin",Canada,Nevada,Adamshaven,Retail,Active,TAX644566,hjones@reid.com,(524)888-7820x2825,2024-11-21,2024-12-31,15
2891,Pope-Hernandez,Germany,Alaska,Jaimeside,Healthcare,Active,TAX144206,meghan03@thompson.com,(271)661-9546x723,2022-01-31,2022-02-28,67
2892,Rodriguez-Richardson,Japan,Arizona,Jonesland,Finance,Inactive,TAX517155,wesleygonzalez@santiago.com,276-858-4885x4762,2024-05-29,2024-07-13,4
2893,"Petersen, Mann and Knapp",India,Wyoming,Michaelborough,Retail,Inactive,TAX176209,rsmith@rodriguez.info,(717)343-2641x7225,2022-10-19,2023-02-04,13
2894,Bailey-Lamb,Canada,North Carolina,Andrewside,Software,Inactive,TAX457075,brendahudson@carr.com,2269390019,2022-12-30,2023-01-25,56
2895,"Hall, Herring and Hoffman",United States,Oklahoma,West Aaron,Software,Inactive,TAX699828,carolynhenderson@chavez.com,+1-272-797-0345,2021-08-11,2022-04-16,63
2896,"Bautista, Hubbard and Gordon",United States,Hawaii,East Johnfurt,Manufacturing,Prospect,TAX249522,courtney39@wolf.com,477-598-3042x14538,2024-06-26,2024-10-11,68
2897,Jackson and Sons,Japan,Virginia,North Meganborough,Finance,Prospect,TAX142301,osnow@hampton.com,356.611.9436,2021-08-26,2021-12-27,39
2898,Cervantes-Hughes,Japan,Pennsylvania,Grantberg,Semiconductors,Prospect,TAX569164,michaelduffy@estes.com,946-390-4883x5634,2022-02-02,2022-07-27,39
2899,Tran-Rose,India,Connecticut,Elliston,Retail,Prospect,TAX872442,zfritz@green-foster.com,9239564140,2023-12-19,2024-02-26,53
2900,Larsen and Sons,India,Colorado,West Kylemouth,Software,Prospect,TAX492484,leecraig@mckinney.info,001-799-722-9108x077,2024-06-12,2024-08-14,7
2901,"Pham, Burton and Miller",India,South Carolina,New Brianna,Finance,Inactive,TAX824679,davidheath@osborn-lutz.biz,8386347862,2024-11-22,2024-12-01,78
2902,Hartman-Griffith,Japan,Delaware,Deniseton,Manufacturing,Inactive,TAX691881,patelandrew@young.org,8789611407,2024-04-04,2024-12-31,9
2903,Hall Ltd,Japan,New Jersey,North Williamfurt,Finance,Prospect,TAX290608,timothyevans@gibbs-brooks.com,+1-550-774-7621x98938,2021-02-02,2022-02-02,58
2904,"Perez, Jones and Hunter",Canada,Kentucky,Brownland,Manufacturing,Active,TAX522424,michaelmurphy@ellis.com,001-303-242-8756x731,2024-05-09,2024-12-31,74
2905,Marshall Group,United States,Alabama,South Cheryl,Retail,Inactive,TAX903868,wendyjones@johnson-harvey.com,(591)603-9348x1003,2024-07-02,2024-12-31,49
2906,"Peterson, Mack and Lopez",Japan,South Dakota,Collinsberg,Retail,Inactive,TAX970613,christophercox@mason.info,001-291-836-7895x37928,2024-02-06,2024-12-30,78
2907,Montgomery Group,Germany,Texas,West Alexa,Retail,Prospect,TAX808741,oshepherd@austin.com,515-682-5084,2024-10-21,2024-12-31,12
2908,"White, Hensley and Wilson",Japan,Hawaii,Lake Amyburgh,Finance,Active,TAX661265,brendagreen@beard-mcdonald.com,633-521-2595x4324,2023-01-20,2023-11-12,50
2909,"Lynch, Thompson and Hays",United States,North Carolina,Port Angeltown,Manufacturing,Active,TAX254069,jessica08@stevenson.com,536.793.5107,2022-11-08,2023-08-24,14
2910,Stewart and Sons,India,Maine,West Roger,Manufacturing,Inactive,TAX697144,charles40@turner.com,(837)580-1871x51300,2024-06-21,2024-09-28,23
2911,Johnson-Barnes,Japan,Connecticut,Lake Sara,Semiconductors,Active,TAX979950,nicholashernandez@gallagher.com,+1-415-579-7764,2022-04-02,2022-08-30,19
2912,Moreno-Shaw,Germany,Arizona,Sloantown,Healthcare,Inactive,TAX691307,steven52@avila.com,250.312.3290,2024-02-21,2024-03-20,53
2913,Thornton LLC,United States,South Carolina,West Daniel,Semiconductors,Prospect,TAX595952,gina22@glenn.com,710-288-0989,2021-11-14,2022-06-05,16
2914,Russell-Watson,United States,Virginia,West Randall,Healthcare,Active,TAX773118,pagemichelle@kelley.com,+1-952-286-0689x21744,2023-06-25,2023-09-22,28
2915,King-Barnett,India,Michigan,East Kenneth,Retail,Active,TAX645252,donna89@ross-perez.com,(300)776-9416x5870,2024-05-27,2024-09-16,42
2916,Howe LLC,United States,Arkansas,Sanchezmouth,Manufacturing,Inactive,TAX781773,daniel67@duke.com,767-259-8186x32433,2022-05-15,2023-02-05,18
2917,"Noble, Petty and Davis",United States,Delaware,South Jordan,Manufacturing,Active,TAX976579,reyesrobert@moreno.com,(760)859-9932x19746,2022-08-07,2022-08-08,45
2918,Stanton PLC,Canada,Georgia,Robertton,Retail,Active,TAX249376,kiarawallace@davis-hale.info,001-968-613-8910x208,2024-11-24,2024-12-31,79
2919,Thompson PLC,United States,Pennsylvania,Port Robert,Semiconductors,Prospect,TAX943668,williamselizabeth@brown.net,478-282-5842x20865,2021-10-29,2022-05-24,76
2920,Jimenez-Conley,Germany,Missouri,East Michaelchester,Manufacturing,Prospect,TAX253734,thomasromero@davis.biz,001-709-772-7328,2023-06-09,2024-05-12,35
2921,Fischer-Lawrence,India,New Mexico,Angelaview,Manufacturing,Inactive,TAX700743,boydfrederick@warren.org,827.926.0657x68299,2023-02-14,2023-08-09,53
2922,Mills LLC,United States,Connecticut,Masonfurt,Software,Active,TAX689083,bakeralison@dixon-carlson.com,001-686-372-4195,2023-09-14,2024-04-19,13
2923,"Cox, Jones and Graham",United States,Montana,Fordburgh,Retail,Active,TAX903724,michaelpatterson@cook-rogers.com,765-599-8314x309,2022-01-25,2022-10-22,41
2924,Garcia PLC,United States,Kansas,Port Deborahstad,Semiconductors,Inactive,TAX984272,brandonortega@house.net,338.980.6719,2022-01-29,2022-06-14,52
2925,Thompson-Duffy,United States,North Carolina,Hansonmouth,Software,Prospect,TAX934963,egray@wall.com,001-624-909-7586x1393,2022-09-29,2023-06-16,35
2926,Wade-Carpenter,United States,Arizona,West Kevinland,Semiconductors,Active,TAX972970,cynthia06@lee.org,943.563.4861x56588,2021-12-03,2022-08-04,29
2927,Underwood-Mccullough,India,Kentucky,Jacobsbury,Retail,Prospect,TAX555342,charles70@boyd-johnson.com,8142118260,2024-05-14,2024-11-30,50
2928,Rose-Mcfarland,India,Washington,South Christinechester,Semiconductors,Active,TAX974208,mary67@ayala.info,820-250-0800x0182,2023-03-04,2023-11-16,26
2929,"Ross, Brown and Wilson",India,South Carolina,Port Patrickside,Retail,Active,TAX953869,vandrade@obrien.com,726.263.4564,2024-06-07,2024-11-25,4
2930,"Garrett, Schroeder and Warner",India,Pennsylvania,Lindastad,Semiconductors,Inactive,TAX653451,davidjackson@weber.com,7768435932,2021-04-25,2022-03-04,36
2931,Mclean PLC,India,Illinois,Williamsmouth,Retail,Prospect,TAX176716,eskinner@collins-fowler.biz,(914)359-8484,2022-10-21,2022-11-17,59
2932,Davidson-Lucas,United States,Vermont,South Tamara,Software,Prospect,TAX647155,snydermarc@downs.net,001-214-315-5014x57004,2022-02-06,2022-12-01,57
2933,Good-Davidson,United States,New Jersey,Brendaland,Retail,Active,TAX152742,walshalison@lyons-perez.net,739.655.7016x01619,2023-01-25,2023-05-17,36
2934,Bailey and Sons,India,Massachusetts,Port Michael,Healthcare,Inactive,TAX564199,tsmith@johnson.biz,(799)495-4408x099,2024-05-11,2024-10-02,51
2935,"Alvarado, Taylor and Wilson",India,Michigan,Meredithshire,Retail,Inactive,TAX246518,alopez@young.info,(751)588-3389,2023-04-06,2023-11-02,17
2936,Montoya-Joyce,United States,Arizona,Port Paul,Finance,Active,TAX682446,oroberts@phillips-watkins.info,4754545388,2021-07-08,2022-03-16,61
2937,Holland LLC,Canada,Alaska,South Arthurhaven,Semiconductors,Active,TAX692887,rebecca74@huerta.biz,982.382.7598x7680,2024-12-03,2024-12-31,9
2938,Monroe Inc,Germany,Vermont,North Kurt,Finance,Active,TAX516577,biancaweber@levine.biz,001-734-658-7236x3628,2023-12-10,2024-11-19,69
2939,"Hogan, Gardner and Rodriguez",India,South Dakota,Meganfort,Software,Active,TAX312511,allison73@henson.com,9743511524,2023-07-19,2023-11-14,12
2940,"Yang, Adkins and Pacheco",Canada,Alaska,North Katherinetown,Finance,Inactive,TAX849646,sanchezdonna@wells.com,463.624.9487x83600,2021-12-17,2022-03-30,45
2941,"Schneider, Wood and Howard",Canada,Ohio,Port William,Healthcare,Active,TAX589887,karen17@jackson.net,001-413-588-7217,2024-01-21,2024-03-01,60
2942,Smith-Lawson,India,Nevada,Kimberlyside,Software,Prospect,TAX206594,nwillis@miller.com,(420)962-4807,2021-06-10,2022-04-14,21
2943,Robinson-Hood,India,Utah,Patrickborough,Semiconductors,Active,TAX886786,wayneburns@sosa-sanchez.com,(705)202-4090,2023-05-15,2023-09-13,66
2944,"Mccoy, Page and Lynn",Canada,Maine,Brianmouth,Finance,Active,TAX590448,nathanfranklin@cruz.com,(217)251-5418x82287,2023-10-13,2024-07-18,74
2945,Jones and Sons,Canada,Nevada,East Carrieshire,Healthcare,Active,TAX299635,jaredvelazquez@becker.com,+1-945-812-2760x78660,2022-03-23,2022-11-07,10
2946,Roberts-Caldwell,Japan,Wisconsin,South Benjaminfort,Manufacturing,Inactive,TAX422015,halldebbie@armstrong.com,828-299-8511,2022-06-26,2023-04-25,7
2947,Adams-Gonzalez,Germany,California,Lake Fredberg,Software,Prospect,TAX438713,kimberly48@vance.info,465-750-5751x9434,2021-04-08,2021-06-19,51
2948,Mason-Schultz,India,Texas,New Michaelland,Semiconductors,Active,TAX552103,wardlaura@cole-greer.com,001-204-565-3425x4228,2022-07-19,2022-12-11,7
2949,"Hernandez, Smith and Hudson",India,Tennessee,Kimtown,Software,Prospect,TAX362276,stephen68@caldwell-gonzalez.com,001-952-801-8897x61109,2021-07-28,2022-02-16,61
2950,Braun and Sons,United States,North Dakota,Colemanstad,Software,Inactive,TAX876907,michaelwarner@jones.net,(479)517-2148x688,2023-10-21,2024-09-26,66
2951,"Zimmerman, Howard and Martinez",India,Minnesota,North Kimberlyshire,Software,Active,TAX114694,patriciapowell@young-hunter.net,9486081272,2021-11-27,2022-10-20,12
2952,Smith-Miller,Japan,Delaware,West Ryanchester,Manufacturing,Prospect,TAX967510,shelbymartinez@robles.net,685-257-9393x812,2022-01-09,2022-03-02,25
2953,Hogan Group,India,Montana,Aguilarfurt,Healthcare,Active,TAX700330,amy61@mendez-johnson.com,929-771-7304x31138,2024-01-24,2024-07-16,63
2954,Solomon and Sons,Germany,California,Lake Robertville,Retail,Prospect,TAX559203,sperez@ortega-montgomery.info,277-372-1664,2022-04-24,2022-11-28,30
2955,Stanton-Flores,Japan,Michigan,West Michael,Manufacturing,Active,TAX220570,esalazar@ferguson.com,593.972.5956x16898,2023-11-22,2024-02-20,70
2956,"Stewart, Rodriguez and Spencer",United States,Delaware,East Tylerbury,Finance,Inactive,TAX130573,trusso@gomez-miles.biz,605-527-2375,2022-11-25,2023-03-22,74
2957,Torres-Olson,Germany,Utah,North Luischester,Retail,Active,TAX616765,henryamanda@klein.net,897.784.7916,2024-12-10,2024-12-31,70
2958,"May, Campbell and Green",Germany,Alaska,East Jennifer,Healthcare,Inactive,TAX813813,hernandezcynthia@zamora.com,(874)725-8915,2021-09-01,2022-04-21,62
2959,Rivera-Shelton,Germany,Georgia,Acevedomouth,Healthcare,Inactive,TAX347411,andrewwilson@shaffer.com,818-950-4890x060,2023-04-10,2023-12-31,19
2960,Gates Ltd,Japan,New York,Krauseview,Semiconductors,Inactive,TAX901674,romerodavid@acevedo.com,4927733852,2021-01-05,2021-07-16,70
2961,Johnson-Thomas,India,Montana,Mooreside,Retail,Active,TAX289214,michaelstrong@mcbride.info,817.253.6397,2022-04-04,2023-02-20,45
2962,Long PLC,India,Louisiana,New Jennifer,Software,Active,TAX512464,ernestrichards@lopez.org,371-778-3003x05644,2024-10-22,2024-12-31,47
2963,"Wheeler, Kelley and Everett",India,New York,Adrianaside,Finance,Prospect,TAX569009,pstewart@doyle.com,+1-439-202-1573,2021-08-03,2022-07-20,34
2964,"Moses, Miles and Lowery",United States,Washington,Parkberg,Software,Prospect,TAX176401,elawrence@rowland.com,001-382-504-8161,2023-12-07,2024-11-04,23
2965,Patterson and Sons,India,Oklahoma,Timothyton,Manufacturing,Active,TAX443295,watsonkaitlyn@branch.biz,(426)930-2669x803,2024-03-08,2024-09-27,59
2966,"Serrano, Clark and Mcgee",Germany,Oregon,Hamiltonburgh,Semiconductors,Prospect,TAX719323,rayjames@jones-moore.com,001-291-675-6735x0822,2023-12-31,2024-12-14,35
2967,Barrett-Watts,India,Iowa,North Brittanyview,Manufacturing,Prospect,TAX668178,charlesjoshua@bray.net,235.367.2071,2022-08-15,2023-05-21,3
2968,Fletcher-Walker,Canada,Louisiana,South Gilbert,Software,Active,TAX992204,brandonhudson@medina-smith.com,+1-815-917-4898x62206,2022-11-09,2022-11-26,78
2969,Ortiz LLC,United States,Kansas,Calebstad,Software,Prospect,TAX982653,johnchapman@haas.com,001-901-666-5151,2024-01-16,2024-08-24,77
2970,Alexander-Esparza,Germany,Wisconsin,East Emily,Finance,Prospect,TAX406045,valeriejordan@barnes.com,+1-765-403-3504x6801,2024-08-20,2024-10-25,39
2971,Pope-Sullivan,Japan,Arizona,Johnsonton,Finance,Prospect,TAX739348,xpetersen@mason.com,001-596-632-2991x94576,2023-11-15,2024-08-24,9
2972,Booth PLC,United States,Pennsylvania,Jonesbury,Finance,Inactive,TAX573813,crobinson@wilson-walker.info,001-970-361-9878x018,2024-07-06,2024-12-31,65
2973,Gilmore-Pena,United States,Oregon,West Debra,Semiconductors,Prospect,TAX786642,riverasabrina@freeman-rhodes.com,(974)320-7842,2023-06-23,2023-08-08,46
2974,Huynh-Brown,Canada,New Hampshire,Nicolefurt,Software,Prospect,TAX521164,angela67@farmer.com,+1-993-261-7590,2023-07-06,2024-01-21,62
2975,Grimes LLC,India,Connecticut,New Daniel,Retail,Active,TAX127491,wwilliams@barr-young.com,410-322-0139,2024-06-14,2024-12-31,36
2976,Johnson-Keith,India,Florida,New Nancy,Semiconductors,Prospect,TAX166564,stephenfigueroa@cross.biz,532.493.3002,2024-07-09,2024-12-31,60
2977,"Neal, Martin and Thomas",United States,Alabama,South Maryberg,Manufacturing,Inactive,TAX503150,clifford48@williams-morales.org,+1-888-224-7690x29027,2024-01-15,2024-03-31,80
2978,Merritt-Williams,United States,Oklahoma,North Mary,Healthcare,Prospect,TAX621379,kimmiranda@salas.com,+1-697-225-3983x74537,2021-11-12,2022-01-17,41
2979,Burgess Group,United States,Ohio,Karenton,Software,Inactive,TAX886185,robert32@smith.org,212.848.3827,2021-03-20,2022-02-12,69
2980,"Case, Mata and Randall",India,Maryland,Shannonview,Manufacturing,Active,TAX517955,joseph32@graham.biz,(552)530-8197,2024-08-10,2024-11-13,31
2981,"Fields, Gilbert and Cook",India,Wyoming,West Michaelberg,Retail,Inactive,TAX131350,dustin05@gutierrez.com,789.607.6131x87639,2024-09-20,2024-12-31,50
2982,"Williams, Cain and Santana",India,Florida,Lake Ericchester,Manufacturing,Inactive,TAX818916,jhansen@richards-garcia.info,001-205-270-2730x3820,2023-07-25,2024-05-11,5
2983,"Johnson, Matthews and Skinner",India,Delaware,New Brandonshire,Semiconductors,Active,TAX393178,lorimercado@mejia.com,+1-987-481-5141,2024-01-15,2024-04-14,44
2984,Richardson-Cherry,Japan,Colorado,Thompsonport,Finance,Inactive,TAX291423,brookenielsen@richardson-walker.info,2977915422,2023-12-09,2024-06-27,59
2985,"Stanley, Bautista and Erickson",United States,Iowa,Brownstad,Software,Active,TAX470168,qmurphy@sullivan.com,(260)247-2948x4220,2024-06-06,2024-11-03,24
2986,Reese and Sons,United States,Connecticut,North Ryanton,Retail,Active,TAX816728,vacosta@stevens-williams.com,2247193508,2023-12-27,2024-10-16,35
2987,Pittman-Harris,Germany,Wyoming,Vincentland,Software,Active,TAX672713,david81@pineda.com,+1-988-315-1473x99053,2024-03-18,2024-05-09,44
2988,"Reed, Woodard and Holloway",United States,Georgia,Hughesport,Finance,Active,TAX817718,boydcurtis@ramsey.biz,336-924-3419,2024-10-25,2024-12-31,24
2989,"Garrett, Park and Berry",United States,Oregon,East Brittany,Finance,Prospect,TAX606779,joseph05@flores.com,882-370-0626,2021-12-31,2022-06-24,50
2990,Grant LLC,India,Maryland,Barneston,Manufacturing,Active,TAX523259,mmontes@massey.com,267.643.3398x98525,2024-04-21,2024-08-12,29
2991,"Rios, Holt and Kelly",India,Minnesota,Nicoletown,Manufacturing,Prospect,TAX488027,janemueller@munoz.com,731-935-2148,2021-07-29,2021-11-20,65
2992,Jones-Adams,India,Wyoming,New Madisonchester,Retail,Inactive,TAX487167,christianmatthews@ayala-vance.com,357-626-5425x8660,2023-01-20,2023-02-02,63
2993,Hurst-Garcia,United States,Nevada,New Dannytown,Healthcare,Prospect,TAX440133,vevans@gomez.net,(215)808-5511x0803,2021-02-02,2021-12-11,42
2994,"Wilson, Phillips and Davis",Germany,Massachusetts,Medinaton,Retail,Inactive,TAX964930,courtneygarcia@davis.com,+1-427-910-0366x6063,2022-06-20,2022-10-12,1
2995,"Warren, Brown and Bell",India,Louisiana,Royton,Retail,Prospect,TAX225805,varmstrong@banks-love.org,252-342-7509,2024-10-15,2024-12-31,74
2996,Ballard-Garcia,India,Illinois,Scottbury,Semiconductors,Inactive,TAX728098,jamesjeffrey@combs.com,552-308-2350x9688,2023-09-19,2023-12-12,7
2997,Roberts Group,India,Illinois,Simpsonside,Retail,Inactive,TAX710247,rhonda44@barrett.com,+1-417-806-2217x894,2022-04-29,2022-09-13,5
2998,"Smith, Hernandez and Smith",India,Washington,Lake Ashley,Finance,Active,TAX513695,clairewilson@taylor-franklin.com,439.681.1210x59701,2022-09-22,2022-11-06,42
2999,"Ramirez, Hernandez and Macdonald",India,Montana,Lake Douglaschester,Semiconductors,Inactive,TAX967800,lyoung@jackson.com,001-820-395-5409x3436,2022-11-03,2023-02-14,14
3000,Pierce-Lewis,India,Montana,Watsonfurt,Software,Inactive,TAX749466,andrewjohnson@franklin.com,+1-656-676-1342x8233,2022-03-16,2022-10-16,61
